# Showcase copy; imported UVs/normals and original coordinates preserved.
# Source: user-exported Monster Hunter Wilds asset.
mtllib ../shatterseal.mtl
v 0.010232 -1.559227 0.010812
v 0.004277 -1.562482 0.000000
v 0.010104 -1.559208 0.000000
v 0.010232 -1.559227 -0.010812
v 0.005461 -1.562422 -0.013017
v 0.010583 -1.558633 -0.017431
v 0.004947 -1.562049 -0.020157
v 0.006515 -1.554646 -0.024563
v 0.010583 -1.558633 0.017431
v 0.005461 -1.562422 0.013017
v 0.004947 -1.562049 0.020157
v 0.006515 -1.554646 0.024564
v -0.014623 -1.054045 0.030859
v -0.013667 -1.052919 0.031061
v -0.014516 -1.053136 0.030719
v -0.010857 -1.044995 0.028082
v -0.009917 -1.044800 0.028399
v 0.032332 -1.050847 0.030670
v -0.012515 -1.045129 0.000000
v 0.029911 -1.044938 0.026718
v -0.013442 -1.045370 0.000000
v -0.017554 -1.047051 0.022203
v 0.031486 -1.044867 0.000000
v 0.030810 -1.045234 0.026673
v -0.017792 -1.047107 0.000000
v -0.018920 -1.053953 0.024140
v -0.019208 -1.053156 0.000000
v 0.033066 -1.050621 0.030217
v 0.033303 -1.051535 0.030550
v 0.032305 -1.045178 0.000000
v 0.035452 -1.049762 0.026401
v 0.035907 -1.050589 0.026376
v -0.019232 -1.054115 0.000000
v 0.123783 -1.485646 0.026017
v 0.035268 -1.048576 0.000000
v 0.035683 -1.049413 0.000000
v -0.018922 -1.054895 0.024266
v 0.126417 -1.485143 0.000000
v 0.126586 -1.486381 0.022609
v 0.151587 -1.625672 0.024669
v 0.062559 -1.508870 0.021755
v 0.062041 -1.509880 0.000000
v -0.014623 -1.054045 0.030859
v 0.063583 -1.501364 0.025927
v 0.154458 -1.625098 0.000000
v 0.154448 -1.625860 0.022742
v 0.064191 -1.502315 0.026023
v 0.063083 -1.509773 0.021793
v 0.062507 -1.510671 0.000000
v 0.151859 -1.626615 0.024366
v 0.150904 -1.626447 0.024688
v 0.154625 -1.626806 0.022554
v 0.154635 -1.626057 0.000000
v 0.094497 -1.531144 0.025916
v 0.090929 -1.537282 0.024522
v 0.091460 -1.538440 0.000000
v 0.152932 -1.634979 0.019917
v 0.153846 -1.634937 0.019855
v 0.155823 -1.634047 0.019524
v 0.156012 -1.634332 0.000000
v 0.154110 -1.635193 0.000000
v 0.153200 -1.635250 0.000000
v 0.095029 -1.532162 0.025883
v 0.091497 -1.538108 0.024541
v 0.091997 -1.539213 0.000000
v 0.122004 -1.615376 0.024645
v 0.117723 -1.614501 0.021458
v 0.118173 -1.617051 0.000000
v 0.118197 -1.615361 0.021303
v 0.118712 -1.617835 0.000000
v 0.122179 -1.616205 0.024281
v 0.122347 -1.620589 0.019478
v 0.123065 -1.616362 0.024596
v 0.123181 -1.621169 0.019348
v 0.123569 -1.621878 0.000000
v 0.150904 -1.626447 0.024688
v 0.124399 -1.622329 0.000000
v 0.152932 -1.634979 0.019917
v 0.153200 -1.635250 0.000000
v 0.124399 -1.622329 0.000000
v 0.152932 -1.634979 -0.019917
v 0.153200 -1.635250 0.000000
v 0.123181 -1.621169 -0.019348
v 0.123569 -1.621878 0.000000
v 0.150904 -1.626447 -0.024688
v 0.123065 -1.616362 -0.024595
v 0.122179 -1.616205 -0.024281
v 0.122347 -1.620589 -0.019478
v 0.118712 -1.617835 0.000000
v 0.118197 -1.615361 -0.021303
v 0.122004 -1.615376 -0.024645
v 0.118173 -1.617051 0.000000
v 0.117723 -1.614501 -0.021458
v 0.091997 -1.539213 0.000000
v 0.091497 -1.538108 -0.024541
v 0.095029 -1.532162 -0.025883
v 0.091460 -1.538440 0.000000
v 0.090929 -1.537282 -0.024522
v 0.094497 -1.531144 -0.025916
v 0.063083 -1.509773 -0.021792
v 0.062507 -1.510671 0.000000
v 0.064191 -1.502315 -0.026023
v 0.062559 -1.508870 -0.021755
v 0.062041 -1.509880 0.000000
v 0.063583 -1.501364 -0.025926
v -0.018922 -1.054895 -0.024266
v -0.019232 -1.054115 0.000000
v -0.014623 -1.054045 -0.030859
v -0.014516 -1.053136 -0.030719
v -0.018920 -1.053953 -0.024139
v -0.019208 -1.053156 0.000000
v -0.017554 -1.047051 -0.022203
v -0.017792 -1.047107 0.000000
v -0.013442 -1.045370 0.000000
v -0.010857 -1.044995 -0.028082
v -0.013667 -1.052919 -0.031061
v -0.014623 -1.054045 -0.030859
v -0.012515 -1.045129 0.000000
v -0.009917 -1.044800 -0.028399
v 0.032332 -1.050847 -0.030670
v 0.029911 -1.044938 -0.026718
v 0.031486 -1.044867 0.000000
v 0.030810 -1.045234 -0.026672
v 0.032305 -1.045178 0.000000
v 0.033066 -1.050621 -0.030217
v 0.035452 -1.049762 -0.026401
v 0.033303 -1.051535 -0.030549
v 0.035907 -1.050589 -0.026376
v 0.035268 -1.048576 0.000000
v 0.035683 -1.049413 0.000000
v 0.123783 -1.485646 -0.026017
v 0.126417 -1.485143 0.000000
v 0.126586 -1.486381 -0.022608
v 0.151587 -1.625672 -0.024669
v 0.154458 -1.625098 0.000000
v 0.154448 -1.625860 -0.022741
v 0.151859 -1.626615 -0.024366
v 0.154625 -1.626806 -0.022554
v 0.150904 -1.626447 -0.024688
v 0.154635 -1.626057 0.000000
v 0.152932 -1.634979 -0.019917
v 0.153846 -1.634937 -0.019854
v 0.155823 -1.634047 -0.019524
v 0.156012 -1.634332 0.000000
v 0.154110 -1.635193 0.000000
v 0.153200 -1.635250 0.000000
v 0.129360 -2.080338 0.000000
v 0.125659 -2.078896 0.018360
v 0.128991 -2.081790 0.019190
v 0.126722 -2.078983 0.000000
v 0.113416 -2.081056 0.017364
v 0.113543 -2.081049 0.000000
v 0.112750 -2.081125 0.017292
v 0.112884 -2.081118 0.000000
v 0.110876 -2.082038 0.017004
v 0.111294 -2.081883 0.000000
v 0.110577 -2.082184 0.016958
v 0.111052 -2.081999 0.000000
v 0.131819 -2.077403 0.000000
v 0.128991 -2.081790 0.019190
v 0.132011 -2.077173 0.019935
v 0.129360 -2.080338 0.000000
v 0.134316 -1.864322 0.020755
v 0.131819 -2.077403 0.000000
v 0.132011 -2.077173 0.019935
v 0.134267 -1.861142 0.000000
v 0.134308 -1.863619 0.020754
v 0.134255 -1.860432 0.000000
v 0.135431 -1.863915 0.022621
v 0.135425 -1.864638 0.022600
v 0.132011 -2.077173 0.019935
v 0.135521 -1.824239 0.023075
v 0.134680 -2.078709 0.020433
v 0.128991 -2.081790 0.019190
v 0.133471 -1.823847 0.020466
v 0.133471 -1.823847 0.020466
v 0.132913 -1.822341 0.000000
v 0.105092 -1.714213 0.023618
v 0.130383 -2.086469 0.020203
v 0.101274 -1.716757 0.022290
v 0.101274 -1.716757 0.022290
v 0.101164 -1.717010 0.000000
v 0.113593 -2.085303 0.020363
v 0.125659 -2.078896 0.018360
v 0.065184 -1.601316 0.023004
v 0.068601 -1.599644 0.025462
v 0.064782 -1.601134 0.000000
v 0.065184 -1.601316 0.023004
v 0.113416 -2.081056 0.017364
v 0.112804 -2.085253 0.020293
v 0.065188 -1.600626 0.022993
v 0.068571 -1.598939 0.025437
v 0.065188 -1.600626 0.022993
v 0.064795 -1.600464 0.000000
v 0.112750 -2.081125 0.017292
v 0.077682 -1.568118 0.024700
v 0.076949 -1.565010 0.021706
v 0.076949 -1.565010 0.021706
v 0.077477 -1.565332 0.000000
v 0.110876 -2.082038 0.017004
v 0.111513 -2.085295 0.019908
v 0.111109 -2.085188 0.019397
v 0.110577 -2.082184 0.016958
v 0.078164 -1.567980 0.024704
v 0.076949 -1.565010 0.021706
v 0.077391 -1.564885 0.021705
v 0.109137 -1.593678 0.023093
v 0.077391 -1.564885 0.021705
v 0.109272 -1.598053 0.025458
v 0.109601 -1.594380 0.023105
v 0.109805 -1.598842 0.025395
v 0.135500 -1.681568 0.022665
v 0.134258 -1.683672 0.024312
v 0.110539 -1.595933 0.000000
v 0.137799 -1.681837 0.000000
v 0.110162 -1.595365 0.000000
v 0.109137 -1.593678 0.023093
v 0.077858 -1.565234 0.000000
v 0.077391 -1.564885 0.021705
v 0.165963 -1.693522 0.022099
v 0.164619 -1.691237 0.000000
v 0.163860 -1.691079 0.022410
v -0.459832 -0.132075 0.000279
v -0.455691 -0.136120 0.000000
v -0.459964 -0.131923 0.000000
v -0.455500 -0.136334 0.000375
v -0.394983 -0.200481 0.039059
v -0.455122 -0.136702 0.000000
v -0.391828 -0.201133 0.033082
v -0.391574 -0.201434 0.033148
v -0.394713 -0.200797 0.039095
v -0.391495 -0.201437 0.032812
v -0.391759 -0.201131 0.032728
v -0.234037 -0.380917 0.011735
v -0.239483 -0.384951 0.016247
v -0.391402 -0.200872 0.000000
v -0.391670 -0.200567 0.000000
v -0.233771 -0.380919 0.011423
v -0.233256 -0.375902 0.000000
v -0.391759 -0.201131 -0.032728
v -0.391495 -0.201437 -0.032812
v -0.239282 -0.385324 0.016206
v -0.233727 -0.381207 0.011605
v -0.223532 -0.391180 0.004583
v -0.223498 -0.386331 0.000000
v -0.233771 -0.380919 -0.011423
v -0.223439 -0.391621 0.004697
v -0.230168 -0.410946 0.015858
v -0.223358 -0.386713 0.000000
v -0.223532 -0.391180 -0.004583
v -0.235652 -0.413164 0.020545
v -0.391828 -0.201133 -0.033082
v -0.234037 -0.380917 -0.011735
v -0.233727 -0.381207 -0.011605
v -0.223439 -0.391621 -0.004697
v -0.226342 -0.411408 0.000000
v -0.227769 -0.411139 0.010046
v -0.237089 -0.430376 0.008890
v -0.251489 -0.436059 0.020839
v -0.239282 -0.385324 -0.016206
v -0.230168 -0.410946 -0.015858
v -0.227769 -0.411139 -0.010046
v -0.235244 -0.430202 0.000000
v -0.237089 -0.430376 -0.008890
v -0.235652 -0.413164 -0.020545
v -0.247994 -0.440243 0.016278
v -0.246480 -0.446330 0.000000
v -0.256858 -0.445983 0.012454
v -0.267750 -0.436702 0.022383
v -0.251489 -0.436059 -0.020839
v -0.247994 -0.440243 -0.016278
v -0.256858 -0.445983 -0.012453
v -0.254103 -0.449021 0.000000
v -0.257219 -0.446068 0.012315
v -0.254494 -0.449066 0.000000
v -0.268289 -0.436651 0.022417
v -0.267750 -0.436702 -0.022383
v -0.257219 -0.446068 -0.012315
v -0.259832 -0.448512 0.000000
v -0.263887 -0.445405 0.010018
v -0.268289 -0.436651 -0.022417
v -0.263887 -0.445405 -0.010018
v -0.260218 -0.448378 0.000000
v -0.272560 -0.439589 0.017165
v -0.360691 -0.376893 0.036960
v -0.272725 -0.439633 0.016857
v -0.264165 -0.445347 0.009765
v -0.361622 -0.378910 0.034079
v -0.268484 -0.443024 0.000000
v -0.264165 -0.445347 -0.009765
v -0.272725 -0.439633 -0.016857
v -0.272560 -0.439589 -0.017165
v -0.278282 -0.436270 0.000000
v -0.361694 -0.379055 0.033776
v -0.361011 -0.376690 0.036877
v -0.361941 -0.378686 0.034011
v -0.361622 -0.378910 -0.034079
v -0.361694 -0.379055 -0.033775
v -0.362365 -0.380561 0.000000
v -0.362032 -0.378823 0.033655
v -0.412928 -0.341800 0.000349
v -0.415173 -0.339588 0.000318
v -0.360691 -0.376893 -0.036960
v -0.361011 -0.376690 -0.036877
v -0.361941 -0.378686 -0.034011
v -0.362032 -0.378823 -0.033655
v -0.362697 -0.380327 0.000000
v -0.412539 -0.342158 0.000000
v -0.413106 -0.341680 0.000000
v -0.412928 -0.341800 -0.000349
v -0.415337 -0.339484 0.000000
v -0.415173 -0.339588 -0.000318
v -0.413106 -0.341680 0.000000
v -0.415337 -0.339484 0.000000
v -0.455691 -0.136120 0.000000
v -0.459832 -0.132075 -0.000279
v -0.459964 -0.131923 0.000000
v -0.455500 -0.136334 -0.000375
v -0.394983 -0.200481 -0.039059
v -0.391574 -0.201434 -0.033148
v -0.394713 -0.200797 -0.039095
v -0.239483 -0.384951 -0.016247
v -0.309219 -0.610331 0.000285
v -0.309347 -0.610395 0.000000
v -0.309168 -0.610548 0.000000
v -0.309020 -0.610479 0.000316
v -0.270406 -0.590821 0.035388
v -0.309021 -0.610665 0.000000
v -0.270204 -0.592488 0.033557
v -0.270116 -0.592911 0.000000
v -0.269741 -0.592756 0.000000
v -0.269832 -0.592348 0.033659
v -0.270055 -0.590672 0.035479
v -0.196904 -0.565039 0.020423
v -0.198030 -0.564487 0.021822
v -0.198359 -0.565906 0.000000
v -0.197651 -0.564282 0.021767
v -0.196487 -0.564866 0.020343
v -0.197978 -0.565763 0.000000
v -0.192392 -0.563014 0.019525
v -0.184589 -0.554515 0.020522
v -0.192052 -0.563543 0.000000
v -0.186756 -0.561229 0.016318
v -0.186916 -0.561546 0.000000
v -0.182128 -0.555229 0.000000
v -0.182628 -0.555751 0.017145
v -0.178609 -0.547544 0.010841
v -0.178677 -0.548360 0.000000
v -0.178470 -0.546653 0.011155
v -0.189035 -0.544395 0.022179
v -0.178178 -0.546507 0.000000
v -0.180739 -0.542545 0.000000
v -0.179901 -0.542581 0.011405
v -0.181019 -0.542264 0.000000
v -0.180192 -0.542261 0.011560
v -0.189347 -0.544115 0.022243
v -0.182720 -0.541157 0.000000
v -0.183496 -0.541145 0.013833
v -0.190427 -0.539208 0.000000
v -0.190764 -0.539538 0.020380
v -0.282438 -0.523166 0.036565
v -0.282605 -0.519461 0.000000
v -0.283127 -0.519665 0.036330
v -0.282795 -0.523086 0.036477
v -0.283500 -0.519598 0.036240
v -0.283004 -0.519392 0.000000
v -0.329838 -0.515132 0.000256
v -0.329754 -0.514908 0.000270
v -0.329801 -0.514771 0.000000
v -0.329971 -0.515110 0.000000
v -0.329893 -0.514893 0.000000
v -0.309347 -0.610395 0.000000
v -0.309219 -0.610331 -0.000285
v -0.309168 -0.610548 0.000000
v -0.309020 -0.610479 -0.000316
v -0.270406 -0.590821 -0.035388
v -0.309021 -0.610665 0.000000
v -0.270204 -0.592488 -0.033557
v -0.270116 -0.592911 0.000000
v -0.269832 -0.592348 -0.033658
v -0.269741 -0.592756 0.000000
v -0.270055 -0.590672 -0.035479
v -0.198030 -0.564487 -0.021822
v -0.196904 -0.565039 -0.020423
v -0.198359 -0.565906 0.000000
v -0.197651 -0.564282 -0.021767
v -0.196487 -0.564866 -0.020343
v -0.197978 -0.565763 0.000000
v -0.192392 -0.563014 -0.019525
v -0.184589 -0.554515 -0.020522
v -0.192052 -0.563543 0.000000
v -0.186756 -0.561229 -0.016318
v -0.186916 -0.561546 0.000000
v -0.182628 -0.555751 -0.017145
v -0.182128 -0.555229 0.000000
v 0.166439 -1.693641 0.000000
v 0.166262 -1.694143 0.022064
v 0.166718 -1.694265 0.000000
v 0.191395 -1.825841 0.021720
v 0.192046 -1.826971 0.000000
v 0.191639 -1.826494 0.021619
v 0.192293 -1.827620 0.000000
v 0.215943 -1.867453 0.007821
v 0.216093 -1.867537 0.000000
v 0.216411 -1.867946 0.007508
v 0.216572 -1.868022 0.000000
v 0.226099 -1.873808 0.000000
v 0.227655 -1.874935 0.000505
v 0.227929 -1.875084 0.000000
v 0.215723 -1.868478 0.008422
v 0.215943 -1.867453 0.007821
v 0.215165 -1.868051 0.008800
v 0.190790 -1.826892 0.022572
v 0.191639 -1.826494 0.021619
v 0.190535 -1.826241 0.022683
v 0.191395 -1.825841 0.021720
v 0.164182 -1.695075 0.023974
v 0.166262 -1.694143 0.022064
v 0.165963 -1.693522 0.022099
v 0.163867 -1.694449 0.024022
v 0.163495 -1.694941 0.024196
v 0.163860 -1.691079 0.022410
v 0.134258 -1.683672 0.024312
v 0.135500 -1.681568 0.022665
v 0.163860 -1.691079 0.022410
v 0.137799 -1.681837 0.000000
v 0.135500 -1.681568 0.022665
v 0.164619 -1.691237 0.000000
v 0.077391 -1.564885 0.021705
v 0.077477 -1.565332 0.000000
v 0.076949 -1.565010 0.021706
v 0.077858 -1.565234 0.000000
v 0.111513 -2.085295 0.019908
v 0.116263 -2.223539 0.018661
v 0.112804 -2.085253 0.020293
v 0.115063 -2.223417 0.017515
v 0.115872 -2.224307 0.018176
v 0.114972 -2.224068 0.017341
v 0.105133 -2.250390 0.000381
v 0.114830 -2.223362 0.016994
v 0.111513 -2.085295 0.019908
v 0.111109 -2.085188 0.019397
v 0.110656 -2.086390 0.000000
v 0.114710 -2.224026 0.016738
v 0.114829 -2.223362 0.000000
v 0.114705 -2.224040 0.000000
v 0.104388 -2.249412 0.000000
v 0.104473 -2.250315 0.000000
v 0.104473 -2.250315 0.000000
v 0.104388 -2.249412 0.000000
v 0.105047 -2.250599 0.000000
v 0.104473 -2.250315 0.000000
v 0.114710 -2.224026 -0.016737
v 0.114829 -2.223362 0.000000
v 0.114830 -2.223362 -0.016993
v 0.110656 -2.086390 0.000000
v 0.114972 -2.224068 -0.017340
v 0.104388 -2.249412 0.000000
v 0.104473 -2.250315 0.000000
v 0.115063 -2.223417 -0.017515
v 0.111513 -2.085295 -0.019908
v 0.111109 -2.085188 -0.019397
v 0.110577 -2.082183 -0.016958
v 0.111052 -2.081999 0.000000
v 0.115872 -2.224307 -0.018176
v 0.105133 -2.250390 -0.000381
v 0.104473 -2.250315 0.000000
v 0.116263 -2.223539 -0.018661
v 0.111513 -2.085295 -0.019908
v 0.110656 -2.086390 0.000000
v 0.110577 -2.082184 0.016958
v 0.111109 -2.085188 0.019397
v 0.128991 -2.081790 -0.019189
v 0.129360 -2.080338 0.000000
v 0.131819 -2.077403 0.000000
v 0.132011 -2.077173 -0.019935
v 0.163860 -1.691079 -0.022410
v 0.137799 -1.681837 0.000000
v 0.164619 -1.691237 0.000000
v 0.135500 -1.681568 -0.022664
v 0.135500 -1.681568 -0.022664
v 0.110539 -1.595933 0.000000
v 0.137799 -1.681837 0.000000
v 0.109601 -1.594380 -0.023105
v 0.110162 -1.595365 0.000000
v 0.109805 -1.598842 -0.025394
v 0.134258 -1.683672 -0.024311
v 0.109272 -1.598053 -0.025458
v 0.109137 -1.593678 -0.023092
v 0.109137 -1.593678 -0.023092
v 0.077858 -1.565234 0.000000
v 0.078164 -1.567980 -0.024703
v 0.077391 -1.564885 -0.021705
v 0.077391 -1.564885 -0.021705
v 0.111294 -2.081883 0.000000
v 0.110577 -2.082183 -0.016958
v 0.111052 -2.081999 0.000000
v 0.110876 -2.082037 -0.017004
v 0.112884 -2.081118 0.000000
v 0.112750 -2.081125 -0.017292
v 0.113543 -2.081049 0.000000
v 0.113416 -2.081056 -0.017364
v 0.126722 -2.078983 0.000000
v 0.125659 -2.078896 -0.018360
v 0.129360 -2.080338 0.000000
v 0.128991 -2.081790 -0.019189
v 0.076949 -1.565010 -0.021706
v 0.064795 -1.600464 0.000000
v 0.077477 -1.565332 0.000000
v 0.065188 -1.600626 -0.022993
v 0.064782 -1.601134 0.000000
v 0.065184 -1.601316 -0.023004
v 0.101274 -1.716757 -0.022290
v 0.101164 -1.717010 0.000000
v 0.132913 -1.822341 0.000000
v 0.133471 -1.823847 -0.020466
v 0.134255 -1.860432 0.000000
v 0.134308 -1.863619 -0.020753
v 0.134267 -1.861142 0.000000
v 0.134316 -1.864322 -0.020755
v 0.131819 -2.077403 0.000000
v 0.132011 -2.077173 -0.019935
v 0.135431 -1.863915 -0.022621
v 0.135521 -1.824239 -0.023075
v 0.133471 -1.823847 -0.020466
v 0.135425 -1.864638 -0.022600
v 0.132011 -2.077173 -0.019935
v 0.105092 -1.714213 -0.023618
v 0.101274 -1.716757 -0.022290
v 0.134680 -2.078709 -0.020433
v 0.128991 -2.081790 -0.019189
v 0.065184 -1.601316 -0.023004
v 0.068601 -1.599644 -0.025461
v 0.130383 -2.086469 -0.020202
v 0.065188 -1.600626 -0.022993
v 0.068571 -1.598939 -0.025436
v 0.113593 -2.085303 -0.020363
v 0.125659 -2.078896 -0.018360
v 0.077682 -1.568118 -0.024699
v 0.076949 -1.565010 -0.021706
v 0.113416 -2.081056 -0.017364
v 0.112804 -2.085253 -0.020293
v 0.112750 -2.081125 -0.017292
v 0.110876 -2.082037 -0.017004
v 0.111513 -2.085295 -0.019908
v 0.111109 -2.085188 -0.019397
v 0.110577 -2.082183 -0.016958
v 0.077391 -1.564885 -0.021705
v 0.077477 -1.565332 0.000000
v 0.077858 -1.565234 0.000000
v 0.076949 -1.565010 -0.021706
v 0.105047 -2.250599 0.000000
v 0.104473 -2.250315 0.000000
v 0.105133 -2.250390 -0.000381
v 0.227655 -1.874935 -0.000505
v 0.226099 -1.873808 0.000000
v 0.227929 -1.875084 0.000000
v 0.216411 -1.867946 -0.007508
v 0.215723 -1.868478 -0.008422
v 0.216572 -1.868022 0.000000
v 0.216093 -1.867537 0.000000
v 0.215943 -1.867453 -0.007820
v 0.215943 -1.867453 -0.007820
v 0.215165 -1.868051 -0.008800
v 0.192293 -1.827620 0.000000
v 0.191639 -1.826494 -0.021619
v 0.190790 -1.826892 -0.022572
v 0.191639 -1.826494 -0.021619
v 0.192046 -1.826971 0.000000
v 0.191395 -1.825841 -0.021720
v 0.190535 -1.826241 -0.022683
v 0.191395 -1.825841 -0.021720
v 0.166718 -1.694265 0.000000
v 0.166262 -1.694143 -0.022064
v 0.164182 -1.695075 -0.023974
v 0.166262 -1.694143 -0.022064
v 0.166439 -1.693641 0.000000
v 0.165963 -1.693522 -0.022099
v 0.165963 -1.693522 -0.022099
v 0.164619 -1.691237 0.000000
v 0.163860 -1.691079 -0.022410
v 0.163867 -1.694449 -0.024022
v 0.163495 -1.694941 -0.024196
v 0.163860 -1.691079 -0.022410
v 0.134258 -1.683672 -0.024311
v 0.135500 -1.681568 -0.022664
v 0.076949 -1.565010 -0.021706
v 0.078164 -1.567980 -0.024703
v 0.077682 -1.568118 -0.024699
v 0.077391 -1.564885 -0.021705
v 0.111513 -2.085295 -0.019908
v 0.112804 -2.085253 -0.020293
v 0.116263 -2.223539 -0.018661
v -0.008165 -2.304776 0.000000
v -0.024587 -2.280105 0.019109
v -0.009399 -2.303949 0.000000
v -0.025488 -2.279020 0.016632
v -0.024722 -2.279735 0.019202
v -0.025537 -2.278858 0.000000
v -0.025621 -2.278657 0.016729
v -0.025680 -2.278487 0.000000
v -0.073201 -2.005248 0.018227
v -0.073139 -2.005703 0.000000
v -0.070597 -2.001356 0.022127
v -0.074485 -1.997588 0.018251
v -0.074420 -1.998062 0.000000
v -0.073201 -2.005248 -0.018227
v -0.025621 -2.278657 -0.016729
v -0.071394 -1.993829 0.022214
v -0.076060 -1.987090 0.016877
v -0.025488 -2.279020 -0.016631
v -0.025537 -2.278858 0.000000
v -0.024722 -2.279735 -0.019202
v -0.070597 -2.001356 -0.022127
v -0.074485 -1.997588 -0.018251
v -0.075964 -1.987028 0.000000
v -0.076060 -1.987090 -0.016877
v -0.070080 -1.992232 0.022151
v -0.071245 -1.985353 0.017106
v -0.071506 -1.985281 0.000000
v -0.071394 -1.993829 -0.022213
v -0.024587 -2.280105 -0.019108
v -0.009399 -2.303949 0.000000
v -0.071506 -1.985281 0.000000
v -0.070080 -1.992232 -0.022151
v -0.071245 -1.985353 -0.017105
v -0.070828 -1.985417 0.017234
v -0.071153 -1.985334 0.000000
v -0.069714 -1.992105 0.022176
v -0.008165 -2.304776 0.000000
v -0.071153 -1.985334 0.000000
v -0.070828 -1.985417 -0.017234
v -0.069714 -1.992105 -0.022175
v -0.067504 -1.989560 0.020631
v -0.066383 -1.990847 0.000000
v -0.065401 -1.994891 0.022692
v -0.066383 -1.990847 0.000000
v -0.067504 -1.989560 -0.020631
v -0.065401 -1.994891 -0.022692
v 0.016055 -2.057273 0.021192
v 0.020269 -2.057877 0.018333
v 0.021067 -2.057416 0.000000
v 0.016055 -2.057273 -0.021191
v 0.020269 -2.057877 -0.018333
v 0.021067 -2.057416 0.000000
v 0.017695 -2.063231 0.021151
v 0.022632 -2.063617 0.018688
v 0.022630 -2.063368 0.000000
v 0.017695 -2.063231 -0.021151
v 0.022632 -2.063617 -0.018688
v 0.073621 -2.281261 0.000000
v 0.071208 -2.281473 0.018855
v 0.073832 -2.282016 0.017830
v 0.071208 -2.281473 -0.018855
v 0.073832 -2.282016 -0.017830
v -0.178609 -0.547544 -0.010841
v -0.178470 -0.546653 -0.011155
v -0.189035 -0.544395 -0.022179
v -0.178677 -0.548360 0.000000
v -0.178178 -0.546507 0.000000
v -0.179901 -0.542581 -0.011405
v -0.180739 -0.542545 0.000000
v -0.180192 -0.542261 -0.011560
v -0.181019 -0.542264 0.000000
v -0.189347 -0.544115 -0.022243
v -0.183496 -0.541145 -0.013833
v -0.182720 -0.541157 0.000000
v -0.190427 -0.539208 0.000000
v -0.190764 -0.539538 -0.020380
v -0.282438 -0.523166 -0.036565
v -0.282605 -0.519461 0.000000
v -0.283127 -0.519665 -0.036330
v -0.282795 -0.523086 -0.036477
v -0.283500 -0.519598 -0.036240
v -0.283004 -0.519392 0.000000
v -0.329838 -0.515132 -0.000256
v -0.329754 -0.514908 -0.000270
v -0.329801 -0.514771 0.000000
v -0.329971 -0.515110 0.000000
v -0.329893 -0.514893 0.000000
v -0.335576 -0.635993 0.000333
v -0.298400 -0.623242 0.000000
v -0.335653 -0.636024 0.000000
v -0.299691 -0.623587 0.004252
v -0.319693 -0.630846 0.013999
v -0.299323 -0.623491 0.004457
v -0.299689 -0.623587 0.004657
v -0.298002 -0.623139 0.000000
v -0.294777 -0.622414 0.034845
v -0.319395 -0.630764 0.014249
v -0.294323 -0.622297 0.035115
v -0.238192 -0.608714 0.004606
v -0.294271 -0.622902 0.035316
v -0.319554 -0.631422 0.014339
v -0.238829 -0.608859 0.000000
v -0.319841 -0.631499 0.014100
v -0.335576 -0.635993 0.000333
v -0.293907 -0.622822 0.035409
v -0.236716 -0.608658 0.023904
v -0.211618 -0.605737 0.000000
v -0.212709 -0.605985 0.010296
v -0.218664 -0.607347 0.018348
v -0.235241 -0.610823 0.025129
v -0.335605 -0.636286 0.000272
v -0.335653 -0.636024 0.000000
v -0.209023 -0.607367 0.009677
v -0.216546 -0.608912 0.018595
v -0.219429 -0.613186 0.022220
v -0.209017 -0.607205 0.000000
v -0.335736 -0.636320 0.000000
v -0.206087 -0.617993 0.007089
v -0.208039 -0.616439 0.012280
v -0.214455 -0.614376 0.019745
v -0.207431 -0.620032 0.011391
v -0.218209 -0.616943 0.022249
v -0.211328 -0.625531 0.015756
v -0.207062 -0.630339 0.009076
v -0.205676 -0.619119 0.000000
v -0.205316 -0.629702 0.000000
v -0.218837 -0.631443 0.022601
v -0.211378 -0.635076 0.015968
v -0.211579 -0.636184 0.007121
v -0.205353 -0.629715 0.000000
v -0.211723 -0.636332 0.000000
v -0.216864 -0.641594 0.007240
v -0.216400 -0.641120 0.000000
v -0.214566 -0.638685 0.019555
v -0.214471 -0.638850 0.019284
v -0.221203 -0.646029 0.009179
v -0.221937 -0.643779 0.000000
v -0.218809 -0.643238 0.021655
v -0.218995 -0.643233 0.021990
v -0.221337 -0.643698 0.023140
v -0.283121 -0.709653 0.010048
v -0.284335 -0.710893 0.000000
v -0.285461 -0.716049 0.031955
v -0.285552 -0.715972 0.032268
v -0.283400 -0.709954 0.010065
v -0.286678 -0.714055 0.034728
v -0.284611 -0.711192 0.000000
v -0.285746 -0.716349 0.031977
v -0.285834 -0.716264 0.032289
v -0.286913 -0.714521 0.034574
v -0.289731 -0.717943 0.032220
v -0.290176 -0.718611 0.031885
v -0.312842 -0.743445 0.013349
v -0.312700 -0.743362 0.000000
v -0.313183 -0.743638 0.013147
v -0.312842 -0.743445 -0.013349
v -0.283400 -0.709954 -0.010065
v -0.284335 -0.710893 0.000000
v -0.313036 -0.743537 0.000000
v -0.328379 -0.745110 0.000375
v -0.313183 -0.743638 -0.013147
v -0.313036 -0.743537 0.000000
v -0.290176 -0.718611 -0.031885
v -0.328563 -0.745127 0.000000
v -0.285746 -0.716349 -0.031977
v -0.285461 -0.716049 -0.031955
v -0.283121 -0.709653 -0.010048
v -0.328379 -0.745110 -0.000375
v -0.328563 -0.745127 0.000000
v -0.221203 -0.646029 -0.009179
v -0.221937 -0.643779 0.000000
v -0.218809 -0.643238 -0.021655
v -0.289731 -0.717943 -0.032220
v -0.285834 -0.716264 -0.032289
v -0.218995 -0.643233 -0.021990
v -0.285552 -0.715972 -0.032268
v -0.286913 -0.714521 -0.034574
v -0.214471 -0.638850 -0.019284
v -0.216864 -0.641594 -0.007240
v -0.214566 -0.638685 -0.019555
v -0.216400 -0.641120 0.000000
v -0.211378 -0.635076 -0.015968
v -0.211579 -0.636184 -0.007121
v -0.218837 -0.631443 -0.022601
v -0.221337 -0.643698 -0.023140
v -0.286678 -0.714055 -0.034728
v -0.211723 -0.636332 0.000000
v -0.211328 -0.625531 -0.015756
v -0.207062 -0.630339 -0.009076
v -0.205353 -0.629715 0.000000
v -0.218209 -0.616943 -0.022248
v -0.214455 -0.614376 -0.019745
v -0.207431 -0.620032 -0.011391
v -0.206087 -0.617993 -0.007089
v -0.205316 -0.629702 0.000000
v -0.208039 -0.616439 -0.012280
v -0.219429 -0.613186 -0.022220
v -0.216546 -0.608912 -0.018595
v -0.209023 -0.607367 -0.009677
v -0.209017 -0.607205 0.000000
v -0.205676 -0.619119 0.000000
v -0.218664 -0.607347 -0.018348
v -0.212709 -0.605985 -0.010296
v -0.211618 -0.605737 0.000000
v -0.235241 -0.610823 -0.025129
v -0.238192 -0.608714 -0.004606
v -0.236716 -0.608658 -0.023904
v -0.238829 -0.608859 0.000000
v -0.293907 -0.622822 -0.035409
v -0.294323 -0.622297 -0.035115
v -0.299323 -0.623491 -0.004457
v -0.298002 -0.623139 0.000000
v -0.294271 -0.622902 -0.035316
v -0.294777 -0.622414 -0.034845
v -0.298400 -0.623242 0.000000
v -0.299689 -0.623587 -0.004657
v -0.299691 -0.623587 -0.004252
v -0.319395 -0.630764 -0.014249
v -0.319693 -0.630846 -0.013999
v -0.335576 -0.635993 -0.000333
v -0.319554 -0.631422 -0.014338
v -0.319841 -0.631499 -0.014099
v -0.335653 -0.636024 0.000000
v -0.335605 -0.636286 -0.000271
v -0.335605 -0.636286 -0.000271
v -0.335736 -0.636320 0.000000
v -0.335653 -0.636024 0.000000
v -0.335576 -0.635993 -0.000333
v -0.302102 -0.772999 0.000000
v -0.303238 -0.773396 0.000000
v -0.303082 -0.773391 0.000317
v -0.287688 -0.771987 0.012114
v -0.288794 -0.772063 0.000000
v -0.287147 -0.772850 0.013632
v -0.287405 -0.771865 0.012340
v -0.287963 -0.771980 0.000000
v -0.262464 -0.743758 0.000000
v -0.262484 -0.743840 0.031167
v -0.262027 -0.744227 0.033504
v -0.261991 -0.743225 0.000000
v -0.261905 -0.743190 0.031602
v -0.261187 -0.743631 0.033801
v -0.187824 -0.662960 0.020406
v -0.187409 -0.662359 0.000000
v 0.071598 -2.281948 0.018633
v 0.074038 -2.282419 0.017692
v 0.071598 -2.281948 -0.018633
v 0.074038 -2.282419 -0.017692
v 0.073801 -2.281616 0.000000
v 0.073801 -2.281616 0.000000
v 0.093283 -2.306284 0.000000
v 0.093334 -2.305381 0.000000
v 0.093283 -2.306284 0.000000
v 0.093334 -2.305381 0.000000
v 0.012013 -1.976272 0.018738
v 0.015416 -1.980378 0.021005
v 0.012716 -1.972206 0.018033
v 0.011845 -1.976544 0.000000
v 0.068527 -2.196465 0.017816
v 0.068246 -2.196882 0.000000
v 0.012716 -1.972206 0.018033
v 0.012013 -1.976272 0.018738
v 0.012989 -1.972111 0.000000
v 0.015416 -1.980378 0.021005
v 0.068688 -2.196809 0.017715
v 0.069058 -2.196755 0.018692
v 0.068423 -2.197235 0.000000
v 0.013257 -1.972084 0.000000
v 0.015676 -1.980233 0.021052
v 0.013040 -1.972129 0.018089
v 0.069220 -2.197105 0.018614
v 0.087670 -2.222384 0.000321
v 0.087575 -2.222250 0.000000
v 0.097357 -2.049225 0.000000
v 0.098410 -2.050217 0.019433
v 0.097063 -2.056008 0.020257
v 0.102050 -2.053920 0.017216
v 0.087867 -2.222211 0.000000
v 0.087929 -2.222308 0.000317
v 0.102046 -2.053965 0.000000
v 0.097188 -2.056393 0.020247
v 0.102475 -2.063259 0.000000
v 0.102269 -2.060977 0.019045
v 0.101807 -2.193687 0.018003
v 0.099795 -2.196052 0.018681
v 0.101698 -2.193622 0.000000
v 0.101910 -2.196395 0.016749
v 0.101749 -2.196570 0.000000
v 0.101817 -2.196781 0.016685
v 0.099728 -2.196464 0.018585
v 0.101673 -2.196958 0.000000
v 0.100369 -2.200031 0.000000
v 0.100708 -2.198932 0.016973
v 0.087929 -2.222308 0.000317
v 0.087867 -2.222211 0.000000
v 0.101817 -2.196781 -0.016685
v 0.101749 -2.196570 0.000000
v 0.100369 -2.200031 0.000000
v 0.101910 -2.196395 -0.016748
v 0.101698 -2.193622 0.000000
v 0.099795 -2.196052 -0.018680
v 0.101807 -2.193687 -0.018003
v 0.099728 -2.196464 -0.018585
v 0.100708 -2.198932 -0.016972
v 0.087867 -2.222211 0.000000
v 0.102475 -2.063259 0.000000
v 0.097188 -2.056393 -0.020247
v 0.102269 -2.060977 -0.019044
v 0.102050 -2.053920 -0.017215
v 0.097063 -2.056008 -0.020257
v 0.098410 -2.050217 -0.019433
v 0.097357 -2.049225 0.000000
v 0.015676 -1.980233 -0.021052
v 0.013040 -1.972129 -0.018089
v 0.013257 -1.972084 0.000000
v 0.012716 -1.972206 -0.018033
v 0.015416 -1.980378 -0.021004
v 0.012989 -1.972111 0.000000
v 0.011845 -1.976544 0.000000
v 0.012013 -1.976272 -0.018738
v 0.068527 -2.196465 -0.017815
v 0.069058 -2.196755 -0.018692
v 0.068246 -2.196882 0.000000
v 0.012013 -1.976272 -0.018738
v 0.068688 -2.196809 -0.017714
v 0.069220 -2.197105 -0.018614
v 0.068423 -2.197235 0.000000
v 0.087670 -2.222384 -0.000320
v 0.087575 -2.222250 0.000000
v 0.087867 -2.222211 0.000000
v 0.087929 -2.222308 -0.000317
v 0.012716 -1.972206 -0.018033
v 0.015416 -1.980378 -0.021004
v 0.050951 -1.747089 0.023000
v 0.042176 -1.749920 0.020532
v 0.045292 -1.752846 0.023267
v 0.049957 -1.743432 0.021171
v 0.040911 -1.745513 0.017403
v 0.111631 -1.783371 0.021289
v 0.111240 -1.785956 0.023161
v 0.043789 -1.741260 0.018678
v 0.050140 -1.743460 0.014594
v 0.040384 -1.742763 0.013726
v 0.043462 -1.741013 0.012931
v 0.111720 -1.783375 0.014251
v 0.113751 -1.785505 0.019951
v 0.050543 -1.743614 0.000000
v 0.110878 -1.794087 0.023144
v 0.040292 -1.741673 0.000000
v 0.042712 -1.740553 0.000000
v 0.111894 -1.783440 0.000000
v 0.113745 -1.785686 0.013540
v 0.114093 -2.043131 0.013944
v 0.114098 -2.044184 0.019495
v 0.113075 -2.043965 0.020007
v 0.113795 -1.786091 0.000000
v 0.113884 -2.040626 0.000000
v 0.113819 -2.046421 0.012302
v 0.112072 -2.044294 0.018904
v 0.113714 -2.046590 0.000000
v 0.112755 -2.046561 0.011969
v 0.086398 -1.976470 0.009994
v 0.087020 -1.977880 0.019154
v 0.086319 -1.970777 0.021193
v 0.112510 -2.046653 0.000000
v 0.042176 -1.749920 0.020532
v 0.041825 -1.750461 0.014187
v 0.086071 -1.974949 0.000000
v 0.045292 -1.752846 0.023267
v 0.040911 -1.745513 0.017403
v 0.040943 -1.745764 0.013400
v 0.041962 -1.751146 0.000000
v 0.041825 -1.750461 -0.014187
v 0.086398 -1.976470 -0.009994
v 0.112755 -2.046561 -0.011969
v 0.113714 -2.046590 0.000000
v 0.040384 -1.742763 0.013726
v 0.040292 -1.741673 0.000000
v 0.041031 -1.746222 0.000000
v 0.040943 -1.745764 -0.013400
v 0.042176 -1.749920 -0.020532
v 0.040911 -1.745513 -0.017403
v 0.112072 -2.044294 -0.018904
v 0.087020 -1.977880 -0.019153
v 0.113819 -2.046421 -0.012301
v 0.113884 -2.040626 0.000000
v 0.040292 -1.741673 0.000000
v 0.040384 -1.742763 -0.013726
v 0.114098 -2.044184 -0.019494
v 0.113075 -2.043965 -0.020006
v 0.086319 -1.970777 -0.021193
v 0.114093 -2.043131 -0.013944
v 0.045292 -1.752846 -0.023267
v 0.113751 -1.785505 -0.019951
v 0.110878 -1.794087 -0.023144
v 0.113745 -1.785686 -0.013539
v 0.113795 -1.786091 0.000000
v 0.111240 -1.785956 -0.023161
v 0.111720 -1.783375 -0.014250
v 0.111631 -1.783371 -0.021289
v 0.111894 -1.783440 0.000000
v 0.050951 -1.747089 -0.023000
v 0.050543 -1.743614 0.000000
v 0.050140 -1.743460 -0.014593
v 0.049957 -1.743432 -0.021171
v 0.043462 -1.741013 -0.012931
v 0.043789 -1.741260 -0.018678
v 0.042712 -1.740553 0.000000
v 0.040911 -1.745513 -0.017403
v 0.042176 -1.749920 -0.020532
v 0.040384 -1.742763 -0.013726
v 0.040292 -1.741673 0.000000
v 0.045292 -1.752846 -0.023267
v 0.044753 -1.547977 0.019732
v 0.048949 -1.556337 0.000000
v 0.045548 -1.549279 0.000000
v 0.048473 -1.554925 0.023940
v 0.042979 -1.552541 0.025561
v 0.113894 -1.760199 0.023452
v 0.116408 -1.759993 0.022003
v 0.117463 -1.761529 0.000000
v 0.115558 -1.766733 0.019845
v 0.108673 -1.766677 0.022382
v 0.107716 -1.765466 0.023353
v 0.116084 -1.771892 0.000000
v 0.112741 -1.768461 0.019136
v 0.113655 -1.773065 0.000000
v 0.108864 -1.771624 0.000000
v 0.047475 -1.734471 0.022450
v 0.050173 -1.736414 0.000000
v 0.048102 -1.729809 0.023689
v 0.047115 -1.734339 0.022343
v 0.049806 -1.736243 0.000000
v 0.047752 -1.729697 0.023576
v 0.042842 -1.733115 0.019539
v 0.042479 -1.733150 0.000000
v 0.041864 -1.729327 0.019371
v 0.047756 -1.729296 0.023633
v 0.041726 -1.728715 0.000000
v 0.041788 -1.728924 0.019366
v -0.186635 -0.663672 0.021561
v -0.179867 -0.654262 0.016557
v -0.179245 -0.653583 0.012912
v -0.178082 -0.653370 0.016828
v -0.179524 -0.653867 0.000000
v -0.168907 -0.659558 0.019843
v -0.177643 -0.652698 0.013106
v -0.178162 -0.652735 0.000000
v -0.165616 -0.650009 0.012783
v -0.165107 -0.651553 0.017598
v -0.165865 -0.650046 0.000000
v -0.151448 -0.647002 0.007947
v -0.152586 -0.644326 0.004671
v -0.158004 -0.656839 0.015798
v -0.166409 -0.665721 0.020024
v -0.154780 -0.645235 0.000000
v -0.150236 -0.652887 0.010449
v -0.148351 -0.646479 0.004492
v -0.148037 -0.643043 0.000000
v -0.157617 -0.676331 0.017160
v -0.159489 -0.677959 0.018564
v -0.162449 -0.677737 0.019971
v -0.156859 -0.675261 0.000000
v -0.149391 -0.651873 0.000000
v -0.147791 -0.646214 0.000000
v -0.256608 -0.841381 0.027706
v -0.256496 -0.841245 0.000000
v -0.256574 -0.840855 0.031662
v -0.148351 -0.646479 -0.004492
v -0.257954 -0.841152 0.033412
v -0.152586 -0.644326 -0.004671
v -0.154780 -0.645235 0.000000
v -0.256901 -0.841762 0.031425
v -0.257070 -0.842197 0.027418
v -0.258436 -0.842028 0.033050
v -0.256923 -0.841997 0.000000
v -0.278912 -0.876362 0.016096
v -0.278522 -0.876018 0.015059
v -0.165865 -0.650046 0.000000
v -0.165616 -0.650009 -0.012783
v -0.151448 -0.647002 -0.007947
v -0.279247 -0.876179 0.016228
v -0.297405 -0.905271 0.000000
v -0.297822 -0.905826 0.000289
v -0.278081 -0.875384 0.000000
v -0.298148 -0.905921 0.000193
v -0.297932 -0.905998 0.000000
v -0.177643 -0.652698 -0.013106
v -0.178162 -0.652735 0.000000
v -0.178082 -0.653370 -0.016828
v -0.165107 -0.651553 -0.017598
v -0.179245 -0.653583 -0.012912
v -0.298221 -0.906035 0.000000
v -0.179524 -0.653867 0.000000
v -0.158004 -0.656839 -0.015798
v -0.168907 -0.659558 -0.019843
v -0.179867 -0.654262 -0.016556
v -0.186635 -0.663672 -0.021561
v -0.187824 -0.662960 -0.020406
v -0.187409 -0.662359 0.000000
v -0.166409 -0.665721 -0.020024
v -0.261187 -0.743631 -0.033801
v -0.261905 -0.743190 -0.031602
v -0.261991 -0.743225 0.000000
v -0.262027 -0.744227 -0.033504
v -0.262484 -0.743840 -0.031167
v -0.262464 -0.743758 0.000000
v -0.287147 -0.772850 -0.013632
v -0.287405 -0.771865 -0.012340
v -0.287963 -0.771980 0.000000
v -0.287688 -0.771987 -0.012114
v -0.303082 -0.773391 -0.000317
v -0.288794 -0.772063 0.000000
v -0.302102 -0.772999 0.000000
v -0.288794 -0.772063 0.000000
v -0.303238 -0.773396 0.000000
v -0.298221 -0.906035 0.000000
v -0.298148 -0.905921 -0.000193
v -0.297932 -0.905998 0.000000
v -0.297822 -0.905826 -0.000289
v -0.279247 -0.876179 -0.016228
v -0.297405 -0.905271 0.000000
v -0.278912 -0.876362 -0.016096
v -0.258436 -0.842028 -0.033050
v -0.278522 -0.876018 -0.015058
v -0.257070 -0.842197 -0.027417
v -0.256901 -0.841762 -0.031425
v -0.256608 -0.841381 -0.027706
v -0.256496 -0.841245 0.000000
v -0.256574 -0.840855 -0.031662
v -0.257954 -0.841152 -0.033412
v -0.159489 -0.677959 -0.018564
v -0.157617 -0.676331 -0.017160
v -0.162449 -0.677737 -0.019970
v -0.156859 -0.675261 0.000000
v -0.150236 -0.652887 -0.010449
v -0.289585 -0.972159 0.000000
v -0.290062 -0.975686 0.000000
v -0.289950 -0.975514 0.000289
v -0.250447 -0.914716 0.032878
v -0.250991 -0.913290 0.031992
v -0.249920 -0.910208 0.000000
v -0.249991 -0.913713 0.033063
v -0.250413 -0.912393 0.031880
v -0.249381 -0.909310 0.000000
v -0.153083 -0.747404 0.020165
v -0.155926 -0.745904 0.015336
v -0.156207 -0.746310 0.000000
v -0.152279 -0.744400 0.015395
v -0.151617 -0.744581 0.000000
v -0.149927 -0.745844 0.019509
v -0.146604 -0.747853 0.000000
v -0.132313 -0.757216 0.016455
v -0.132982 -0.769229 0.020138
v -0.134250 -0.755852 0.000000
v -0.129091 -0.767834 0.018395
v -0.126879 -0.761164 0.012329
v -0.235742 -1.146017 0.030860
v -0.235674 -1.147218 0.029269
v -0.129101 -0.769097 0.000000
v -0.126935 -0.761872 0.000000
v -0.236365 -1.148069 0.030916
v -0.235670 -1.147302 0.000000
v -0.236309 -1.149302 0.029327
v -0.236298 -1.149382 0.000000
v -0.275994 -1.200788 0.000000
v -0.277140 -1.201473 0.000258
v -0.277250 -1.201618 0.000000
v -0.275994 -1.200788 0.000000
v -0.236309 -1.149302 -0.029326
v -0.235674 -1.147218 -0.029269
v -0.235670 -1.147302 0.000000
v -0.236365 -1.148069 -0.030916
v -0.129101 -0.769097 0.000000
v -0.235742 -1.146017 -0.030860
v -0.129091 -0.767834 -0.018394
v -0.277140 -1.201473 -0.000258
v -0.277250 -1.201618 0.000000
v -0.132982 -0.769229 -0.020137
v -0.132313 -0.757216 -0.016455
v -0.126879 -0.761164 -0.012329
v -0.126935 -0.761872 0.000000
v -0.153083 -0.747404 -0.020165
v -0.149927 -0.745844 -0.019509
v -0.146604 -0.747853 0.000000
v -0.152279 -0.744400 -0.015394
v -0.151617 -0.744581 0.000000
v -0.155926 -0.745904 -0.015336
v -0.156207 -0.746310 0.000000
v -0.250413 -0.912393 -0.031880
v -0.249381 -0.909310 0.000000
v -0.249991 -0.913713 -0.033063
v -0.250991 -0.913290 -0.031992
v -0.249920 -0.910208 0.000000
v -0.250447 -0.914716 -0.032878
v -0.289585 -0.972159 0.000000
v -0.289950 -0.975514 -0.000289
v -0.290062 -0.975686 0.000000
v 0.213537 -1.798687 0.000000
v 0.228286 -1.806183 0.000000
v 0.217067 -1.800551 0.006211
v 0.214205 -1.798962 0.006304
v 0.216614 -1.800083 0.006500
v 0.214193 -1.798738 0.006578
v 0.213918 -1.798683 0.006354
v 0.213251 -1.798417 0.000000
v 0.189010 -1.759261 0.022873
v 0.189514 -1.765789 0.018021
v 0.189459 -1.765945 0.017680
v 0.189320 -1.766699 0.000000
v 0.189265 -1.765159 0.018136
v 0.189315 -1.765571 0.017751
v 0.189177 -1.766326 0.000000
v 0.188731 -1.758407 0.023111
v 0.186044 -1.750149 0.019265
v 0.186122 -1.750393 0.019594
v 0.185586 -1.748589 0.000000
v 0.041685 -1.050157 0.030921
v 0.037427 -1.047196 0.025891
v 0.037290 -1.047051 0.025570
v 0.036355 -1.042782 0.000000
v 0.041685 -1.049730 0.030870
v 0.037385 -1.046729 0.025789
v 0.041667 -1.728310 0.000000
v 0.022990 -1.608883 0.021859
v 0.022775 -1.611298 0.000000
v 0.025486 -1.596849 0.024920
v 0.022164 -1.601803 0.017750
v 0.022044 -1.603071 0.000000
v 0.022788 -1.593977 0.000000
v 0.023176 -1.594172 0.018234
v 0.036330 -1.552796 0.025331
v 0.036139 -1.551519 0.018297
v 0.036343 -1.549406 0.000000
v 0.042979 -1.552541 0.025561
v 0.039171 -1.548523 0.014373
v 0.044753 -1.547977 0.019732
v 0.041613 -1.545489 0.000000
v 0.045548 -1.549279 0.000000
v 0.048949 -1.556337 0.000000
v 0.044753 -1.547977 -0.019732
v 0.045548 -1.549279 0.000000
v 0.048473 -1.554925 -0.023940
v 0.042979 -1.552541 -0.025561
v 0.113894 -1.760199 -0.023451
v 0.116408 -1.759993 -0.022002
v 0.117463 -1.761529 0.000000
v 0.115558 -1.766733 -0.019844
v 0.108673 -1.766677 -0.022382
v 0.107716 -1.765466 -0.023353
v 0.116084 -1.771892 0.000000
v 0.112741 -1.768461 -0.019136
v 0.113655 -1.773065 0.000000
v 0.108864 -1.771624 0.000000
v 0.047475 -1.734471 -0.022450
v 0.050173 -1.736414 0.000000
v 0.048102 -1.729809 -0.023689
v 0.047115 -1.734339 -0.022342
v 0.049806 -1.736243 0.000000
v 0.047752 -1.729697 -0.023576
v 0.042842 -1.733115 -0.019539
v 0.042479 -1.733150 0.000000
v 0.041864 -1.729327 -0.019371
v 0.047756 -1.729296 -0.023633
v 0.041726 -1.728715 0.000000
v 0.041788 -1.728924 -0.019366
v 0.041667 -1.728310 0.000000
v 0.022990 -1.608883 -0.021858
v 0.022775 -1.611298 0.000000
v 0.025486 -1.596849 -0.024920
v 0.022164 -1.601803 -0.017750
v 0.022044 -1.603071 0.000000
v 0.022788 -1.593977 0.000000
v 0.023176 -1.594172 -0.018234
v 0.036330 -1.552796 -0.025331
v 0.036139 -1.551519 -0.018297
v 0.036343 -1.549406 0.000000
v 0.042979 -1.552541 -0.025561
v 0.039171 -1.548523 -0.014373
v 0.044753 -1.547977 -0.019732
v 0.041613 -1.545489 0.000000
v 0.045548 -1.549279 0.000000
v -0.073698 -0.243165 0.035481
v -0.074920 -0.244346 0.026822
v -0.073206 -0.244081 0.035405
v -0.074387 -0.245114 0.026715
v -0.062233 -0.423735 0.020675
v -0.066769 -0.423816 0.016305
v -0.074381 -0.246023 0.000000
v -0.075011 -0.245420 0.000000
v -0.066292 -0.434315 0.015956
v -0.061208 -0.435794 0.019262
v -0.066399 -0.433224 0.000000
v -0.066822 -0.423160 0.000000
v -0.074387 -0.245114 -0.026715
v -0.066769 -0.423816 -0.016305
v -0.089356 -0.245417 0.000000
v -0.074920 -0.244346 -0.026822
v -0.058333 -0.450232 0.008977
v -0.065087 -0.446330 0.000381
v -0.042963 -0.458333 0.016926
v -0.059842 -0.460274 0.006109
v -0.073206 -0.244081 -0.035405
v -0.062233 -0.423735 -0.020675
v -0.066292 -0.434315 -0.015956
v -0.065154 -0.446294 0.000000
v -0.060768 -0.458113 0.000000
v -0.038804 -0.466465 0.007629
v -0.056383 -0.469932 0.000000
v -0.029790 -0.458444 0.016743
v -0.073698 -0.243165 -0.035481
v -0.061208 -0.435794 -0.019262
v -0.065087 -0.446330 -0.000381
v -0.059842 -0.460274 -0.006109
v -0.058333 -0.450232 -0.008977
v -0.026864 -0.462695 0.010471
v -0.033529 -0.467147 0.000000
v -0.038804 -0.466465 -0.007629
v -0.042963 -0.458333 -0.016925
v -0.018586 -0.453339 0.017223
v -0.016561 -0.457414 0.013079
v -0.024780 -0.464176 0.000000
v -0.026864 -0.462695 -0.010471
v -0.029790 -0.458444 -0.016743
v -0.015512 -0.458401 0.000000
v -0.016561 -0.457414 -0.013079
v -0.018586 -0.453339 -0.017223
v -0.014251 -0.456700 0.000000
v -0.012724 -0.451058 0.015297
v -0.010474 -0.432234 0.019464
v -0.012724 -0.451058 -0.015297
v -0.010474 -0.432234 -0.019464
v -0.002049 -0.435445 0.021416
v -0.004295 -0.452914 0.019930
v -0.008901 -0.461319 0.013628
v -0.008835 -0.462262 0.000000
v -0.008901 -0.461319 -0.013627
v -0.002982 -0.467097 0.000000
v 0.006517 -0.460753 0.015997
v -0.004295 -0.452914 -0.019929
v 0.006517 -0.460753 -0.015997
v 0.005778 -0.454675 0.019904
v 0.005778 -0.454675 -0.019904
v 0.006290 -0.465615 0.006916
v 0.003576 -0.467263 0.000000
v 0.006290 -0.465615 -0.006916
v 0.015389 -0.445671 0.020890
v 0.014951 -0.454583 0.014206
v -0.002157 -0.481448 0.000000
v 0.006162 -0.484628 0.017038
v 0.015389 -0.445671 -0.020890
v 0.014951 -0.454583 -0.014206
v 0.006162 -0.484628 -0.017038
v 0.018975 -0.452811 0.019424
v 0.008360 -0.482783 0.018388
v 0.018975 -0.452811 -0.019424
v 0.008360 -0.482783 -0.018388
v -0.000759 -0.489543 0.008202
v 0.000828 -0.495178 0.000000
v -0.000759 -0.489543 -0.008202
v 0.015399 -0.496169 0.015147
v 0.004847 -0.491805 0.013952
v 0.015399 -0.496169 -0.015147
v 0.004847 -0.491805 -0.013952
v 0.008606 -0.496201 0.013148
v 0.008606 -0.496201 -0.013148
v 0.026589 -0.492236 0.017967
v 0.026589 -0.492236 -0.017967
v 0.007768 -0.500112 0.007418
v 0.005100 -0.498266 0.000000
v 0.007768 -0.500112 -0.007418
v 0.013664 -0.500461 0.009249
v 0.015658 -0.501271 0.009856
v 0.017910 -0.502853 0.016333
v 0.013664 -0.500461 -0.009249
v 0.008134 -0.500453 0.000000
v 0.013509 -0.500834 0.000000
v 0.015137 -0.502357 0.000000
v 0.025691 -0.505496 0.019338
v 0.015726 -0.505825 0.010166
v 0.017977 -0.506692 0.016247
v 0.029108 -0.516955 0.007334
v 0.016117 -0.505463 0.000000
v 0.029677 -0.517046 0.016681
v 0.015658 -0.501271 -0.009856
v 0.015726 -0.505825 -0.010166
v 0.035150 -0.515631 0.019559
v 0.017910 -0.502853 -0.016333
v 0.029389 -0.516601 0.000000
v 0.029108 -0.516955 -0.007334
v 0.017977 -0.506692 -0.016247
v 0.027620 -0.522618 0.008210
v 0.028302 -0.521880 0.000000
v 0.030591 -0.523799 0.015071
v 0.037272 -1.046533 0.025010
v 0.036381 -1.042364 0.000000
v 0.038270 -1.039634 0.016940
v 0.044552 -1.036268 0.027340
v 0.038126 -1.039750 0.016535
v 0.042028 -1.049689 0.031014
v 0.037191 -1.039767 0.000000
v 0.044801 -1.035978 0.027273
v 0.038369 -1.039464 0.016582
v 0.044861 -1.036150 0.027515
v 0.037431 -1.039493 0.000000
v 0.116472 -1.001798 0.023354
v 0.115349 -1.001230 0.000000
v 0.120576 -1.010130 0.025947
v 0.116566 -1.001987 0.023579
v 0.116851 -1.001739 0.023207
v 0.116930 -1.001932 0.023482
v 0.115735 -1.001176 0.000000
v 0.120871 -1.009853 0.025865
v 0.120766 -1.002439 0.021099
v 0.120680 -1.002275 0.020809
v 0.122489 -1.007775 0.024767
v 0.121135 -1.002035 0.000000
v 0.120947 -1.002497 0.020813
v 0.122763 -1.007791 0.024615
v 0.122704 -1.008163 0.024903
v 0.121053 -1.010258 0.025923
v 0.121417 -1.002250 0.000000
v 0.124883 -1.009809 0.000000
v 0.209586 -1.216890 0.028255
v 0.209544 -1.217074 0.028559
v 0.209682 -1.218758 0.029228
v 0.209299 -1.215977 0.000000
v 0.209742 -1.217251 0.028183
v 0.209788 -1.217553 0.028439
v 0.209955 -1.219489 0.029189
v 0.209457 -1.216351 0.000000
v 0.234419 -1.274130 0.009352
v 0.234583 -1.275017 0.009365
v 0.234446 -1.278365 0.009418
v 0.244764 -1.299564 0.000000
v 0.234134 -1.274510 0.000000
v 0.245388 -1.302291 0.000291
v 0.245484 -1.302500 0.000000
v 0.213537 -1.798687 0.000000
v 0.217067 -1.800551 -0.006211
v 0.228286 -1.806183 0.000000
v 0.214205 -1.798962 -0.006303
v 0.213918 -1.798683 -0.006354
v 0.213251 -1.798417 0.000000
v 0.189320 -1.766699 0.000000
v 0.189459 -1.765945 -0.017680
v 0.189177 -1.766326 0.000000
v 0.189315 -1.765571 -0.017751
v 0.185586 -1.748589 0.000000
v 0.186044 -1.750149 -0.019265
v 0.037290 -1.047051 -0.025570
v 0.036355 -1.042782 0.000000
v 0.037272 -1.046533 -0.025009
v 0.036381 -1.042364 0.000000
v 0.038126 -1.039750 -0.016535
v 0.037191 -1.039767 0.000000
v 0.037431 -1.039493 0.000000
v 0.038369 -1.039464 -0.016582
v 0.115349 -1.001230 0.000000
v 0.116472 -1.001798 -0.023353
v 0.044801 -1.035978 -0.027272
v 0.116851 -1.001739 -0.023207
v 0.115735 -1.001176 0.000000
v 0.120680 -1.002275 -0.020809
v 0.121135 -1.002035 0.000000
v 0.120947 -1.002497 -0.020813
v 0.121417 -1.002250 0.000000
v 0.124883 -1.009809 0.000000
v 0.122763 -1.007791 -0.024614
v 0.209586 -1.216890 -0.028255
v 0.209299 -1.215977 0.000000
v 0.209742 -1.217251 -0.028183
v 0.209457 -1.216351 0.000000
v 0.234419 -1.274130 -0.009351
v 0.234134 -1.274510 0.000000
v 0.244764 -1.299564 0.000000
v 0.244764 -1.299564 0.000000
v 0.245484 -1.302500 0.000000
v 0.245388 -1.302291 -0.000291
v 0.234446 -1.278365 -0.009418
v 0.234583 -1.275017 -0.009365
v 0.234419 -1.274130 -0.009351
v 0.209955 -1.219489 -0.029188
v 0.209788 -1.217553 -0.028438
v 0.209742 -1.217251 -0.028183
v 0.209682 -1.218758 -0.029228
v 0.209544 -1.217074 -0.028559
v 0.209586 -1.216890 -0.028255
v 0.121053 -1.010258 -0.025923
v 0.122704 -1.008163 -0.024903
v 0.122763 -1.007791 -0.024614
v 0.120871 -1.009853 -0.025865
v 0.122489 -1.007775 -0.024767
v 0.120766 -1.002439 -0.021099
v 0.116930 -1.001932 -0.023482
v 0.120947 -1.002497 -0.020813
v 0.120576 -1.010130 -0.025947
v 0.116851 -1.001739 -0.023207
v 0.120680 -1.002275 -0.020809
v 0.116566 -1.001987 -0.023579
v 0.116472 -1.001798 -0.023353
v 0.044861 -1.036150 -0.027515
v 0.042028 -1.049689 -0.031014
v 0.044801 -1.035978 -0.027272
v 0.044552 -1.036268 -0.027340
v 0.041685 -1.049730 -0.030870
v 0.038270 -1.039634 -0.016940
v 0.037385 -1.046729 -0.025789
v 0.038369 -1.039464 -0.016582
v 0.037272 -1.046533 -0.025009
v 0.038126 -1.039750 -0.016535
v 0.037427 -1.047196 -0.025891
v 0.037290 -1.047051 -0.025570
v 0.041685 -1.050157 -0.030921
v 0.186044 -1.750149 -0.019265
v 0.186122 -1.750393 -0.019593
v 0.188731 -1.758407 -0.023111
v 0.189265 -1.765159 -0.018136
v 0.189315 -1.765571 -0.017751
v 0.189010 -1.759261 -0.022873
v 0.189514 -1.765789 -0.018020
v 0.189459 -1.765945 -0.017680
v 0.213918 -1.798683 -0.006354
v 0.214193 -1.798738 -0.006578
v 0.216614 -1.800083 -0.006500
v 0.214205 -1.798962 -0.006303
v 0.217067 -1.800551 -0.006211
v -0.012021 -1.013776 0.030852
v -0.014119 -1.017694 0.028907
v -0.011815 -1.014135 0.030874
v -0.014020 -1.018267 0.028826
v -0.014247 -1.018176 0.028629
v -0.013209 -1.027104 0.023856
v 0.000659 -1.024993 0.029026
v -0.011361 -1.014027 0.030945
v -0.013419 -1.027102 0.023593
v -0.013190 -1.027276 0.023569
v 0.001129 -1.024900 0.029108
v 0.001080 -1.025117 0.028900
v 0.045091 -1.012218 0.030978
v -0.014854 -1.027331 0.000000
v 0.003446 -1.024855 0.000000
v 0.042366 -1.018662 0.028355
v 0.042427 -1.018482 0.028605
v -0.015095 -1.027162 0.000000
v 0.092138 -0.998415 0.022448
v 0.087090 -0.990066 0.028058
v -0.013419 -1.027102 -0.023593
v -0.013190 -1.027276 -0.023569
v 0.092250 -0.998582 0.022204
v 0.045027 -1.018252 0.000000
v 0.127145 -0.976573 0.021402
v 0.001080 -1.025117 -0.028900
v 0.042366 -1.018662 -0.028355
v 0.124178 -0.970275 0.026442
v 0.000659 -1.024993 -0.029026
v -0.013209 -1.027104 -0.023856
v 0.001129 -1.024900 -0.029107
v -0.014247 -1.018176 -0.028628
v 0.127232 -0.976713 0.021111
v 0.093686 -0.997984 0.000000
v 0.092250 -0.998582 -0.022204
v 0.127167 -0.976093 0.021446
v 0.127328 -0.976440 0.021097
v -0.014020 -1.018267 -0.028826
v 0.092138 -0.998415 -0.022448
v 0.042427 -1.018482 -0.028605
v 0.127470 -0.976650 0.000000
v 0.127232 -0.976713 -0.021111
v 0.127145 -0.976573 -0.021402
v -0.014119 -1.017694 -0.028906
v 0.045091 -1.012218 -0.030977
v 0.087090 -0.990066 -0.028058
v 0.127568 -0.976370 0.000000
v 0.019384 -0.739448 0.017745
v 0.127328 -0.976440 -0.021097
v 0.124178 -0.970275 -0.026442
v 0.127167 -0.976093 -0.021446
v 0.019384 -0.739448 -0.017745
v 0.020112 -0.738697 0.000000
v 0.124283 -0.969935 -0.026349
v 0.019139 -0.739482 -0.017964
v 0.010203 -0.719960 -0.015508
v 0.025691 -0.505496 -0.019338
v 0.029677 -0.517046 -0.016681
v 0.027620 -0.522618 -0.008210
v 0.040285 -0.527331 0.019270
v 0.030396 -0.524633 0.014989
v 0.024846 -0.525753 0.009985
v 0.020757 -0.534209 0.000000
v 0.024846 -0.525753 -0.009985
v 0.017335 -0.542274 0.010159
v 0.035150 -0.515631 -0.019559
v 0.030591 -0.523799 -0.015071
v 0.030396 -0.524633 -0.014989
v 0.017335 -0.542274 -0.010159
v 0.013322 -0.546289 0.000000
v 0.040169 -0.528214 0.019246
v 0.040285 -0.527331 -0.019270
v 0.015162 -0.547395 0.016476
v 0.011454 -0.548262 0.011418
v 0.015162 -0.547395 -0.016476
v 0.011454 -0.548262 -0.011418
v 0.006646 -0.554873 0.000000
v 0.006500 -0.554711 0.010505
v 0.006500 -0.554711 -0.010504
v 0.040169 -0.528214 -0.019246
v 0.040169 -0.528214 -0.019246
v 0.007269 -0.558159 -0.015467
v 0.018531 -0.555225 -0.018395
v 0.002095 -0.550836 -0.014439
v 0.002872 -0.551452 -0.008974
v 0.002872 -0.551452 0.008974
v 0.002551 -0.551098 0.000000
v -0.008876 -0.538817 -0.009388
v 0.010193 -0.567215 -0.018147
v 0.000953 -0.559183 -0.017800
v -0.011107 -0.547594 -0.016898
v 0.002095 -0.550836 0.014439
v -0.008876 -0.538817 0.009388
v -0.016539 -0.529628 0.000000
v -0.014342 -0.540967 -0.014290
v -0.015404 -0.535566 -0.009108
v -0.021239 -0.544370 -0.011054
v -0.026606 -0.538743 0.000000
v -0.015404 -0.535566 0.009108
v -0.011107 -0.547594 0.016898
v -0.014342 -0.540967 0.014290
v -0.021239 -0.544370 0.011054
v -0.030348 -0.544813 0.000000
v -0.026478 -0.552192 -0.009396
v -0.026478 -0.552192 0.009396
v -0.031871 -0.558181 0.000000
v -0.020100 -0.564434 0.016750
v -0.027013 -0.558989 0.010061
v -0.032570 -0.566150 0.000000
v -0.027013 -0.558989 -0.010061
v -0.026525 -0.577674 0.009473
v -0.016569 -0.577060 0.017241
v -0.027179 -0.588039 0.000000
v -0.026525 -0.577674 -0.009473
v -0.020100 -0.564434 -0.016750
v -0.019935 -0.630349 0.011823
v -0.005875 -0.636346 0.018338
v -0.029365 -0.622443 0.000000
v -0.019935 -0.630349 -0.011823
v -0.016569 -0.577060 -0.017241
v -0.012137 -0.653640 0.000000
v -0.008579 -0.647840 0.015207
v -0.005570 -0.637284 0.018359
v -0.005875 -0.636346 -0.018337
v -0.008579 -0.647840 -0.015207
v 0.194592 -1.110394 0.026404
v 0.193250 -1.111475 0.020822
v 0.186687 -1.110515 0.000000
v 0.193250 -1.111475 -0.020822
v -0.005570 -0.637284 -0.018359
v 0.194592 -1.110394 -0.026403
v 0.198771 -1.120171 0.025538
v 0.196369 -1.120232 0.018439
v 0.189981 -1.119889 0.000000
v 0.196369 -1.120232 -0.018438
v 0.198771 -1.120171 -0.025537
v 0.218770 -1.168688 0.000000
v 0.223026 -1.169075 0.006130
v 0.223026 -1.169075 -0.006130
v 0.229073 -1.172139 0.000335
v 0.229073 -1.172139 -0.000335
v 0.229218 -1.172213 0.000000
v 0.229218 -1.172213 0.000000
v 0.000953 -0.559183 0.017800
v 0.007269 -0.558159 0.015467
v 0.010193 -0.567215 0.018147
v 0.018531 -0.555225 0.018395
v 0.040169 -0.528214 0.019246
v -0.073698 -0.243165 0.035481
v -0.089417 -0.231135 0.036512
v -0.090335 -0.237908 0.029097
v -0.168942 -0.226497 0.035850
v -0.170514 -0.226597 0.028613
v -0.210711 -0.196580 0.030472
v -0.217451 -0.189747 0.039035
v -0.177762 -0.231523 0.000000
v -0.201649 -0.216918 0.000000
v -0.170514 -0.226597 -0.028613
v -0.211590 -0.195876 0.030264
v -0.202552 -0.216160 0.000000
v -0.210711 -0.196580 -0.030472
v -0.218343 -0.189007 0.038772
v -0.090335 -0.237908 -0.029097
v -0.168942 -0.226497 -0.035850
v -0.089417 -0.231135 -0.036512
v -0.230443 -0.179566 0.019513
v -0.221508 -0.195205 0.000000
v -0.211590 -0.195876 -0.030264
v -0.217451 -0.189747 -0.039035
v -0.231974 -0.173956 0.025334
v -0.250205 -0.168174 0.000000
v -0.230443 -0.179566 -0.019513
v -0.218343 -0.189007 -0.038772
v -0.073698 -0.243165 -0.035481
v -0.231974 -0.173956 -0.025334
v -0.260373 -0.158586 0.000000
v -0.012724 -0.451058 -0.015297
v -0.002049 -0.435445 -0.021416
v -0.004295 -0.452914 -0.019929
v -0.010474 -0.432234 -0.019464
v -0.348726 -0.188489 0.012748
v -0.349336 -0.189271 0.013781
v -0.349007 -0.189307 0.014014
v -0.310982 -0.206741 0.039634
v -0.310716 -0.206437 0.039511
v -0.310659 -0.206923 0.039711
v -0.310371 -0.206641 0.039595
v -0.310593 -0.206264 0.039217
v -0.348684 -0.188386 0.012368
v -0.349019 -0.188390 0.012497
v -0.254817 -0.237966 0.037186
v -0.252176 -0.233029 0.035955
v -0.310225 -0.206475 0.039355
v -0.367510 -0.189733 0.000000
v -0.369950 -0.193237 0.000000
v -0.308449 -0.205435 0.000000
v -0.308805 -0.205239 0.000000
v -0.252073 -0.232847 0.035727
v -0.349040 -0.188316 0.012128
v -0.349243 -0.188557 0.000000
v -0.367219 -0.189421 0.000000
v -0.182434 -0.225530 0.034980
v -0.182175 -0.225606 0.035240
v -0.176123 -0.228213 0.036459
v -0.349019 -0.188390 -0.012497
v -0.349336 -0.189271 -0.013781
v -0.349612 -0.188499 0.000000
v -0.349040 -0.188316 -0.012128
v -0.348684 -0.188386 -0.012368
v -0.310593 -0.206264 -0.039217
v -0.348726 -0.188489 -0.012748
v -0.178304 -0.225103 0.034301
v -0.178171 -0.225233 0.034574
v -0.349007 -0.189307 -0.014014
v -0.175215 -0.225276 0.033201
v -0.174131 -0.226274 0.035121
v -0.158259 -0.238222 0.035126
v 0.010203 -0.719960 0.015508
v 0.011317 -0.719735 0.000000
v 0.019139 -0.739482 0.017964
v 0.013745 -0.740103 -0.018286
v 0.010025 -0.720066 -0.015738
v 0.005160 -0.708834 -0.011630
v 0.005431 -0.709096 -0.011491
v 0.004004 -0.723582 -0.017560
v 0.005431 -0.709096 0.011491
v 0.001859 -0.700542 0.000000
v 0.010025 -0.720066 0.015738
v 0.005160 -0.708834 0.011630
v 0.124283 -0.969935 0.026349
v 0.013745 -0.740103 0.018286
v 0.004004 -0.723582 0.017560
v 0.001581 -0.700259 0.003069
v -0.003361 -0.703544 -0.011041
v -0.009515 -0.716712 -0.017075
v 0.001581 -0.700259 -0.003069
v 0.001567 -0.700253 0.000000
v -0.003361 -0.703544 0.011041
v -0.009515 -0.716712 0.017075
v -0.013769 -0.704000 -0.012252
v -0.011022 -0.695029 -0.001576
v -0.013769 -0.704000 0.012252
v -0.011022 -0.695029 0.001576
v 0.001567 -0.700253 0.000000
v -0.017230 -0.692455 0.000000
v -0.020287 -0.692618 -0.001637
v -0.020287 -0.692618 0.001637
v -0.031648 -0.710678 -0.006370
v -0.026648 -0.693184 0.000403
v -0.031648 -0.710678 0.006370
v -0.026648 -0.693184 -0.000403
v -0.027740 -0.693160 0.000000
v -0.026987 -0.693400 0.000574
v -0.026987 -0.693400 -0.000574
v -0.028045 -0.693359 0.000000
v -0.034525 -0.706359 0.000000
v -0.031894 -0.710677 -0.006128
v -0.031894 -0.710677 0.006128
v -0.040255 -0.735524 0.000000
v -0.039736 -0.737339 -0.012683
v -0.039736 -0.737339 0.012683
v -0.039520 -0.737319 0.012950
v -0.039635 -0.747999 0.011216
v -0.039735 -0.747943 0.010890
v -0.034835 -0.751530 0.018181
v -0.039691 -0.749355 0.000000
v -0.039735 -0.747943 -0.010890
v -0.018255 -1.012867 0.000000
v -0.014119 -1.017694 0.028907
v -0.012021 -1.013776 0.030852
v -0.014247 -1.018176 0.028629
v -0.039635 -0.747999 -0.011215
v -0.014119 -1.017694 -0.028906
v -0.014247 -1.018176 -0.028628
v -0.013419 -1.027102 0.023593
v -0.015095 -1.027162 0.000000
v -0.013419 -1.027102 -0.023593
v -0.012021 -1.013776 -0.030852
v -0.034835 -0.751530 -0.018181
v -0.039520 -0.737319 -0.012950
v -0.012021 -1.013776 -0.030852
v -0.011815 -1.014135 -0.030874
v -0.011361 -1.014027 -0.030944
v -0.161917 -1.264891 0.027099
v -0.134542 -0.957812 0.021247
v -0.162149 -1.264884 0.027189
v -0.134216 -0.957547 0.021187
v -0.156493 -0.947704 0.022373
v -0.157145 -1.265032 0.023255
v -0.165031 -1.398888 0.026232
v -0.170619 -1.400876 0.029622
v -0.165004 -1.399155 0.026183
v -0.163113 -1.398348 0.000000
v -0.129856 -0.953941 0.015720
v -0.156044 -1.265064 0.000000
v -0.156641 -0.947296 0.022310
v -0.147644 -0.930446 0.018610
v -0.170634 -1.401172 0.029621
v -0.163138 -1.398619 0.000000
v -0.163863 -1.402759 0.024691
v -0.130597 -0.952637 0.000000
v -0.147037 -0.935342 0.000000
v -0.155812 -0.931508 0.018319
v -0.129856 -0.953941 -0.015720
v -0.157145 -1.265032 -0.023255
v -0.169430 -1.412497 0.028472
v -0.170896 -1.401497 0.029683
v -0.163744 -1.404412 0.000000
v -0.170863 -1.415470 0.000000
v -0.163863 -1.402759 -0.024691
v -0.134216 -0.957547 -0.021187
v -0.147644 -0.930446 -0.018610
v -0.156493 -0.932173 0.000000
v -0.155812 -0.931508 -0.018319
v -0.169659 -1.412565 0.028540
v -0.169600 -1.412725 0.028402
v -0.156641 -0.947296 -0.022310
v -0.211463 -1.436756 0.027779
v -0.208427 -1.440845 0.025121
v -0.171041 -1.415678 0.000000
v -0.169430 -1.412497 -0.028472
v -0.169600 -1.412725 -0.028402
v -0.208429 -1.441001 0.024949
v -0.235102 -1.255162 -0.023957
v -0.234421 -1.254132 0.000000
v -0.208623 -1.441008 0.025063
v -0.219312 -1.448235 0.018164
v -0.211713 -1.436858 0.027782
v -0.219467 -1.448234 0.018269
v -0.216985 -1.446908 0.000000
v -0.208429 -1.441001 -0.024949
v -0.219312 -1.448235 -0.018164
v -0.219546 -1.448429 0.018066
v -0.219650 -1.435590 0.028524
v -0.233543 -1.458364 0.018061
v -0.232586 -1.450403 0.019532
v -0.217199 -1.447079 0.000000
v -0.219546 -1.448429 -0.018066
v -0.233679 -1.458632 0.017902
v -0.208623 -1.441008 -0.025062
v -0.219467 -1.448234 -0.018269
v -0.232863 -1.450683 0.019426
v -0.233818 -1.458568 0.017967
v -0.257131 -1.475903 0.000000
v -0.233679 -1.458632 -0.017902
v -0.233543 -1.458364 -0.018060
v -0.233818 -1.458568 -0.017966
v -0.257367 -1.475923 0.000000
v -0.258105 -1.474760 0.000000
v -0.232863 -1.450683 -0.019426
v -0.232586 -1.450403 -0.019532
v -0.211713 -1.436858 -0.027782
v -0.219650 -1.435590 -0.028524
v -0.211463 -1.436756 -0.027779
v -0.208427 -1.440845 -0.025121
v -0.169659 -1.412565 -0.028540
v -0.170896 -1.401497 -0.029683
v -0.170634 -1.401172 -0.029621
v -0.165004 -1.399155 -0.026183
v -0.170619 -1.400876 -0.029622
v -0.165031 -1.398888 -0.026232
v -0.161917 -1.264891 -0.027099
v -0.134542 -0.957812 -0.021247
v -0.156493 -0.947704 -0.022372
v -0.233637 -1.262123 -0.029086
v -0.233565 -1.262657 -0.029172
v -0.235347 -1.255735 -0.023845
v -0.233901 -1.262741 -0.028976
v -0.233794 -1.262941 -0.029112
v -0.234655 -1.254671 0.000000
v -0.269181 -1.307921 0.000000
v -0.272999 -1.312987 0.000000
v -0.310716 -0.206437 -0.039511
v -0.310982 -0.206741 -0.039634
v -0.173909 -0.226125 0.034765
v -0.156258 -0.230507 0.030531
v -0.174896 -0.225326 0.032961
v -0.175163 -0.225239 0.032778
v -0.183439 -0.228337 0.000000
v -0.169680 -0.225925 0.022293
v -0.156492 -0.230168 0.030357
v -0.310659 -0.206923 -0.039711
v -0.169669 -0.225852 0.021541
v -0.180782 -0.227872 0.000000
v -0.156212 -0.230339 0.030219
v -0.156000 -0.231111 0.000000
v -0.160033 -0.227131 0.000000
v -0.113869 -0.397585 0.016641
v -0.169669 -0.225852 -0.021541
v -0.175163 -0.225239 -0.032778
v -0.187810 -0.229119 0.000000
v -0.113780 -0.396363 0.000000
v -0.156212 -0.230339 -0.030219
v -0.113869 -0.397585 -0.016641
v -0.111337 -0.407800 0.000000
v -0.156492 -0.230168 -0.030357
v -0.169680 -0.225925 -0.022293
v -0.156258 -0.230507 -0.030531
v -0.173909 -0.226125 -0.034765
v -0.174896 -0.225326 -0.032961
v -0.113915 -0.397834 -0.016937
v -0.111324 -0.409119 -0.015426
v -0.250498 -0.233722 0.000000
v -0.174131 -0.226274 -0.035121
v -0.158259 -0.238222 -0.035126
v -0.175215 -0.225276 -0.033200
v -0.176123 -0.228213 -0.036459
v -0.111345 -0.409376 -0.015714
v -0.116185 -0.409335 -0.021110
v -0.178304 -0.225103 -0.034301
v -0.178171 -0.225233 -0.034574
v -0.109485 -0.417544 -0.012498
v -0.182175 -0.225606 -0.035240
v -0.254817 -0.237966 -0.037186
v -0.182434 -0.225530 -0.034980
v -0.109548 -0.417663 -0.012833
v -0.112400 -0.421918 -0.019700
v -0.252176 -0.233029 -0.035955
v -0.108115 -0.423878 -0.008806
v -0.108059 -0.423872 -0.008400
v -0.109564 -0.416313 0.000000
v -0.252073 -0.232847 -0.035727
v -0.310225 -0.206475 -0.039355
v -0.310371 -0.206641 -0.039595
v -0.108196 -0.427425 -0.010053
v -0.108282 -0.427341 -0.010385
v -0.107566 -0.427330 0.000000
v -0.107848 -0.424325 0.000000
v -0.111253 -0.433863 -0.010468
v -0.111237 -0.434067 -0.010132
v -0.108059 -0.423872 0.008400
v -0.108196 -0.427425 0.010053
v -0.111237 -0.434067 0.010132
v -0.111288 -0.434521 0.000000
v -0.123571 -0.429749 -0.017788
v -0.124040 -0.435056 -0.015334
v -0.124025 -0.434840 -0.015613
v -0.108115 -0.423878 0.008806
v -0.109485 -0.417544 0.012498
v -0.111253 -0.433863 0.010468
v -0.108282 -0.427341 0.010386
v -0.140667 -0.437936 -0.017108
v -0.140255 -0.440855 -0.015264
v -0.140288 -0.440690 -0.015532
v -0.112400 -0.421918 0.019700
v -0.109548 -0.417663 0.012833
v -0.111345 -0.409376 0.015714
v -0.111324 -0.409119 0.015426
v -0.145562 -0.441040 -0.014338
v -0.113915 -0.397834 0.016937
v -0.116185 -0.409335 0.021110
v -0.123571 -0.429749 0.017788
v -0.149547 -0.439022 -0.014187
v -0.152364 -0.426559 -0.018639
v -0.145597 -0.441231 -0.014068
v -0.149759 -0.439089 -0.013917
v -0.160944 -0.428205 -0.015421
v -0.268234 -0.298404 -0.035299
v -0.161087 -0.428337 -0.015164
v -0.269697 -0.302597 -0.032703
v -0.269758 -0.302761 -0.032419
v -0.301067 -0.260597 -0.037476
v -0.154711 -0.436332 0.000000
v -0.270536 -0.302374 0.000000
v -0.146513 -0.441643 0.000000
v -0.149345 -0.441603 0.000000
v -0.303830 -0.257947 -0.037566
v -0.304926 -0.256884 0.000000
v -0.149759 -0.439089 0.013917
v -0.161087 -0.428337 0.015164
v -0.269758 -0.302761 0.032419
v -0.160944 -0.428205 0.015421
v -0.304118 -0.257656 -0.037470
v -0.149547 -0.439022 0.014187
v -0.145597 -0.441231 0.014068
v -0.138117 -0.440981 0.000000
v -0.303830 -0.257947 0.037566
v -0.305211 -0.256595 0.000000
v -0.304118 -0.257656 0.037470
v -0.301067 -0.260597 0.037476
v -0.269697 -0.302597 0.032703
v -0.268234 -0.298404 0.035299
v -0.152364 -0.426559 0.018639
v -0.369374 -0.194199 0.000000
v -0.145562 -0.441040 0.014338
v -0.140667 -0.437936 0.017108
v -0.140255 -0.440855 0.015264
v -0.140288 -0.440690 0.015532
v -0.124025 -0.434840 0.015613
v -0.124040 -0.435056 0.015334
v -0.123832 -0.435914 0.000000
v -0.111288 -0.434521 0.000000
v -0.411797 -0.363304 0.000000
v -0.411659 -0.363410 0.000277
v -0.411544 -0.363286 0.000000
v -0.411393 -0.366057 0.000000
v -0.411260 -0.366145 0.000272
v -0.362141 -0.398260 0.032244
v -0.362094 -0.398467 0.032477
v -0.359161 -0.405696 0.036326
v -0.361576 -0.398503 0.032326
v -0.361452 -0.398766 0.032574
v -0.359328 -0.399445 0.000000
v -0.359855 -0.399232 0.000000
v -0.362141 -0.398260 -0.032244
v -0.411659 -0.363410 -0.000277
v -0.411797 -0.363304 0.000000
v -0.358050 -0.406085 0.036426
v -0.260975 -0.471446 0.019223
v -0.260875 -0.471327 0.018938
v -0.361576 -0.398503 -0.032326
v -0.362094 -0.398467 -0.032477
v -0.411260 -0.366145 -0.000272
v -0.261644 -0.470712 0.000000
v -0.260875 -0.471327 -0.018938
v -0.260578 -0.471598 0.018893
v -0.263590 -0.474223 0.021963
v -0.263261 -0.474508 0.021920
v -0.235347 -1.255735 0.023845
v -0.233901 -1.262741 0.028976
v -0.273180 -1.313380 0.000000
v -0.233794 -1.262941 0.029112
v -0.233637 -1.262123 0.029086
v -0.235102 -1.255162 0.023957
v -0.233565 -1.262657 0.029172
v -0.257937 -1.518993 0.000555
v -0.255012 -1.510260 0.000000
v -0.258208 -1.519217 0.000000
v -0.254677 -1.510010 0.000668
v -0.218770 -1.486483 0.028957
v -0.254596 -1.509774 0.000000
v -0.254226 -1.509500 0.000734
v -0.219631 -1.483947 0.025584
v -0.219307 -1.483490 0.000000
v -0.219681 -1.483849 0.025243
v -0.219307 -1.483490 0.000750
v -0.219352 -1.483576 0.025349
v -0.218967 -1.483220 0.000751
v -0.218967 -1.483220 0.000000
v -0.176425 -1.442336 0.004565
v -0.176402 -1.442358 0.000000
v -0.219313 -1.483683 0.025686
v -0.177818 -1.440989 0.027852
v -0.177675 -1.441113 0.028096
v -0.218454 -1.486232 0.029052
v -0.218770 -1.486483 0.028957
v -0.171908 -1.446152 0.030450
v -0.169689 -1.435801 0.027771
v -0.169560 -1.435493 0.027530
v -0.169107 -1.435775 0.004565
v -0.169107 -1.435775 0.000000
v -0.171517 -1.446187 0.030470
v -0.169255 -1.435682 0.027755
v -0.169219 -1.435479 0.027532
v -0.159324 -1.441156 0.028309
v -0.168770 -1.435739 0.004565
v -0.168770 -1.435739 0.000000
v -0.083448 -1.483887 0.027710
v -0.159110 -1.441066 0.028067
v -0.159470 -1.441001 0.004565
v -0.082022 -1.475292 0.022617
v -0.159470 -1.441001 0.000000
v -0.081997 -1.475124 0.022351
v -0.082091 -1.474377 0.000750
v -0.081754 -1.475755 0.022679
v -0.081748 -1.475398 0.022349
v -0.081808 -1.474626 0.000750
v -0.083113 -1.484164 0.027687
v -0.081809 -1.474613 0.000000
v -0.082092 -1.474364 0.000000
v -0.079244 -1.482765 0.022693
v -0.079365 -1.482819 0.023007
v -0.078145 -1.480983 0.000750
v -0.078126 -1.480952 0.000000
v -0.084624 -1.675384 0.024892
v -0.080476 -1.678415 0.019535
v -0.080362 -1.678505 0.019216
v -0.080252 -1.677445 0.000750
v -0.080249 -1.677423 0.000000
v -0.084708 -1.675785 0.024899
v -0.080545 -1.678834 0.019512
v -0.080435 -1.678898 0.019201
v -0.080329 -1.677836 0.000750
v -0.080327 -1.677814 0.000000
v -0.125714 -1.775513 0.023935
v -0.119537 -1.776907 0.013630
v -0.119473 -1.776927 0.013305
v -0.121575 -1.776807 0.000746
v -0.121637 -1.776804 0.000000
v -0.125714 -1.775901 0.023930
v -0.119540 -1.777290 0.013630
v -0.119475 -1.777305 0.013300
v -0.121576 -1.777185 0.000746
v -0.121638 -1.777181 0.000000
v -0.076759 -1.865023 0.016515
v -0.076837 -1.865120 0.016838
v -0.077237 -1.863595 0.000750
v -0.077248 -1.863561 0.000000
v -0.081334 -1.869157 0.024655
v -0.076705 -1.865417 0.016525
v -0.077179 -1.863989 0.000750
v -0.076790 -1.865540 0.016854
v -0.077190 -1.863955 0.000000
v -0.081277 -1.869567 0.024639
v -0.100143 -2.062179 0.017323
v -0.100100 -2.062109 0.000750
v -0.100100 -2.062109 0.000000
v -0.100291 -2.062271 0.017628
v -0.106364 -2.068154 0.022802
v -0.100127 -2.062582 0.017328
v -0.100083 -2.062511 0.000751
v -0.100083 -2.062511 0.000000
v -0.100255 -2.062732 0.017612
v -0.046122 -2.356896 0.018577
v -0.045603 -2.357493 0.000751
v -0.106362 -2.068639 0.022810
v -0.046325 -2.356886 0.018828
v -0.045592 -2.357506 0.000000
v -0.046216 -2.357279 0.018707
v -0.045955 -2.357279 0.018389
v -0.045447 -2.357859 0.000751
v -0.029737 -2.379659 0.000688
v -0.045436 -2.357871 0.000000
v -0.047467 -2.356895 0.019247
v -0.047229 -2.357271 0.019081
v -0.029547 -2.380234 0.000538
v -0.029826 -2.380661 0.000458
v -0.029501 -2.379985 0.000000
v -0.029362 -2.380489 0.000000
v -0.029665 -2.380876 0.000000
v -0.255012 -1.510260 0.000000
v -0.257937 -1.518993 -0.000555
v -0.258208 -1.519217 0.000000
v -0.254677 -1.510010 -0.000668
v -0.254596 -1.509774 0.000000
v -0.218770 -1.486483 -0.028957
v -0.254226 -1.509500 -0.000734
v -0.219631 -1.483947 -0.025583
v -0.219681 -1.483849 -0.025243
v -0.219307 -1.483490 -0.000750
v -0.218967 -1.483220 0.000000
v -0.218967 -1.483220 -0.000750
v -0.219352 -1.483576 -0.025349
v -0.176402 -1.442358 0.000000
v -0.176425 -1.442336 -0.004565
v -0.219313 -1.483683 -0.025685
v -0.218454 -1.486232 -0.029052
v -0.218770 -1.486483 -0.028957
v -0.177675 -1.441113 -0.028096
v -0.177818 -1.440989 -0.027851
v -0.171908 -1.446152 -0.030449
v -0.169689 -1.435801 -0.027771
v -0.169560 -1.435493 -0.027530
v -0.169107 -1.435775 -0.004564
v -0.169107 -1.435775 0.000000
v -0.171517 -1.446187 -0.030470
v -0.169255 -1.435682 -0.027755
v -0.169219 -1.435479 -0.027532
v -0.159324 -1.441156 -0.028309
v -0.168770 -1.435739 -0.004565
v -0.083448 -1.483887 -0.027710
v -0.159110 -1.441066 -0.028067
v -0.159470 -1.441001 -0.004565
v -0.082022 -1.475292 -0.022617
v -0.081997 -1.475124 -0.022350
v -0.082091 -1.474377 -0.000750
v -0.081754 -1.475755 -0.022678
v -0.081748 -1.475398 -0.022349
v -0.081808 -1.474626 -0.000750
v -0.083113 -1.484164 -0.027687
v -0.082092 -1.474364 0.000000
v -0.081809 -1.474613 0.000000
v -0.079244 -1.482765 -0.022693
v -0.079365 -1.482819 -0.023006
v -0.078145 -1.480983 -0.000750
v -0.078126 -1.480952 0.000000
v -0.084624 -1.675384 -0.024891
v -0.080476 -1.678415 -0.019535
v -0.080362 -1.678505 -0.019216
v -0.260677 -0.471717 0.019178
v -0.361452 -0.398766 -0.032574
v -0.260975 -0.471446 -0.019223
v -0.359161 -0.405696 -0.036326
v -0.260578 -0.471598 -0.018893
v -0.261344 -0.470984 0.000000
v -0.249410 -0.492646 0.017022
v -0.249477 -0.492756 0.017327
v -0.358050 -0.406085 -0.036426
v -0.250772 -0.495525 0.020359
v -0.260677 -0.471717 -0.019178
v -0.249410 -0.492646 -0.017022
v -0.248372 -0.493718 0.000000
v -0.242304 -0.506765 0.017210
v -0.263261 -0.474508 -0.021920
v -0.263590 -0.474223 -0.021963
v -0.242458 -0.506826 0.017529
v -0.249477 -0.492756 -0.017327
v -0.242304 -0.506765 -0.017210
v -0.242060 -0.507755 0.000000
v -0.245354 -0.508217 0.019979
v -0.243522 -0.509795 0.018028
v -0.243395 -0.510328 0.000000
v -0.243644 -0.509679 0.018324
v -0.250772 -0.495525 -0.020359
v -0.242458 -0.506826 -0.017529
v -0.243522 -0.509795 -0.018028
v -0.243671 -0.510595 0.000000
v -0.245545 -0.508534 0.020004
v -0.243914 -0.509949 0.018418
v -0.243788 -0.510063 0.018119
v -0.245354 -0.508217 -0.019979
v -0.243644 -0.509679 -0.018324
v -0.243914 -0.509949 -0.018418
v -0.243788 -0.510063 -0.018119
v -0.245881 -0.511651 0.000000
v -0.246983 -0.511412 0.018787
v -0.247036 -0.511268 0.019092
v -0.245545 -0.508534 -0.020004
v -0.247406 -0.510033 0.020207
v -0.246983 -0.511412 -0.018787
v -0.247036 -0.511268 -0.019092
v -0.260895 -0.512941 0.000000
v -0.260488 -0.512889 0.019683
v -0.260458 -0.512757 0.019989
v -0.260488 -0.512889 -0.019682
v -0.279947 -0.509111 0.000000
v -0.247406 -0.510033 -0.020207
v -0.260458 -0.512757 -0.019989
v -0.260155 -0.511248 0.022020
v -0.279337 -0.509044 0.021775
v -0.279421 -0.509140 0.021467
v -0.277378 -0.506724 0.024775
v -0.279337 -0.509044 -0.021775
v -0.279421 -0.509140 -0.021467
v -0.280341 -0.509015 0.000000
v -0.260155 -0.511248 -0.022019
v -0.277378 -0.506724 -0.024775
v -0.277786 -0.506610 0.024844
v -0.279727 -0.508948 0.021832
v -0.279812 -0.509044 0.021524
v -0.277786 -0.506610 -0.024844
v -0.279727 -0.508948 -0.021832
v -0.279812 -0.509044 -0.021524
v -0.352301 -0.485977 0.000000
v -0.348471 -0.486146 0.036462
v -0.349020 -0.485765 0.034875
v -0.349132 -0.485948 0.034543
v -0.348471 -0.486146 -0.036462
v -0.349020 -0.485765 -0.034875
v -0.349132 -0.485948 -0.034543
v -0.349056 -0.486123 0.036363
v -0.349622 -0.485724 0.034783
v -0.349744 -0.485905 0.034449
v -0.352901 -0.485941 0.000000
v -0.349744 -0.485905 -0.034449
v -0.349622 -0.485724 -0.034783
v -0.349056 -0.486123 -0.036362
v -0.393202 -0.476933 0.000000
v -0.393469 -0.476738 0.000307
v -0.394326 -0.475425 0.000273
v -0.393469 -0.476738 -0.000307
v -0.394326 -0.475425 -0.000273
v -0.393627 -0.476724 0.000000
v -0.394468 -0.475413 0.000000
v -0.096828 -0.722496 0.021137
v -0.118317 -0.711176 0.022980
v -0.103074 -0.726463 0.013541
v -0.097195 -0.727001 0.021237
v -0.123644 -0.716088 0.017384
v -0.102545 -0.732146 0.015293
v -0.106903 -0.871630 0.023910
v -0.125453 -0.710275 0.015313
v -0.101056 -0.638481 0.018866
v -0.112121 -0.874749 0.019429
v -0.102804 -0.732339 0.014603
v -0.116558 -0.985020 0.026758
v -0.112423 -0.874937 0.018769
v -0.122563 -0.987721 0.023620
v -0.119043 -1.008546 0.027364
v -0.122934 -0.987892 0.023025
v -0.123922 -1.008492 0.021633
v -0.125509 -1.072923 0.028367
v -0.124389 -1.008493 0.021063
v -0.123010 -0.988042 0.000000
v -0.127911 -1.076152 0.022514
v -0.103024 -0.732846 0.000000
v -0.112624 -0.875237 0.000000
v -0.112423 -0.874937 -0.018769
v -0.125181 -1.073328 0.028392
v -0.128091 -1.076442 0.021750
v -0.127491 -1.076739 0.022479
v -0.125300 -1.009016 0.000000
v -0.129685 -1.076087 0.000000
v -0.122934 -0.987892 -0.023025
v -0.124389 -1.008493 -0.021063
v -0.129282 -1.076585 0.000000
v -0.127691 -1.076924 0.021750
v -0.128091 -1.076442 -0.021750
v -0.041240 -1.084062 0.026807
v -0.041250 -1.084490 0.026233
v -0.041265 -1.076716 0.029914
v -0.042129 -1.085185 0.000000
v -0.127691 -1.076924 -0.021750
v -0.127911 -1.076152 -0.022513
v -0.123922 -1.008492 -0.021633
v -0.127491 -1.076739 -0.022479
v -0.041250 -1.084490 -0.026233
v -0.040837 -1.076786 0.029859
v -0.040779 -1.084108 0.026767
v -0.040804 -1.084550 0.026172
v -0.041685 -1.085217 0.000000
v -0.040804 -1.084550 -0.026172
v -0.125181 -1.073328 -0.028392
v -0.125509 -1.072923 -0.028367
v -0.041240 -1.084062 -0.026807
v -0.040779 -1.084108 -0.026767
v -0.036360 -1.078932 0.027581
v -0.036741 -1.084993 0.024713
v -0.036343 -1.085495 0.023844
v -0.035448 -1.084846 0.000000
v -0.036343 -1.085495 -0.023844
v -0.036741 -1.084993 -0.024713
v -0.035942 -1.079073 0.026979
v -0.041265 -1.076716 -0.029914
v -0.040837 -1.076786 -0.029859
v -0.036360 -1.078932 -0.027581
v -0.034981 -1.076724 0.000000
v -0.035942 -1.079073 -0.026979
v -0.119043 -1.008546 -0.027364
v -0.122563 -0.987721 -0.023620
v -0.116558 -0.985020 -0.026758
v -0.112121 -0.874749 -0.019429
v -0.106903 -0.871630 -0.023910
v -0.080252 -1.677445 -0.000750
v -0.080249 -1.677423 0.000000
v -0.084708 -1.675785 -0.024899
v -0.080545 -1.678834 -0.019512
v -0.080435 -1.678898 -0.019200
v -0.080329 -1.677836 -0.000750
v -0.080327 -1.677814 0.000000
v -0.125714 -1.775513 -0.023935
v -0.119537 -1.776907 -0.013630
v -0.119473 -1.776927 -0.013305
v -0.121575 -1.776807 -0.000746
v -0.121637 -1.776804 0.000000
v -0.125714 -1.775901 -0.023930
v -0.119540 -1.777290 -0.013629
v -0.119475 -1.777305 -0.013300
v -0.121576 -1.777185 -0.000746
v -0.121638 -1.777181 0.000000
v -0.076759 -1.865023 -0.016515
v -0.076837 -1.865120 -0.016837
v -0.077237 -1.863595 -0.000750
v -0.077248 -1.863561 0.000000
v -0.081334 -1.869157 -0.024654
v -0.076705 -1.865417 -0.016525
v -0.077179 -1.863989 -0.000750
v -0.076790 -1.865540 -0.016854
v -0.077190 -1.863955 0.000000
v -0.081277 -1.869567 -0.024639
v -0.100143 -2.062179 -0.017323
v -0.100100 -2.062109 -0.000750
v -0.100100 -2.062109 0.000000
v -0.100291 -2.062271 -0.017628
v -0.106364 -2.068154 -0.022802
v -0.100127 -2.062582 -0.017328
v -0.100083 -2.062511 -0.000750
v -0.100083 -2.062511 0.000000
v -0.100255 -2.062732 -0.017612
v -0.046122 -2.356896 -0.018577
v -0.045603 -2.357493 -0.000750
v -0.106362 -2.068639 -0.022810
v -0.046325 -2.356886 -0.018827
v -0.045592 -2.357506 0.000000
v -0.046216 -2.357279 -0.018706
v -0.045955 -2.357279 -0.018388
v -0.045447 -2.357859 -0.000750
v -0.029737 -2.379659 -0.000688
v -0.045436 -2.357871 0.000000
v -0.047467 -2.356895 -0.019246
v -0.047229 -2.357271 -0.019081
v -0.029547 -2.380234 -0.000538
v -0.029826 -2.380661 -0.000457
v -0.029501 -2.379985 0.000000
v -0.029362 -2.380489 0.000000
v -0.029665 -2.380876 0.000000
v -0.140913 -1.188100 0.025823
v -0.147274 -1.203746 0.028554
v -0.135405 -1.192957 0.028499
v -0.135969 -1.181307 0.024749
v -0.142327 -1.182991 0.017121
v -0.072959 -1.187653 0.025604
v -0.073774 -1.202323 0.029259
v -0.138600 -1.178145 0.013582
v -0.076040 -1.185952 0.015287
v -0.054790 -1.193918 0.022623
v -0.141936 -1.181334 0.000000
v -0.140483 -1.177267 0.000000
v -0.078144 -1.185112 0.000000
v -0.054377 -1.193630 0.013201
v -0.053995 -1.194028 0.000000
v -0.055059 -1.206147 0.025552
v -0.062819 -1.232885 0.029737
v -0.054158 -1.213532 0.019362
v -0.054173 -1.215832 0.000000
v -0.055319 -1.233755 0.028036
v -0.067466 -1.451379 0.028696
v -0.054438 -1.233767 0.021424
v -0.054404 -1.232924 0.000000
v -0.061687 -1.456649 0.021101
v -0.062183 -1.462304 0.024741
v -0.068458 -1.430791 0.000000
v -0.073180 -1.452933 0.028660
v -0.061840 -1.469210 0.014951
v -0.061759 -1.463690 0.000000
v -0.061873 -1.470245 0.022255
v -0.071804 -1.466210 0.023543
v -0.061859 -1.471123 0.000000
v -0.064342 -1.476207 0.015482
v -0.062031 -1.475116 0.011806
v -0.064336 -1.475863 0.021818
v -0.075725 -1.463385 0.018353
v -0.155235 -1.385547 0.029629
v -0.153888 -1.373078 0.030574
v -0.063784 -1.476921 0.012853
v -0.065722 -1.474936 0.000000
v -0.159169 -1.381539 0.024848
v -0.077106 -1.461791 0.007111
v -0.076899 -1.462030 0.000000
v -0.161090 -1.379529 0.011440
v -0.159816 -1.369773 0.026846
v -0.160857 -1.380375 0.000000
v -0.155652 -1.357311 0.030253
v -0.160227 -1.365413 0.013163
v -0.160146 -1.364300 0.000000
v -0.147115 -1.198956 0.026716
v -0.146132 -1.187530 0.013715
v -0.147274 -1.203746 0.028554
v -0.140913 -1.188100 0.025823
v -0.145495 -1.183960 0.000000
v -0.142327 -1.182991 0.017121
v -0.141936 -1.181334 0.000000
v -0.140913 -1.188100 -0.025823
v -0.135405 -1.192957 -0.028498
v -0.147274 -1.203746 -0.028554
v -0.135969 -1.181307 -0.024748
v -0.142327 -1.182991 -0.017120
v -0.072959 -1.187653 -0.025604
v -0.073774 -1.202323 -0.029259
v -0.138600 -1.178145 -0.013582
v -0.076040 -1.185952 -0.015287
v -0.054790 -1.193918 -0.022623
v -0.141936 -1.181334 0.000000
v -0.140483 -1.177267 0.000000
v -0.078144 -1.185112 0.000000
v -0.054377 -1.193630 -0.013201
v -0.053995 -1.194028 0.000000
v -0.055059 -1.206147 -0.025552
v -0.062819 -1.232885 -0.029737
v -0.054158 -1.213532 -0.019361
v -0.054173 -1.215832 0.000000
v -0.055319 -1.233755 -0.028036
v -0.067466 -1.451379 -0.028696
v -0.054438 -1.233767 -0.021424
v -0.054404 -1.232924 0.000000
v -0.061687 -1.456649 -0.021101
v -0.062183 -1.462304 -0.024741
v -0.068458 -1.430791 0.000000
v -0.073180 -1.452933 -0.028660
v -0.061840 -1.469210 -0.014951
v -0.061759 -1.463690 0.000000
v -0.061873 -1.470245 -0.022255
v -0.071804 -1.466210 -0.023543
v -0.061859 -1.471123 0.000000
v -0.064342 -1.476207 -0.015481
v -0.062031 -1.475116 -0.011806
v -0.064336 -1.475863 -0.021818
v -0.155235 -1.385547 -0.029629
v -0.075725 -1.463385 -0.018352
v -0.153888 -1.373078 -0.030574
v -0.063784 -1.476921 -0.012853
v -0.065722 -1.474936 0.000000
v -0.159169 -1.381539 -0.024848
v -0.077106 -1.461791 -0.007111
v -0.076899 -1.462030 0.000000
v -0.161090 -1.379529 -0.011440
v -0.159816 -1.369773 -0.026846
v -0.160857 -1.380375 0.000000
v -0.155652 -1.357311 -0.030253
v -0.160227 -1.365413 -0.013163
v -0.160146 -1.364300 0.000000
v -0.147115 -1.198956 -0.026716
v -0.146132 -1.187530 -0.013715
v -0.147274 -1.203746 -0.028554
v -0.140913 -1.188100 -0.025823
v -0.145495 -1.183960 0.000000
v -0.142327 -1.182991 -0.017120
v -0.141936 -1.181334 0.000000
v -0.040757 -1.881456 0.000000
v -0.041022 -1.879875 0.023457
v -0.040831 -1.881845 0.000000
v -0.040973 -1.879481 0.023517
v -0.043643 -1.878847 0.024329
v -0.043587 -1.878465 0.024399
v -0.043443 -1.808601 0.021716
v -0.102545 -0.732146 -0.015292
v -0.102804 -0.732339 -0.014603
v -0.097195 -0.727001 -0.021237
v -0.103739 -0.726340 0.000000
v -0.103191 -0.726636 -0.015264
v -0.124017 -0.715888 -0.016608
v -0.103074 -0.726463 -0.013540
v -0.096828 -0.722496 -0.021137
v -0.103191 -0.726636 0.015264
v -0.124017 -0.715888 0.016608
v -0.125495 -0.714244 0.000000
v -0.118317 -0.711176 -0.022980
v -0.123644 -0.716088 -0.017384
v -0.125453 -0.710275 -0.015313
v -0.101056 -0.638481 -0.018866
v -0.125757 -0.710207 0.014575
v -0.125779 -0.709402 0.000000
v -0.125757 -0.710207 -0.014575
v -0.107523 -0.639491 -0.010643
v -0.107858 -0.639762 -0.009978
v -0.110236 -0.646408 0.000000
v -0.107858 -0.639762 0.009978
v -0.101027 -0.628778 0.000000
v -0.100748 -0.628014 -0.005861
v -0.094568 -0.624899 -0.010864
v -0.100434 -0.627785 -0.006509
v -0.095828 -0.612945 0.000000
v -0.100748 -0.628014 0.005861
v -0.107523 -0.639491 0.010643
v -0.094698 -0.611050 0.000000
v -0.100434 -0.627785 0.006509
v -0.094568 -0.624899 0.010864
v -0.092932 -0.609828 0.000000
v -0.079866 -0.612955 0.000000
v -0.080592 -0.638693 0.018857
v -0.076466 -0.621700 0.005785
v -0.079053 -0.613998 0.000000
v -0.076466 -0.621700 -0.005785
v -0.075992 -0.621752 0.005248
v -0.070480 -0.638322 0.012731
v -0.070890 -0.638256 0.013305
v -0.074734 -0.624479 0.000000
v -0.075992 -0.621752 -0.005248
v -0.070480 -0.638322 -0.012731
v -0.068702 -0.641091 0.000000
v -0.064009 -0.660083 0.015910
v -0.064289 -0.660502 0.016537
v -0.069527 -0.669970 0.019701
v -0.070890 -0.638256 -0.013305
v -0.064009 -0.660083 -0.015909
v -0.063019 -0.661406 0.000000
v -0.056605 -0.700285 0.000000
v -0.056835 -0.703166 0.012622
v -0.057166 -0.703431 0.013235
v -0.068036 -0.709354 0.020900
v -0.064289 -0.660502 -0.016537
v -0.056835 -0.703166 -0.012622
v -0.057476 -0.706321 0.000000
v -0.056276 -0.709159 0.012756
v -0.056580 -0.709432 0.013403
v -0.080592 -0.638693 -0.018857
v -0.067404 -0.715215 0.021053
v -0.069527 -0.669970 -0.019701
v -0.057166 -0.703431 -0.013235
v -0.056276 -0.709159 -0.012756
v -0.050961 -0.851050 0.000000
v -0.050299 -0.855702 0.016176
v -0.050315 -0.856148 0.016923
v -0.051348 -0.864244 0.025340
v -0.068036 -0.709354 -0.020900
v -0.056580 -0.709432 -0.013403
v -0.050299 -0.855702 -0.016176
v -0.035582 -0.969373 0.000000
v -0.035238 -0.968534 0.018949
v -0.035253 -0.968635 0.019720
v -0.041495 -0.968186 0.028407
v -0.040645 -0.982330 0.021629
v -0.067404 -0.715215 -0.021053
v -0.050315 -0.856148 -0.016923
v -0.035238 -0.968534 -0.018948
v -0.041580 -0.982454 0.000000
v -0.040506 -0.982819 0.020972
v -0.041295 -0.996766 0.028559
v -0.032456 -0.995099 0.021573
v -0.032076 -0.995047 0.020926
v -0.051348 -0.864244 -0.025340
v -0.035253 -0.968635 -0.019720
v -0.040645 -0.982330 -0.021629
v -0.040506 -0.982819 -0.020972
v -0.029387 -0.995595 0.000000
v -0.032076 -0.995047 -0.020925
v -0.041394 -0.968272 -0.028351
v -0.040840 -1.076338 0.029894
v -0.036319 -1.078457 0.027604
v -0.032456 -0.995099 -0.021573
v -0.041295 -0.996766 -0.028558
v -0.034956 -1.076277 0.000000
v -0.035925 -1.078627 0.027017
v -0.035925 -1.078627 -0.027017
v -0.036319 -1.078457 -0.027604
v -0.040840 -1.076338 -0.029894
v -0.034981 -1.076724 0.000000
v -0.040837 -1.076786 0.029859
v -0.036360 -1.078932 0.027581
v -0.035942 -1.079073 0.026979
v -0.035942 -1.079073 -0.026979
v -0.036360 -1.078932 -0.027581
v -0.040837 -1.076786 -0.029859
v -0.103191 -0.726636 0.015264
v -0.103074 -0.726463 0.013541
v -0.103074 -0.726463 -0.013540
v -0.103191 -0.726636 -0.015264
v -0.072010 -1.883138 0.017962
v -0.067072 -1.887219 0.000000
v -0.072090 -1.882822 0.000000
v -0.072010 -1.883138 -0.017961
v -0.068309 -1.886387 0.023597
v -0.070929 -1.885868 0.024610
v -0.054007 -1.897973 0.021508
v -0.054519 -1.899947 0.024183
v -0.054057 -1.897666 0.000000
v -0.068309 -1.886387 -0.023596
v -0.054007 -1.897973 -0.021507
v 0.017116 -2.007192 0.000000
v 0.017638 -2.008759 0.017974
v -0.070929 -1.885868 -0.024953
v -0.054519 -1.899947 -0.024527
v 0.017638 -2.008759 -0.017974
v 0.018639 -2.010576 0.000000
v 0.016822 -2.010005 0.020721
v 0.018510 -2.011135 0.018235
v 0.017700 -2.012062 0.017873
v 0.016822 -2.010005 -0.021065
v 0.018510 -2.011135 -0.018234
v 0.018169 -2.012288 0.000000
v 0.017700 -2.012062 -0.017873
v 0.008863 -2.020355 0.000000
v -0.031155 -2.004563 0.018821
v -0.031490 -2.001989 0.022464
v -0.031155 -2.004563 -0.018821
v -0.032063 -2.004378 0.000000
v -0.031490 -2.001989 -0.022808
v -0.031854 -2.001854 0.022264
v -0.031506 -2.004336 0.018829
v -0.031854 -2.001854 -0.022608
v -0.031506 -2.004336 -0.018829
v -0.032376 -2.004164 0.000000
v -0.034511 -2.000870 0.000000
v -0.034215 -2.000566 0.019168
v -0.034215 -2.000566 -0.019168
v -0.034688 -2.000509 0.000000
v -0.032003 -2.001421 0.022462
v -0.034440 -2.000140 0.019198
v -0.043644 -1.807603 0.000000
v -0.046041 -1.807085 0.025302
v -0.075488 -1.696620 0.025490
v -0.072301 -1.704790 0.000000
v -0.079099 -1.697686 0.026103
v -0.077244 -1.691012 0.024488
v -0.076027 -1.693854 0.000000
v -0.080315 -1.691082 0.025251
v -0.079449 -1.697936 0.026088
v -0.078217 -1.688203 0.020694
v -0.079852 -1.688123 0.020725
v -0.078023 -1.688033 0.000000
v -0.079912 -1.688186 0.000000
v -0.081108 -1.692868 0.000000
v -0.107887 -1.799970 0.023127
v -0.104451 -1.801768 0.024982
v -0.108443 -1.801360 0.000000
v -0.107889 -1.800387 0.023124
v -0.104555 -1.802153 0.024920
v -0.108453 -1.801749 0.000000
v -0.106250 -1.807350 0.023192
v -0.107555 -1.806198 0.000000
v -0.104278 -1.802490 0.024989
v -0.106061 -1.807793 0.023193
v -0.107401 -1.806579 0.000000
v -0.043971 -1.878608 0.024373
v -0.045374 -1.883031 0.022655
v -0.045709 -1.882913 0.000000
v -0.043643 -1.878847 0.024329
v -0.045107 -1.883378 0.022581
v -0.045435 -1.883211 0.000000
v -0.041022 -1.879875 0.023457
v -0.042748 -1.885978 0.021415
v -0.042421 -1.885555 0.000000
v -0.040831 -1.881845 0.000000
v -0.041022 -1.879875 -0.023457
v -0.040831 -1.881845 0.000000
v -0.040973 -1.879481 -0.023516
v -0.043643 -1.878847 -0.024329
v -0.043644 -1.807603 0.000000
v -0.043587 -1.878465 -0.024399
v -0.043443 -1.808601 -0.021716
v -0.072301 -1.704790 0.000000
v -0.046041 -1.807085 -0.025302
v -0.075488 -1.696620 -0.025490
v -0.076027 -1.693854 0.000000
v -0.079099 -1.697686 -0.026103
v -0.077244 -1.691012 -0.024488
v -0.078217 -1.688203 -0.020694
v -0.078023 -1.688033 0.000000
v -0.080315 -1.691082 -0.025251
v -0.079852 -1.688123 -0.020725
v -0.079912 -1.688186 0.000000
v -0.081108 -1.692868 0.000000
v -0.079449 -1.697936 -0.026087
v -0.107887 -1.799970 -0.023127
v -0.108443 -1.801360 0.000000
v -0.104451 -1.801768 -0.024981
v -0.107889 -1.800387 -0.023124
v -0.108453 -1.801749 0.000000
v -0.104555 -1.802153 -0.024920
v -0.106250 -1.807350 -0.023192
v -0.107555 -1.806198 0.000000
v -0.104278 -1.802490 -0.024988
v -0.106061 -1.807793 -0.023193
v -0.107401 -1.806579 0.000000
v -0.043971 -1.878608 -0.024373
v -0.045374 -1.883031 -0.022655
v -0.045709 -1.882913 0.000000
v -0.043643 -1.878847 -0.024329
v -0.045107 -1.883378 -0.022581
v -0.045435 -1.883211 0.000000
v -0.041022 -1.879875 -0.023457
v -0.042748 -1.885978 -0.021414
v -0.042421 -1.885555 0.000000
v -0.040831 -1.881845 0.000000
v 0.005549 -1.555110 0.024588
v 0.004947 -1.562049 0.020157
v 0.006515 -1.554646 0.024564
v 0.004041 -1.562297 0.020341
v -0.055940 -1.556381 0.024470
v 0.004562 -1.562684 0.013198
v -0.056940 -1.562352 0.019351
v 0.005461 -1.562422 0.013017
v 0.003364 -1.562724 0.000000
v -0.061700 -1.562525 0.013448
v -0.058044 -1.562170 0.019157
v -0.056833 -1.555895 0.024664
v 0.004277 -1.562482 0.000000
v -0.062630 -1.562262 0.013564
v -0.068992 -1.558191 0.015303
v -0.062714 -1.562233 0.000000
v -0.061873 -1.562588 0.000000
v -0.069914 -1.555163 0.000000
v -0.068314 -1.551950 0.022066
v -0.061700 -1.562525 -0.013447
v 0.005461 -1.562422 -0.013017
v 0.004562 -1.562684 -0.013198
v -0.062630 -1.562262 -0.013563
v -0.062339 -1.442595 0.025877
v -0.070150 -1.440689 0.023636
v -0.058044 -1.562170 -0.019157
v -0.056940 -1.562352 -0.019351
v -0.068992 -1.558191 -0.015303
v 0.004947 -1.562049 -0.020157
v 0.004041 -1.562297 -0.020340
v -0.055940 -1.556381 -0.024470
v -0.056833 -1.555895 -0.024664
v 0.005549 -1.555110 -0.024588
v 0.006515 -1.554646 -0.024563
v -0.068314 -1.551950 -0.022066
v -0.062330 -1.442804 -0.025874
v -0.070150 -1.440689 -0.023636
v -0.070592 -1.438437 0.000000
v -0.062348 -1.442387 -0.025879
v -0.036125 -1.125120 -0.029589
v -0.043735 -1.129665 0.000000
v -0.042953 -1.120661 -0.028964
v -0.030095 -1.017846 -0.030508
v -0.042953 -1.120661 0.028965
v -0.034684 -1.025391 0.000000
v -0.032861 -1.013008 -0.023814
v -0.032861 -1.013008 0.023814
v -0.033033 -1.010069 0.000000
v -0.030095 -1.017846 0.030508
v -0.036125 -1.125120 0.029590
v -0.062339 -1.442595 0.025877
v -0.032470 -1.008720 -0.024387
v -0.020588 -1.011904 -0.025085
v -0.021984 -1.017962 -0.030397
v -0.032470 -1.008720 0.024387
v -0.020588 -1.011904 0.025085
v -0.029091 -1.004719 -0.020056
v -0.029091 -1.004719 0.020056
v -0.029449 -1.007057 0.000000
v -0.021984 -1.017962 0.030397
v -0.021679 -1.005075 -0.018670
v -0.006707 -1.117473 -0.016075
v -0.006015 -1.122483 -0.024143
v -0.021679 -1.005075 0.018670
v -0.021456 -1.005881 0.000000
v -0.008980 -1.126374 -0.028674
v -0.006707 -1.117473 0.016075
v -0.006015 -1.122483 0.024144
v -0.006640 -1.118034 0.000000
v 0.040875 -1.475390 -0.007571
v 0.039601 -1.474517 -0.020936
v -0.008980 -1.126374 0.028674
v 0.040875 -1.475390 0.007571
v 0.039601 -1.474517 0.020936
v 0.040834 -1.475095 0.000000
v 0.033411 -1.471201 -0.025600
v 0.040798 -1.475489 0.000000
v 0.039567 -1.474924 -0.020933
v 0.040839 -1.475785 -0.007574
v 0.033378 -1.471616 -0.025595
v 0.033411 -1.471201 0.025600
v 0.039567 -1.474924 0.020933
v 0.040839 -1.475785 0.007574
v 0.033378 -1.471616 0.025596
v 0.015468 -1.544533 0.000000
v 0.014486 -1.548192 -0.010530
v 0.012688 -1.553880 -0.020504
v 0.014486 -1.548192 0.010531
v 0.012688 -1.553880 0.020504
v -0.032003 -2.001421 -0.022805
v -0.034440 -2.000140 -0.019198
v -0.071188 -1.891151 0.000000
v -0.071669 -1.889762 0.020087
v -0.071669 -1.889762 -0.020087
v -0.070929 -1.885868 0.024610
v -0.070929 -1.885868 -0.024953
v -0.072790 -1.885543 0.016297
v -0.072010 -1.883138 0.017962
v -0.072891 -1.885128 0.000000
v -0.072790 -1.885543 -0.016296
v -0.072010 -1.883138 -0.017961
v -0.072090 -1.882822 0.000000
v -0.022779 -1.929222 0.015196
v -0.021544 -1.924798 0.000000
v -0.022618 -1.928680 0.000000
v -0.017363 -1.934025 0.000000
v -0.021525 -1.926069 0.018703
v -0.016808 -1.934549 0.017830
v -0.015113 -1.930063 0.020911
v -0.020153 -1.920671 0.017780
v -0.020155 -1.920292 0.000000
v -0.017063 -1.934299 0.000000
v -0.014849 -1.930450 0.020865
v -0.016500 -1.934813 0.017888
v -0.016917 -1.914393 0.021157
v -0.058766 -1.630493 0.000000
v -0.058910 -1.629105 0.021242
v 0.069948 -2.003094 0.020303
v 0.071540 -2.007957 0.014283
v 0.071905 -2.008137 0.000000
v -0.054607 -1.627007 0.024216
v -0.073634 -1.590568 0.000000
v -0.074302 -1.587705 0.022680
v 0.089019 -2.004835 0.020273
v 0.093520 -2.010760 0.000000
v 0.093686 -2.010605 0.016203
v 0.095124 -2.001135 0.016298
v -0.070295 -1.580495 0.024239
v -0.077166 -1.578863 0.018488
v -0.076622 -1.581000 0.000000
v -0.076375 -1.574047 0.014575
v 0.090692 -1.999687 0.020438
v 0.094169 -1.998895 0.000000
v 0.064793 -1.930216 0.017749
v 0.062007 -1.931539 0.020910
v -0.070642 -1.573195 0.019819
v -0.075631 -1.573956 0.000000
v -0.060224 -1.572422 0.000000
v 0.001545 -1.621547 0.024508
v 0.064510 -1.929199 0.000000
v 0.006152 -1.619892 0.020818
v 0.005903 -1.616644 0.000000
v -0.001916 -1.578979 0.000000
v -0.003393 -1.574941 0.021678
v -0.008664 -1.575330 0.024825
v -0.004421 -1.569938 0.017458
v -0.004301 -1.569862 0.000000
v -0.019108 -1.570705 0.000000
v -0.016857 -1.570763 0.021408
v -0.070295 -1.580495 0.024239
v -0.060224 -1.572422 0.000000
v -0.070642 -1.573195 0.019819
v 0.071540 -2.007957 -0.014282
v 0.093520 -2.010760 0.000000
v -0.017063 -1.934299 0.000000
v 0.093686 -2.010605 -0.016203
v -0.016500 -1.934813 -0.017887
v 0.069948 -2.003094 -0.020303
v 0.089019 -2.004835 -0.020273
v 0.095124 -2.001135 -0.016298
v -0.016808 -1.934549 -0.017830
v -0.014849 -1.930450 -0.020865
v -0.017363 -1.934025 0.000000
v 0.090692 -1.999687 -0.020438
v 0.064793 -1.930216 -0.017749
v 0.062007 -1.931539 -0.020910
v 0.064510 -1.929199 0.000000
v -0.015113 -1.930063 -0.020911
v -0.022779 -1.929222 -0.015195
v -0.022618 -1.928680 0.000000
v 0.006152 -1.619892 -0.020818
v 0.001545 -1.621547 -0.024508
v 0.005903 -1.616644 0.000000
v -0.021544 -1.924798 0.000000
v -0.021525 -1.926069 -0.018702
v -0.020153 -1.920671 -0.017780
v -0.016917 -1.914393 -0.021157
v -0.001916 -1.578979 0.000000
v -0.003393 -1.574941 -0.021678
v -0.008664 -1.575330 -0.024824
v -0.004421 -1.569938 -0.017458
v -0.058766 -1.630493 0.000000
v -0.058910 -1.629105 -0.021242
v -0.054607 -1.627007 -0.024216
v -0.004301 -1.569862 0.000000
v -0.019108 -1.570705 0.000000
v -0.016857 -1.570763 -0.021408
v -0.070295 -1.580495 -0.024239
v -0.073634 -1.590568 0.000000
v -0.074302 -1.587705 -0.022679
v -0.070295 -1.580495 -0.024239
v -0.077166 -1.578863 -0.018488
v -0.060224 -1.572422 0.000000
v -0.070642 -1.573195 -0.019819
v -0.076622 -1.581000 0.000000
v -0.076375 -1.574047 -0.014575
v -0.070642 -1.573195 -0.019819
v -0.075631 -1.573956 0.000000
v -0.060224 -1.572422 0.000000
vt 0.667969 0.354492
vt 0.673828 0.350586
vt 0.673828 0.354004
vt 0.679688 0.354492
vt 0.681152 0.351074
vt 0.683105 0.354980
vt 0.685059 0.351562
vt 0.687500 0.355957
vt 0.664551 0.354980
vt 0.666504 0.351074
vt 0.662598 0.351562
vt 0.660156 0.355957
vt 0.388916 0.641602
vt 0.388672 0.640625
vt 0.389160 0.641113
vt 0.391846 0.636719
vt 0.391602 0.635742
vt 0.388916 0.612305
vt 0.405518 0.636719
vt 0.392090 0.615234
vt 0.405518 0.637207
vt 0.394531 0.639648
vt 0.405273 0.614258
vt 0.392090 0.614258
vt 0.405518 0.639648
vt 0.393066 0.642578
vt 0.405518 0.642578
vt 0.389404 0.612305
vt 0.389404 0.611328
vt 0.405273 0.613770
vt 0.391846 0.611328
vt 0.391846 0.610840
vt 0.405518 0.643555
vt 0.390625 0.360352
vt 0.405273 0.611328
vt 0.405273 0.610840
vt 0.393066 0.643066
vt 0.404297 0.359863
vt 0.392822 0.359375
vt 0.390869 0.283691
vt 0.395264 0.899902
vt 0.406494 0.900391
vt 0.389160 0.642090
vt 0.392822 0.896484
vt 0.404053 0.284180
vt 0.392578 0.283691
vt 0.392578 0.896973
vt 0.395264 0.900391
vt 0.406494 0.900879
vt 0.391113 0.282715
vt 0.390625 0.282715
vt 0.392578 0.283203
vt 0.404053 0.283691
vt 0.390625 0.918945
vt 0.393311 0.920898
vt 0.406494 0.921875
vt 0.393799 0.277832
vt 0.394043 0.278320
vt 0.394531 0.279297
vt 0.404053 0.278809
vt 0.404053 0.277832
vt 0.404053 0.277344
vt 0.390869 0.919434
vt 0.393311 0.921387
vt 0.406494 0.922852
vt 0.393555 0.970703
vt 0.395752 0.969238
vt 0.406738 0.970703
vt 0.395996 0.969727
vt 0.406738 0.971191
vt 0.393799 0.971680
vt 0.396729 0.973145
vt 0.393555 0.972168
vt 0.396729 0.973633
vt 0.406738 0.974609
vt 0.391846 0.983887
vt 0.406738 0.975098
vt 0.395996 0.986816
vt 0.406738 0.987793
vt 0.417480 0.986816
vt 0.416504 0.973633
vt 0.421387 0.983398
vt 0.419678 0.971680
vt 0.419434 0.971191
vt 0.416504 0.973145
vt 0.417480 0.969727
vt 0.419678 0.970703
vt 0.417480 0.969238
vt 0.419678 0.921387
vt 0.422119 0.919434
vt 0.419434 0.920898
vt 0.422363 0.918945
vt 0.417480 0.900391
vt 0.420166 0.896973
vt 0.417480 0.899902
vt 0.419922 0.895996
vt 0.417969 0.643066
vt 0.421875 0.641602
vt 0.421631 0.641113
vt 0.417725 0.642578
vt 0.416260 0.639648
vt 0.418945 0.636230
vt 0.422119 0.640137
vt 0.422119 0.641602
vt 0.419189 0.635742
vt 0.421631 0.612305
vt 0.418457 0.614746
vt 0.418457 0.614258
vt 0.421143 0.611816
vt 0.418945 0.611328
vt 0.421387 0.611328
vt 0.418945 0.610352
vt 0.418213 0.359863
vt 0.416016 0.359375
vt 0.417236 0.283203
vt 0.415771 0.283203
vt 0.416992 0.282715
vt 0.415527 0.282715
vt 0.417480 0.282715
vt 0.414307 0.277832
vt 0.414062 0.278320
vt 0.413574 0.279297
vt 0.555664 0.503906
vt 0.564453 0.500000
vt 0.565430 0.502441
vt 0.555664 0.501953
vt 0.563965 0.492676
vt 0.555176 0.493164
vt 0.563965 0.492188
vt 0.563477 0.491699
vt 0.555176 0.492188
vt 0.563477 0.491211
vt 0.555176 0.491699
vt 0.555664 0.505859
vt 0.565918 0.505859
vt 0.566895 0.626953
vt 0.556152 0.628418
vt 0.556152 0.628906
vt 0.567871 0.626953
vt 0.567871 0.626465
vt 0.568359 0.648438
vt 0.566895 0.504883
vt 0.566406 0.648926
vt 0.556152 0.649902
vt 0.569824 0.710938
vt 0.567383 0.502930
vt 0.567871 0.709961
vt 0.556641 0.709961
vt 0.566406 0.491211
vt 0.568359 0.776367
vt 0.570312 0.776855
vt 0.556641 0.776367
vt 0.565918 0.490234
vt 0.568359 0.776855
vt 0.570312 0.777832
vt 0.556641 0.776855
vt 0.569824 0.794922
vt 0.567871 0.795410
vt 0.556641 0.795410
vt 0.565430 0.490234
vt 0.564941 0.490234
vt 0.569824 0.795898
vt 0.568848 0.817383
vt 0.570312 0.819336
vt 0.568848 0.817871
vt 0.570312 0.819824
vt 0.568848 0.867676
vt 0.570312 0.868164
vt 0.557129 0.818848
vt 0.557129 0.868164
vt 0.557129 0.818359
vt 0.556641 0.795898
vt 0.568359 0.885254
vt 0.557129 0.883789
vt 0.568359 0.883789
vt 0.607910 0.019043
vt 0.607910 0.021973
vt 0.607910 0.018555
vt 0.628418 0.067871
vt 0.607910 0.022461
vt 0.625488 0.069336
vt 0.625488 0.069824
vt 0.625000 0.069824
vt 0.625000 0.069336
vt 0.618652 0.201172
vt 0.622559 0.201660
vt 0.608398 0.069824
vt 0.608398 0.069336
vt 0.609863 0.199219
vt 0.591309 0.070312
vt 0.622559 0.202148
vt 0.614746 0.208008
vt 0.609863 0.206055
vt 0.601074 0.201660
vt 0.614746 0.208496
vt 0.618652 0.217773
vt 0.609863 0.206543
vt 0.605469 0.208496
vt 0.622070 0.219727
vt 0.604980 0.208496
vt 0.609863 0.217773
vt 0.615234 0.217773
vt 0.614746 0.225098
vt 0.621582 0.232910
vt 0.597168 0.202637
vt 0.601562 0.218262
vt 0.604492 0.218262
vt 0.609863 0.224609
vt 0.605469 0.225098
vt 0.598145 0.220215
vt 0.618164 0.232910
vt 0.610352 0.233887
vt 0.616211 0.238281
vt 0.622559 0.244629
vt 0.598633 0.233398
vt 0.602051 0.233398
vt 0.604004 0.238281
vt 0.610352 0.237305
vt 0.610352 0.237793
vt 0.598145 0.245117
vt 0.604004 0.238770
vt 0.610352 0.240234
vt 0.615234 0.242188
vt 0.605469 0.242188
vt 0.619141 0.246582
vt 0.630371 0.307617
vt 0.629395 0.307617
vt 0.610352 0.245117
vt 0.601562 0.247070
vt 0.610352 0.250977
vt 0.628906 0.307617
vt 0.630371 0.308105
vt 0.592773 0.308594
vt 0.593262 0.308594
vt 0.610840 0.308105
vt 0.611816 0.340332
vt 0.611816 0.342285
vt 0.591797 0.308594
vt 0.591797 0.309082
vt 0.611328 0.340332
vt 0.611328 0.340820
vt 0.611328 0.342285
vt 0.607422 0.019043
vt 0.607422 0.018555
vt 0.607422 0.021973
vt 0.587891 0.068848
vt 0.597168 0.202148
vt 0.488037 0.176758
vt 0.487793 0.176758
vt 0.487793 0.176270
vt 0.505859 0.152832
vt 0.504883 0.152832
vt 0.487793 0.152832
vt 0.504883 0.152344
vt 0.506348 0.152344
vt 0.498291 0.109375
vt 0.499268 0.109863
vt 0.487793 0.110840
vt 0.497803 0.106934
vt 0.498779 0.099121
vt 0.487793 0.107422
vt 0.496094 0.103516
vt 0.487793 0.104492
vt 0.487793 0.100586
vt 0.496582 0.100098
vt 0.492920 0.096191
vt 0.487793 0.096680
vt 0.493164 0.095703
vt 0.500000 0.091309
vt 0.487793 0.095703
vt 0.487793 0.093262
vt 0.493164 0.093750
vt 0.493408 0.093750
vt 0.500000 0.090820
vt 0.487793 0.091797
vt 0.494629 0.091797
vt 0.487793 0.087891
vt 0.498291 0.088867
vt 0.507324 0.037598
vt 0.487793 0.037598
vt 0.505859 0.037109
vt 0.507324 0.037109
vt 0.488037 0.011230
vt 0.487793 0.011230
vt 0.487793 0.010742
vt 0.487549 0.176758
vt 0.487549 0.176270
vt 0.469238 0.152832
vt 0.470459 0.152832
vt 0.470459 0.152344
vt 0.469238 0.152344
vt 0.476318 0.109863
vt 0.477051 0.109375
vt 0.476074 0.109863
vt 0.477539 0.106934
vt 0.476807 0.099121
vt 0.479248 0.103516
vt 0.479004 0.100098
vt 0.557129 0.885254
vt 0.568359 0.885742
vt 0.557129 0.885742
vt 0.568848 0.958984
vt 0.557617 0.959473
vt 0.568848 0.959473
vt 0.557617 0.959961
vt 0.561523 0.985352
vt 0.557617 0.985352
vt 0.561523 0.985840
vt 0.557617 0.985840
vt 0.557617 0.992188
vt 0.558105 0.993164
vt 0.557617 0.993164
vt 0.562012 0.985840
vt 0.562500 0.985352
vt 0.569336 0.959473
vt 0.569336 0.958984
vt 0.569824 0.885742
vt 0.569824 0.884766
vt 0.570312 0.885254
vt 0.565430 0.416016
vt 0.564453 0.416016
vt 0.564941 0.415527
vt 0.564453 0.415527
vt 0.555664 0.400391
vt 0.563965 0.416016
vt 0.555176 0.489746
vt 0.563965 0.415527
vt 0.555664 0.416016
vt 0.555664 0.415527
vt 0.555664 0.400879
vt 0.555664 0.399902
vt 0.546875 0.415527
vt 0.546875 0.416016
vt 0.546387 0.415527
vt 0.546387 0.416016
vt 0.545410 0.490234
vt 0.546875 0.491211
vt 0.545898 0.415527
vt 0.555176 0.400391
vt 0.545410 0.502441
vt 0.545410 0.505859
vt 0.545898 0.883789
vt 0.545410 0.867676
vt 0.544922 0.817871
vt 0.543945 0.820312
vt 0.544434 0.868164
vt 0.543457 0.819336
vt 0.545410 0.817383
vt 0.543945 0.795898
vt 0.545898 0.795898
vt 0.546875 0.491699
vt 0.546875 0.492188
vt 0.546875 0.492676
vt 0.545898 0.500000
vt 0.545898 0.795410
vt 0.544922 0.776855
vt 0.544922 0.776367
vt 0.544922 0.710449
vt 0.545898 0.648926
vt 0.545410 0.626953
vt 0.544434 0.626953
vt 0.543945 0.648438
vt 0.542969 0.710938
vt 0.543945 0.504883
vt 0.542969 0.777344
vt 0.543457 0.502930
vt 0.542969 0.777832
vt 0.544434 0.491211
vt 0.543945 0.794922
vt 0.544434 0.490234
vt 0.555176 0.399902
vt 0.554199 0.985840
vt 0.553223 0.985840
vt 0.553711 0.985352
vt 0.553223 0.985352
vt 0.546387 0.959473
vt 0.545898 0.959473
vt 0.546387 0.958984
vt 0.545898 0.885742
vt 0.544434 0.886230
vt 0.544434 0.885254
vt 0.544434 0.885742
vt 0.353271 0.063477
vt 0.362793 0.079590
vt 0.353271 0.063965
vt 0.361328 0.080566
vt 0.362793 0.080078
vt 0.353027 0.080566
vt 0.360107 0.228027
vt 0.351318 0.226562
vt 0.362549 0.230469
vt 0.359863 0.231934
vt 0.351318 0.229980
vt 0.342285 0.227539
vt 0.344482 0.080566
vt 0.362061 0.236328
vt 0.357666 0.235840
vt 0.344727 0.080078
vt 0.343262 0.079590
vt 0.339844 0.229980
vt 0.342529 0.231934
vt 0.351074 0.235840
vt 0.344482 0.235840
vt 0.361816 0.239258
vt 0.358154 0.238281
vt 0.351074 0.238281
vt 0.340332 0.235840
vt 0.340332 0.238770
vt 0.344238 0.237793
vt 0.343994 0.238281
vt 0.360596 0.241211
vt 0.351074 0.243164
vt 0.362061 0.243652
vt 0.341553 0.240723
vt 0.339844 0.243164
vt 0.361572 0.298340
vt 0.359863 0.300293
vt 0.350342 0.300293
vt 0.339111 0.297852
vt 0.340820 0.299805
vt 0.362305 0.302246
vt 0.359863 0.303711
vt 0.350342 0.303711
vt 0.338379 0.302246
vt 0.340576 0.303223
vt 0.348877 0.419434
vt 0.359375 0.419922
vt 0.358154 0.420410
vt 0.338623 0.419434
vt 0.339844 0.419922
vt 0.482422 0.096191
vt 0.482422 0.095703
vt 0.475586 0.091309
vt 0.482178 0.093750
vt 0.475586 0.090820
vt 0.480713 0.091797
vt 0.477295 0.088867
vt 0.468018 0.037598
vt 0.469238 0.037109
vt 0.467773 0.037109
vt 0.487549 0.011230
vt 0.487549 0.010742
vt 0.722168 0.230957
vt 0.722168 0.209473
vt 0.719727 0.210449
vt 0.714844 0.222168
vt 0.704102 0.207031
vt 0.714844 0.221680
vt 0.703613 0.207031
vt 0.719727 0.176270
vt 0.714355 0.222168
vt 0.722168 0.176758
vt 0.709473 0.174316
vt 0.722168 0.163086
vt 0.717285 0.163086
vt 0.712891 0.164551
vt 0.708496 0.173340
vt 0.717773 0.161133
vt 0.712891 0.163086
vt 0.709961 0.163086
vt 0.722168 0.161133
vt 0.718750 0.156250
vt 0.715820 0.157227
vt 0.711914 0.160156
vt 0.716309 0.155273
vt 0.709473 0.159668
vt 0.713379 0.152832
vt 0.717285 0.151855
vt 0.721680 0.155273
vt 0.721680 0.151855
vt 0.708984 0.148926
vt 0.713867 0.149414
vt 0.718262 0.147949
vt 0.721680 0.147461
vt 0.718262 0.144043
vt 0.721680 0.144043
vt 0.711914 0.146973
vt 0.717285 0.141113
vt 0.721680 0.140137
vt 0.710449 0.143555
vt 0.709473 0.142578
vt 0.716309 0.089844
vt 0.721680 0.088867
vt 0.705078 0.087891
vt 0.703613 0.088379
vt 0.721680 0.088379
vt 0.703613 0.087891
vt 0.705078 0.084473
vt 0.705078 0.083984
vt 0.714844 0.065430
vt 0.721680 0.065430
vt 0.714844 0.064941
vt 0.728516 0.064941
vt 0.727051 0.089355
vt 0.721680 0.064941
vt 0.721191 0.056641
vt 0.738281 0.083984
vt 0.721680 0.056641
vt 0.738281 0.087402
vt 0.738281 0.087891
vt 0.727051 0.089844
vt 0.726562 0.140625
vt 0.732910 0.143555
vt 0.733398 0.143066
vt 0.739746 0.087891
vt 0.731934 0.146484
vt 0.725586 0.144043
vt 0.731934 0.146973
vt 0.729980 0.148926
vt 0.725586 0.147949
vt 0.734863 0.148926
vt 0.733887 0.142090
vt 0.730469 0.152832
vt 0.726562 0.151367
vt 0.734375 0.159180
vt 0.731934 0.160156
vt 0.727539 0.155273
vt 0.725098 0.156250
vt 0.728027 0.157227
vt 0.733887 0.163086
vt 0.730957 0.163086
vt 0.726074 0.161133
vt 0.730957 0.164551
vt 0.726562 0.163086
vt 0.735840 0.173340
vt 0.724609 0.176270
vt 0.734375 0.174316
vt 0.740723 0.206543
vt 0.740234 0.206543
vt 0.724609 0.209961
vt 0.740723 0.207031
vt 0.740234 0.207031
vt 0.724609 0.210449
vt 0.729492 0.221680
vt 0.729980 0.222168
vt 0.729492 0.222168
vt 0.722656 0.230957
vt 0.651855 0.349121
vt 0.651855 0.350098
vt 0.651367 0.349609
vt 0.645508 0.341797
vt 0.651855 0.341797
vt 0.644531 0.341797
vt 0.645508 0.341309
vt 0.651855 0.341309
vt 0.651367 0.320312
vt 0.635254 0.320801
vt 0.634277 0.320801
vt 0.635254 0.320312
vt 0.633789 0.320312
vt 0.640137 0.259766
vt 0.650879 0.260254
vt 0.359131 0.419922
vt 0.357910 0.420410
vt 0.338623 0.419922
vt 0.339844 0.420410
vt 0.348877 0.419922
vt 0.348633 0.437012
vt 0.348633 0.436523
vt 0.674805 0.180176
vt 0.673340 0.180664
vt 0.675293 0.179688
vt 0.684570 0.180664
vt 0.675781 0.291504
vt 0.685059 0.291992
vt 0.684570 0.178711
vt 0.675781 0.291992
vt 0.675293 0.291992
vt 0.673340 0.179199
vt 0.675781 0.179688
vt 0.685059 0.310547
vt 0.685547 0.310547
vt 0.684570 0.130371
vt 0.674316 0.129883
vt 0.671875 0.127441
vt 0.675293 0.127441
vt 0.684570 0.126953
vt 0.671875 0.126953
vt 0.684570 0.122559
vt 0.674316 0.124023
vt 0.674316 0.049316
vt 0.673340 0.047852
vt 0.684082 0.049316
vt 0.675293 0.048340
vt 0.684082 0.047852
vt 0.675293 0.047852
vt 0.673340 0.047363
vt 0.684082 0.047363
vt 0.684082 0.045898
vt 0.674805 0.046875
vt 0.683594 0.031738
vt 0.684082 0.031738
vt 0.692871 0.047852
vt 0.694336 0.047852
vt 0.693359 0.049316
vt 0.694336 0.047363
vt 0.692871 0.046875
vt 0.696777 0.126953
vt 0.694336 0.124023
vt 0.693359 0.126953
vt 0.696777 0.127441
vt 0.694824 0.129395
vt 0.696289 0.179199
vt 0.693848 0.179688
vt 0.696289 0.180176
vt 0.694336 0.179688
vt 0.694824 0.291504
vt 0.695312 0.291504
vt 0.695312 0.291992
vt 0.543945 0.363770
vt 0.543457 0.369141
vt 0.541504 0.367188
vt 0.545410 0.364746
vt 0.545898 0.370117
vt 0.545898 0.332031
vt 0.544434 0.331055
vt 0.546875 0.368164
vt 0.548828 0.364746
vt 0.548828 0.370605
vt 0.549316 0.368652
vt 0.549316 0.332031
vt 0.546387 0.330566
vt 0.556641 0.364746
vt 0.544434 0.325684
vt 0.556152 0.371094
vt 0.556641 0.369629
vt 0.556641 0.332031
vt 0.549805 0.330566
vt 0.550781 0.190918
vt 0.547852 0.189941
vt 0.547363 0.189941
vt 0.556641 0.330566
vt 0.557617 0.192871
vt 0.551270 0.189941
vt 0.547852 0.189453
vt 0.557617 0.189941
vt 0.551758 0.189453
vt 0.552734 0.149414
vt 0.548340 0.150391
vt 0.546875 0.146484
vt 0.557617 0.189453
vt 0.548340 0.034180
vt 0.551270 0.034668
vt 0.558105 0.148926
vt 0.546387 0.036133
vt 0.549805 0.031738
vt 0.551758 0.032227
vt 0.558594 0.035156
vt 0.565918 0.034668
vt 0.562988 0.149414
vt 0.563965 0.189453
vt 0.551758 0.030273
vt 0.558594 0.029785
vt 0.558594 0.032227
vt 0.565430 0.032227
vt 0.569336 0.034668
vt 0.567871 0.032227
vt 0.567383 0.189453
vt 0.567871 0.150879
vt 0.563965 0.189941
vt 0.565918 0.030273
vt 0.567383 0.190430
vt 0.567871 0.189941
vt 0.568848 0.146973
vt 0.564941 0.191406
vt 0.571289 0.036621
vt 0.566895 0.330566
vt 0.568848 0.326172
vt 0.563477 0.330566
vt 0.568848 0.331543
vt 0.563965 0.332031
vt 0.567383 0.332031
vt 0.568848 0.363770
vt 0.563965 0.364746
vt 0.567383 0.364746
vt 0.563477 0.369141
vt 0.565918 0.368164
vt 0.566895 0.370605
vt 0.569336 0.369629
vt 0.563965 0.370605
vt 0.571289 0.367676
vt 0.493896 0.186035
vt 0.483398 0.196777
vt 0.483398 0.186523
vt 0.495850 0.196289
vt 0.498047 0.193848
vt 0.496094 0.305664
vt 0.494873 0.305176
vt 0.483643 0.304688
vt 0.493164 0.308594
vt 0.495117 0.312012
vt 0.495850 0.312500
vt 0.483643 0.309570
vt 0.492920 0.310059
vt 0.483643 0.311035
vt 0.483643 0.313477
vt 0.495117 0.344727
vt 0.483643 0.342773
vt 0.497070 0.346191
vt 0.483643 0.343262
vt 0.497070 0.346680
vt 0.493408 0.346680
vt 0.483643 0.347168
vt 0.493652 0.348633
vt 0.497070 0.347168
vt 0.483643 0.349121
vt 0.639160 0.259277
vt 0.642090 0.253418
vt 0.644043 0.253418
vt 0.642090 0.251953
vt 0.650879 0.254883
vt 0.638672 0.244629
vt 0.644043 0.252441
vt 0.650879 0.253906
vt 0.644531 0.247070
vt 0.642578 0.245605
vt 0.650879 0.249023
vt 0.646973 0.242676
vt 0.648926 0.243652
vt 0.642578 0.240723
vt 0.638672 0.237793
vt 0.650879 0.244629
vt 0.645996 0.240723
vt 0.648926 0.242188
vt 0.650879 0.242676
vt 0.641602 0.231934
vt 0.640625 0.230957
vt 0.639160 0.230469
vt 0.650391 0.231445
vt 0.650879 0.239746
vt 0.650879 0.241699
vt 0.635254 0.125000
vt 0.649414 0.125000
vt 0.633301 0.125488
vt 0.652344 0.242188
vt 0.632324 0.125000
vt 0.652832 0.243652
vt 0.633301 0.125000
vt 0.635254 0.124512
vt 0.632324 0.124512
vt 0.649414 0.124512
vt 0.641113 0.102051
vt 0.641602 0.102539
vt 0.656738 0.246582
vt 0.654297 0.242676
vt 0.640625 0.102051
vt 0.648926 0.083008
vt 0.648926 0.082520
vt 0.649414 0.102539
vt 0.657715 0.252441
vt 0.659668 0.251465
vt 0.659180 0.245117
vt 0.657715 0.252930
vt 0.658691 0.240234
vt 0.662598 0.244141
vt 0.659180 0.252930
vt 0.662598 0.258789
vt 0.661621 0.259277
vt 0.662598 0.237305
vt 0.668945 0.319824
vt 0.667969 0.319824
vt 0.668945 0.320312
vt 0.667480 0.320312
vt 0.658691 0.341309
vt 0.658203 0.341309
vt 0.651855 0.349609
vt 0.649414 0.082520
vt 0.657715 0.101562
vt 0.657715 0.102051
vt 0.666504 0.123535
vt 0.657227 0.102051
vt 0.663574 0.124023
vt 0.665527 0.124023
vt 0.664062 0.124512
vt 0.666016 0.125000
vt 0.666992 0.124023
vt 0.660645 0.230469
vt 0.659668 0.231934
vt 0.661621 0.229980
vt 0.655273 0.240234
vt 0.523926 0.123047
vt 0.523926 0.121094
vt 0.524414 0.121094
vt 0.541016 0.160645
vt 0.540527 0.161133
vt 0.523926 0.163086
vt 0.541016 0.161621
vt 0.540527 0.162109
vt 0.523926 0.163574
vt 0.534180 0.267578
vt 0.531738 0.266113
vt 0.523926 0.265625
vt 0.531250 0.268066
vt 0.523926 0.268066
vt 0.533203 0.269043
vt 0.523926 0.270996
vt 0.531250 0.280762
vt 0.534668 0.287598
vt 0.523438 0.278809
vt 0.533203 0.286621
vt 0.529297 0.283691
vt 0.539062 0.499512
vt 0.538086 0.500000
vt 0.523438 0.287598
vt 0.523438 0.283691
vt 0.539062 0.500977
vt 0.522949 0.500000
vt 0.538086 0.500977
vt 0.522949 0.500977
vt 0.522949 0.536621
vt 0.522949 0.537109
vt 0.507812 0.500977
vt 0.507812 0.500000
vt 0.507324 0.500977
vt 0.507324 0.499512
vt 0.514160 0.286621
vt 0.512695 0.287109
vt 0.516113 0.280273
vt 0.518066 0.283691
vt 0.513184 0.267090
vt 0.514160 0.269043
vt 0.516113 0.267578
vt 0.515625 0.266113
vt 0.507324 0.161621
vt 0.506836 0.161133
vt 0.507324 0.161133
vt 0.506836 0.160645
vt 0.591797 0.979980
vt 0.591797 0.988770
vt 0.588379 0.981934
vt 0.588379 0.979980
vt 0.587891 0.981445
vt 0.591797 0.979492
vt 0.580078 0.949707
vt 0.582520 0.953125
vt 0.583008 0.953125
vt 0.591797 0.953613
vt 0.582520 0.952637
vt 0.591797 0.953125
vt 0.579590 0.949219
vt 0.581543 0.944336
vt 0.581543 0.944824
vt 0.591797 0.943359
vt 0.576172 0.546875
vt 0.579102 0.545410
vt 0.591309 0.543945
vt 0.575684 0.546387
vt 0.483643 0.349609
vt 0.495117 0.422363
vt 0.483887 0.421387
vt 0.497314 0.429199
vt 0.493164 0.426270
vt 0.483887 0.425781
vt 0.483887 0.430664
vt 0.493652 0.430664
vt 0.497070 0.443359
vt 0.493164 0.450684
vt 0.483887 0.452148
vt 0.500000 0.447266
vt 0.491211 0.453125
vt 0.494629 0.454590
vt 0.483887 0.454590
vt 0.483887 0.457520
vt 0.472900 0.186035
vt 0.471191 0.196289
vt 0.468994 0.193848
vt 0.471191 0.305664
vt 0.472412 0.305176
vt 0.474121 0.308594
vt 0.472168 0.312012
vt 0.471436 0.312500
vt 0.474365 0.310059
vt 0.472412 0.344727
vt 0.470215 0.346191
vt 0.470459 0.346680
vt 0.473877 0.346680
vt 0.473633 0.348633
vt 0.470459 0.347168
vt 0.472656 0.422852
vt 0.470215 0.429199
vt 0.474609 0.426758
vt 0.474121 0.430664
vt 0.470703 0.443848
vt 0.474854 0.450684
vt 0.467773 0.447266
vt 0.476562 0.453125
vt 0.473145 0.454590
vt 0.699219 0.368164
vt 0.703125 0.369141
vt 0.699219 0.368652
vt 0.703613 0.369629
vt 0.705566 0.467773
vt 0.708496 0.467773
vt 0.717773 0.370605
vt 0.717773 0.370117
vt 0.708496 0.473633
vt 0.705566 0.475098
vt 0.716797 0.473145
vt 0.716797 0.467285
vt 0.731445 0.369629
vt 0.725098 0.467773
vt 0.717773 0.362305
vt 0.731934 0.369141
vt 0.711426 0.483398
vt 0.716309 0.479980
vt 0.706543 0.493652
vt 0.713867 0.487305
vt 0.736328 0.369141
vt 0.728027 0.468262
vt 0.725098 0.473633
vt 0.716797 0.479980
vt 0.716797 0.485840
vt 0.712402 0.498047
vt 0.716797 0.491211
vt 0.707031 0.502441
vt 0.735840 0.368652
vt 0.727539 0.475586
vt 0.719727 0.487305
vt 0.722168 0.483398
vt 0.710938 0.503906
vt 0.716309 0.500488
vt 0.720703 0.498047
vt 0.726562 0.494141
vt 0.707031 0.509766
vt 0.709473 0.509766
vt 0.716309 0.505371
vt 0.721680 0.503906
vt 0.726074 0.502930
vt 0.716309 0.511719
vt 0.723145 0.509766
vt 0.725586 0.509766
vt 0.716309 0.513184
vt 0.707520 0.512695
vt 0.699219 0.509766
vt 0.725098 0.512695
vt 0.732910 0.511230
vt 0.698730 0.514648
vt 0.705078 0.517578
vt 0.709961 0.517578
vt 0.716309 0.518555
vt 0.722656 0.517578
vt 0.716309 0.523926
vt 0.707031 0.523926
vt 0.727539 0.517578
vt 0.725586 0.524414
vt 0.704102 0.521973
vt 0.728516 0.521973
vt 0.711426 0.527344
vt 0.716309 0.527832
vt 0.721191 0.527832
vt 0.700195 0.523926
vt 0.704590 0.526855
vt 0.716309 0.536133
vt 0.707520 0.540039
vt 0.731934 0.523926
vt 0.728027 0.527344
vt 0.724609 0.540039
vt 0.701172 0.526855
vt 0.706543 0.539062
vt 0.731445 0.527344
vt 0.726074 0.539551
vt 0.712402 0.541016
vt 0.716309 0.543457
vt 0.719727 0.541016
vt 0.708008 0.548340
vt 0.709961 0.542969
vt 0.724609 0.548828
vt 0.722168 0.542969
vt 0.710449 0.545898
vt 0.722168 0.546387
vt 0.702637 0.549805
vt 0.729492 0.549805
vt 0.712891 0.547852
vt 0.716309 0.545898
vt 0.719238 0.547852
vt 0.711426 0.550293
vt 0.710938 0.551758
vt 0.708008 0.552734
vt 0.720703 0.550781
vt 0.716309 0.548340
vt 0.716309 0.551758
vt 0.716309 0.552734
vt 0.704590 0.555664
vt 0.710938 0.553711
vt 0.708008 0.554688
vt 0.711914 0.563477
vt 0.716309 0.554688
vt 0.706543 0.562500
vt 0.721191 0.551758
vt 0.721191 0.553711
vt 0.704102 0.562500
vt 0.724609 0.552734
vt 0.716309 0.563477
vt 0.720215 0.563477
vt 0.724121 0.554688
vt 0.711426 0.566895
vt 0.716309 0.566406
vt 0.707031 0.567383
vt 0.579590 0.544922
vt 0.584473 0.541992
vt 0.579590 0.539062
vt 0.575684 0.545898
vt 0.591309 0.542969
vt 0.579102 0.539062
vt 0.591309 0.542480
vt 0.577637 0.496094
vt 0.591309 0.496582
vt 0.573730 0.492676
vt 0.577148 0.496094
vt 0.574219 0.492676
vt 0.578125 0.494141
vt 0.578613 0.494141
vt 0.575684 0.492188
vt 0.591309 0.493652
vt 0.574219 0.491699
vt 0.591309 0.489258
vt 0.576660 0.374023
vt 0.576172 0.373047
vt 0.591309 0.374512
vt 0.576660 0.373535
vt 0.576172 0.372559
vt 0.591309 0.374023
vt 0.586914 0.339844
vt 0.586426 0.339355
vt 0.586426 0.337402
vt 0.591309 0.324707
vt 0.591309 0.339355
vt 0.591309 0.322754
vt 0.595215 0.981934
vt 0.594727 0.979980
vt 0.600586 0.953125
vt 0.601562 0.944336
vt 0.603516 0.545410
vt 0.603516 0.544922
vt 0.598633 0.541992
vt 0.605469 0.496094
vt 0.603516 0.539062
vt 0.604492 0.494141
vt 0.606934 0.492188
vt 0.605957 0.374023
vt 0.596191 0.339844
vt 0.591797 0.322754
vt 0.596680 0.337402
vt 0.596191 0.339355
vt 0.606445 0.372559
vt 0.606445 0.373535
vt 0.606934 0.373047
vt 0.606445 0.374023
vt 0.608398 0.491699
vt 0.607422 0.492188
vt 0.608887 0.492676
vt 0.609375 0.492676
vt 0.607422 0.545898
vt 0.606934 0.546387
vt 0.604004 0.544922
vt 0.604004 0.545410
vt 0.606934 0.546875
vt 0.601562 0.944824
vt 0.603516 0.949219
vt 0.600586 0.952637
vt 0.603516 0.949707
vt 0.595215 0.979980
vt 0.595215 0.981445
vt 0.734375 0.527344
vt 0.736816 0.525879
vt 0.736816 0.525391
vt 0.741699 0.525879
vt 0.739746 0.533691
vt 0.742188 0.525879
vt 0.739746 0.534180
vt 0.740234 0.534180
vt 0.737305 0.555664
vt 0.754883 0.524414
vt 0.754883 0.534668
vt 0.740234 0.553223
vt 0.740234 0.583496
vt 0.735840 0.583984
vt 0.767578 0.525879
vt 0.767578 0.526367
vt 0.754883 0.554688
vt 0.742676 0.605469
vt 0.769531 0.534180
vt 0.769043 0.553223
vt 0.739746 0.608398
vt 0.772461 0.525879
vt 0.754395 0.583496
vt 0.769043 0.583496
vt 0.754395 0.605469
vt 0.766602 0.605469
vt 0.772949 0.525879
vt 0.771973 0.555664
vt 0.773438 0.583984
vt 0.743164 0.746094
vt 0.769531 0.608398
vt 0.765625 0.746094
vt 0.754395 0.745117
vt 0.769043 0.608887
vt 0.764648 0.757812
vt 0.727539 0.555664
vt 0.725586 0.562500
vt 0.721191 0.566895
vt 0.701660 0.567871
vt 0.710449 0.569336
vt 0.716309 0.574219
vt 0.721680 0.569336
vt 0.710938 0.579102
vt 0.728027 0.562500
vt 0.725098 0.567383
vt 0.725586 0.567383
vt 0.721191 0.579102
vt 0.715820 0.582031
vt 0.701660 0.568359
vt 0.730469 0.568359
vt 0.708496 0.582031
vt 0.710449 0.583984
vt 0.723633 0.582031
vt 0.721680 0.583984
vt 0.715820 0.588867
vt 0.709961 0.588867
vt 0.721680 0.588867
vt 0.729980 0.569336
vt 0.725098 0.588867
vt 0.727051 0.583984
vt 0.723633 0.593750
vt 0.720703 0.591797
vt 0.710938 0.591797
vt 0.715820 0.591797
vt 0.720703 0.599609
vt 0.729492 0.588867
vt 0.727051 0.591797
vt 0.726074 0.602539
vt 0.708496 0.593750
vt 0.710938 0.599609
vt 0.715820 0.602539
vt 0.722656 0.603516
vt 0.720215 0.603027
vt 0.721680 0.607422
vt 0.715820 0.607910
vt 0.711914 0.602539
vt 0.705566 0.602539
vt 0.708984 0.603027
vt 0.710449 0.607422
vt 0.715820 0.610352
vt 0.721191 0.612305
vt 0.710449 0.612305
vt 0.715820 0.616211
vt 0.705078 0.617188
vt 0.709961 0.615234
vt 0.715820 0.619141
vt 0.721680 0.615234
vt 0.710449 0.625000
vt 0.704590 0.625977
vt 0.715820 0.630371
vt 0.721191 0.625000
vt 0.726562 0.617188
vt 0.709473 0.653320
vt 0.704102 0.659668
vt 0.715820 0.647461
vt 0.722168 0.653320
vt 0.727051 0.625977
vt 0.715820 0.666992
vt 0.707520 0.665039
vt 0.704102 0.660156
vt 0.727539 0.659668
vt 0.724121 0.665039
vt 0.700684 0.940918
vt 0.703613 0.941406
vt 0.714844 0.939453
vt 0.725586 0.941406
vt 0.727539 0.660156
vt 0.728516 0.941406
vt 0.701660 0.946777
vt 0.705078 0.946289
vt 0.714844 0.944824
vt 0.724121 0.946289
vt 0.728027 0.947266
vt 0.714844 0.975586
vt 0.710938 0.977051
vt 0.718262 0.977051
vt 0.712891 0.981445
vt 0.716309 0.981445
vt 0.716309 0.981934
vt 0.705078 0.591797
vt 0.707031 0.588867
vt 0.702637 0.588867
vt 0.705078 0.583984
vt 0.702148 0.569336
vt 0.698730 0.367676
vt 0.697754 0.358398
vt 0.702637 0.359863
vt 0.699219 0.315918
vt 0.703125 0.315430
vt 0.702637 0.287109
vt 0.697754 0.283203
vt 0.718262 0.313477
vt 0.718262 0.298828
vt 0.732910 0.315918
vt 0.702637 0.286621
vt 0.718262 0.298340
vt 0.733887 0.287598
vt 0.698242 0.282715
vt 0.732422 0.359863
vt 0.736816 0.316406
vt 0.737305 0.358887
vt 0.708008 0.273438
vt 0.718262 0.282715
vt 0.733887 0.287109
vt 0.738770 0.284180
vt 0.705078 0.270020
vt 0.718262 0.261719
vt 0.728516 0.273438
vt 0.738281 0.283203
vt 0.736328 0.368164
vt 0.731445 0.270508
vt 0.718750 0.253906
vt 0.319580 0.100098
vt 0.320312 0.100098
vt 0.333252 0.124023
vt 0.333008 0.124023
vt 0.319336 0.100098
vt 0.334717 0.157715
vt 0.332275 0.158691
vt 0.313232 0.091797
vt 0.313232 0.090332
vt 0.313232 0.126465
vt 0.313232 0.100586
vt 0.313232 0.092285
vt 0.330566 0.200195
vt 0.330811 0.200195
vt 0.332275 0.204102
vt 0.306885 0.100098
vt 0.306152 0.100098
vt 0.307129 0.100098
vt 0.306885 0.100586
vt 0.293701 0.124023
vt 0.330322 0.202148
vt 0.330566 0.202637
vt 0.329834 0.203613
vt 0.330811 0.204590
vt 0.331299 0.212891
vt 0.744141 0.757812
vt 0.754395 0.755371
vt 0.768066 0.747070
vt 0.761719 0.762695
vt 0.768066 0.759766
vt 0.746582 0.762207
vt 0.754395 0.764648
vt 0.746582 0.762695
vt 0.740723 0.747070
vt 0.740723 0.759766
vt 0.761719 0.767578
vt 0.768066 0.771973
vt 0.753906 0.764648
vt 0.747070 0.767578
vt 0.740234 0.771973
vt 0.762207 0.772461
vt 0.756348 0.770020
vt 0.746582 0.772461
vt 0.751953 0.770020
vt 0.754395 0.771973
vt 0.756348 0.773438
vt 0.751953 0.773438
vt 0.759277 0.781250
vt 0.755371 0.775391
vt 0.749512 0.781250
vt 0.753418 0.775391
vt 0.754395 0.775879
vt 0.754395 0.780762
vt 0.758789 0.781250
vt 0.754395 0.793457
vt 0.762207 0.792969
vt 0.746094 0.792969
vt 0.746582 0.798828
vt 0.742188 0.800293
vt 0.754395 0.799805
vt 0.761719 0.798828
vt 0.753906 0.943359
vt 0.738770 0.945801
vt 0.737793 0.943848
vt 0.739258 0.946289
vt 0.762207 0.798828
vt 0.769043 0.946289
vt 0.768555 0.946289
vt 0.741699 0.951172
vt 0.753906 0.951172
vt 0.766113 0.951172
vt 0.770508 0.943848
vt 0.766113 0.800781
vt 0.762695 0.792969
vt 0.774902 0.527344
vt 0.473145 0.599121
vt 0.477295 0.766602
vt 0.477539 0.786133
vt 0.476074 0.599121
vt 0.474121 0.531250
vt 0.470947 0.529297
vt 0.486084 0.532227
vt 0.480713 0.767578
vt 0.486572 0.599121
vt 0.477783 0.785645
vt 0.479980 0.776367
vt 0.475342 0.529297
vt 0.487305 0.767578
vt 0.487305 0.774414
vt 0.479980 0.778320
vt 0.493896 0.767090
vt 0.496826 0.598633
vt 0.474121 0.523926
vt 0.470947 0.528809
vt 0.486084 0.529297
vt 0.486084 0.521973
vt 0.497070 0.529297
vt 0.497314 0.766602
vt 0.494629 0.775879
vt 0.487305 0.778320
vt 0.494629 0.778320
vt 0.474121 0.523438
vt 0.497070 0.785645
vt 0.469971 0.499023
vt 0.472656 0.499023
vt 0.486084 0.521484
vt 0.498047 0.523438
vt 0.472900 0.499023
vt 0.500488 0.953613
vt 0.488281 0.953125
vt 0.476074 0.491699
vt 0.485840 0.494141
vt 0.499023 0.499023
vt 0.495850 0.491699
vt 0.476318 0.491699
vt 0.468018 0.495117
vt 0.477295 0.482422
vt 0.473877 0.483887
vt 0.495605 0.491211
vt 0.499268 0.499023
vt 0.495850 0.491211
vt 0.473877 0.483398
vt 0.485840 0.467285
vt 0.494385 0.482422
vt 0.494629 0.482422
vt 0.494385 0.481934
vt 0.485840 0.466309
vt 0.497803 0.483398
vt 0.501953 0.498535
vt 0.503906 0.494629
vt 0.501953 0.499023
vt 0.498291 0.523438
vt 0.501465 0.528320
vt 0.500977 0.528809
vt 0.498291 0.531250
vt 0.500977 0.529297
vt 0.499756 0.598633
vt 0.497314 0.785645
vt 0.503906 0.957031
vt 0.503906 0.957520
vt 0.500488 0.954102
vt 0.503418 0.957520
vt 0.488281 0.953613
vt 0.488525 0.987305
vt 0.488525 0.990723
vt 0.293457 0.124023
vt 0.293213 0.124023
vt 0.330566 0.204590
vt 0.328369 0.209961
vt 0.329590 0.204102
vt 0.329590 0.203613
vt 0.313477 0.198242
vt 0.324219 0.206543
vt 0.328369 0.209473
vt 0.323975 0.206543
vt 0.313477 0.199707
vt 0.313477 0.209961
vt 0.313477 0.206543
vt 0.320801 0.301270
vt 0.302979 0.206543
vt 0.297363 0.204102
vt 0.313477 0.195801
vt 0.313477 0.300293
vt 0.298584 0.209961
vt 0.306396 0.301270
vt 0.313477 0.306641
vt 0.298584 0.209473
vt 0.302490 0.206543
vt 0.298340 0.209961
vt 0.296387 0.204590
vt 0.306152 0.301270
vt 0.306885 0.307617
vt 0.313232 0.159668
vt 0.296143 0.204590
vt 0.295410 0.213379
vt 0.297119 0.204102
vt 0.294678 0.204102
vt 0.306641 0.307617
vt 0.303223 0.307617
vt 0.296631 0.202637
vt 0.296387 0.202637
vt 0.308350 0.312012
vt 0.295898 0.200684
vt 0.291992 0.157715
vt 0.296143 0.200195
vt 0.308105 0.312500
vt 0.304443 0.315430
vt 0.294434 0.158691
vt 0.310547 0.314941
vt 0.310791 0.314941
vt 0.313477 0.311035
vt 0.293457 0.124512
vt 0.310059 0.316895
vt 0.309814 0.316895
vt 0.313721 0.316406
vt 0.313721 0.314941
vt 0.309814 0.320312
vt 0.310059 0.320801
vt 0.316406 0.314941
vt 0.317139 0.316895
vt 0.317139 0.320801
vt 0.313721 0.320312
vt 0.303711 0.322754
vt 0.305908 0.324707
vt 0.316650 0.314941
vt 0.318848 0.312012
vt 0.317383 0.320312
vt 0.317383 0.316895
vt 0.304199 0.330078
vt 0.305908 0.329590
vt 0.305908 0.330078
vt 0.322754 0.315430
vt 0.319092 0.312012
vt 0.320557 0.307617
vt 0.320312 0.307617
vt 0.306641 0.332520
vt 0.321045 0.301270
vt 0.323975 0.307617
vt 0.323486 0.322754
vt 0.306641 0.334961
vt 0.302246 0.340332
vt 0.306885 0.332520
vt 0.306885 0.334961
vt 0.305664 0.343262
vt 0.294678 0.438477
vt 0.305908 0.343262
vt 0.296875 0.437500
vt 0.297119 0.437500
vt 0.294678 0.464844
vt 0.313721 0.338379
vt 0.313721 0.437988
vt 0.313721 0.333008
vt 0.313721 0.334473
vt 0.294678 0.467285
vt 0.313965 0.467773
vt 0.320557 0.334961
vt 0.321533 0.343262
vt 0.330566 0.437500
vt 0.320557 0.332520
vt 0.313721 0.328613
vt 0.333008 0.466797
vt 0.333008 0.467285
vt 0.333008 0.464844
vt 0.332764 0.438477
vt 0.325195 0.340332
vt 0.313965 0.513672
vt 0.322998 0.330078
vt 0.321289 0.329590
vt 0.321289 0.324707
vt 0.313721 0.325684
vt 0.313721 0.320801
vt 0.442627 0.008789
vt 0.442871 0.009277
vt 0.442627 0.009277
vt 0.444092 0.009277
vt 0.459961 0.044434
vt 0.460205 0.044434
vt 0.462891 0.046875
vt 0.442383 0.045898
vt 0.442383 0.045410
vt 0.425049 0.043945
vt 0.442383 0.009277
vt 0.461914 0.047852
vt 0.452393 0.111328
vt 0.452148 0.111328
vt 0.424805 0.044434
vt 0.424805 0.043945
vt 0.441162 0.009277
vt 0.442139 0.110840
vt 0.432129 0.111328
vt 0.452148 0.111816
vt 0.454590 0.111328
vt 0.454590 0.111816
vt 0.475830 0.954102
vt 0.472900 0.958008
vt 0.488525 0.991211
vt 0.472656 0.958008
vt 0.472656 0.957520
vt 0.631348 0.349121
vt 0.630859 0.354492
vt 0.630859 0.349121
vt 0.630859 0.354980
vt 0.646484 0.377441
vt 0.631348 0.355469
vt 0.644531 0.378418
vt 0.630859 0.378418
vt 0.644043 0.378418
vt 0.631348 0.378418
vt 0.631348 0.378906
vt 0.630859 0.378906
vt 0.631348 0.410156
vt 0.630859 0.410156
vt 0.643066 0.411133
vt 0.643555 0.411133
vt 0.646484 0.378418
vt 0.646484 0.377930
vt 0.646973 0.413574
vt 0.642578 0.415527
vt 0.642090 0.415527
vt 0.631348 0.415527
vt 0.630859 0.415527
vt 0.646973 0.414062
vt 0.643066 0.420898
vt 0.645996 0.466797
vt 0.631348 0.420898
vt 0.642090 0.463867
vt 0.630859 0.420898
vt 0.631348 0.463379
vt 0.645996 0.467285
vt 0.630859 0.463379
vt 0.642578 0.467285
vt 0.643066 0.467285
vt 0.631348 0.467285
vt 0.630859 0.467285
vt 0.644531 0.587891
vt 0.641113 0.589355
vt 0.640625 0.589355
vt 0.631348 0.588867
vt 0.630859 0.588867
vt 0.644531 0.588379
vt 0.641113 0.589844
vt 0.640625 0.589844
vt 0.644043 0.647461
vt 0.638184 0.647461
vt 0.631348 0.647461
vt 0.630859 0.647461
vt 0.638184 0.647949
vt 0.631348 0.647949
vt 0.630859 0.647949
vt 0.639648 0.701172
vt 0.631348 0.700195
vt 0.644043 0.703125
vt 0.631348 0.700684
vt 0.640137 0.801270
vt 0.631348 0.801270
vt 0.644043 0.804199
vt 0.640137 0.801758
vt 0.640625 0.972168
vt 0.631836 0.972656
vt 0.644043 0.804688
vt 0.641113 0.972168
vt 0.631348 0.972656
vt 0.641113 0.972656
vt 0.640625 0.972656
vt 0.631836 0.987793
vt 0.641602 0.972168
vt 0.641602 0.972656
vt 0.631836 0.988281
vt 0.631348 0.987793
vt 0.631348 0.988281
vt 0.630371 0.349121
vt 0.630371 0.354980
vt 0.615234 0.377441
vt 0.630371 0.355469
vt 0.617188 0.378418
vt 0.630371 0.378418
vt 0.630371 0.378906
vt 0.617188 0.378906
vt 0.630371 0.410156
vt 0.615234 0.378418
vt 0.615234 0.377930
vt 0.618164 0.411133
vt 0.618652 0.411133
vt 0.614746 0.413574
vt 0.619141 0.415527
vt 0.619629 0.415527
vt 0.630371 0.415527
vt 0.614746 0.414062
vt 0.618652 0.420898
vt 0.615723 0.467285
vt 0.630371 0.420898
vt 0.619629 0.463867
vt 0.620117 0.463867
vt 0.630371 0.463379
vt 0.619141 0.467285
vt 0.618652 0.467285
vt 0.630371 0.467285
vt 0.617676 0.587891
vt 0.621094 0.589355
vt 0.621094 0.589844
vt 0.452393 0.111816
vt 0.424561 0.044434
vt 0.421875 0.046387
vt 0.450928 0.123535
vt 0.451172 0.123535
vt 0.422852 0.047852
vt 0.453125 0.125000
vt 0.433350 0.123535
vt 0.442139 0.124023
vt 0.450439 0.129395
vt 0.429932 0.111328
vt 0.433105 0.123535
vt 0.433838 0.129395
vt 0.442139 0.129883
vt 0.452148 0.130859
vt 0.450684 0.131348
vt 0.442139 0.131348
vt 0.450928 0.131348
vt 0.431152 0.124512
vt 0.433594 0.129395
vt 0.433350 0.130859
vt 0.442139 0.131836
vt 0.432129 0.130371
vt 0.433350 0.131348
vt 0.442139 0.132812
vt 0.451172 0.133301
vt 0.451416 0.133301
vt 0.432129 0.130859
vt 0.452148 0.132812
vt 0.432861 0.132812
vt 0.442139 0.140137
vt 0.452393 0.139160
vt 0.431885 0.139160
vt 0.441895 0.150391
vt 0.432129 0.132812
vt 0.431641 0.139160
vt 0.453613 0.139160
vt 0.453613 0.149902
vt 0.453369 0.149902
vt 0.455566 0.149414
vt 0.430420 0.149902
vt 0.430664 0.149902
vt 0.441895 0.150879
vt 0.430420 0.139160
vt 0.428467 0.148926
vt 0.453613 0.150391
vt 0.453369 0.150391
vt 0.428467 0.149414
vt 0.441895 0.188965
vt 0.461182 0.187988
vt 0.459717 0.187988
vt 0.459473 0.187988
vt 0.422607 0.187500
vt 0.424072 0.187988
vt 0.424316 0.187988
vt 0.460938 0.188477
vt 0.459473 0.188477
vt 0.441895 0.189453
vt 0.422607 0.187988
vt 0.441650 0.211914
vt 0.441895 0.211914
vt 0.441895 0.212891
vt 0.441406 0.212891
vt 0.441650 0.212891
vt 0.378662 0.681641
vt 0.377197 0.697754
vt 0.373535 0.680664
vt 0.377930 0.679199
vt 0.373535 0.695312
vt 0.374268 0.676758
vt 0.380127 0.603516
vt 0.372559 0.698242
vt 0.376709 0.738281
vt 0.376953 0.601562
vt 0.374023 0.676758
vt 0.382568 0.541016
vt 0.376709 0.601562
vt 0.379639 0.539062
vt 0.383057 0.527344
vt 0.379395 0.539062
vt 0.380859 0.527344
vt 0.382324 0.491211
vt 0.380615 0.527344
vt 0.366943 0.539062
vt 0.379150 0.490723
vt 0.366211 0.676758
vt 0.366699 0.601074
vt 0.356445 0.601074
vt 0.382324 0.490723
vt 0.378662 0.490723
vt 0.379150 0.490234
vt 0.366943 0.527344
vt 0.367188 0.491211
vt 0.354492 0.539062
vt 0.353516 0.527344
vt 0.367188 0.490723
vt 0.378662 0.490234
vt 0.355713 0.490723
vt 0.381104 0.451172
vt 0.380859 0.451172
vt 0.384766 0.450684
vt 0.367432 0.450684
vt 0.355713 0.490234
vt 0.355225 0.490723
vt 0.353027 0.527344
vt 0.355225 0.490234
vt 0.354004 0.450684
vt 0.384521 0.450684
vt 0.381104 0.450684
vt 0.380859 0.450684
vt 0.352051 0.490234
vt 0.352051 0.491211
vt 0.353516 0.450684
vt 0.353760 0.450684
vt 0.382568 0.447266
vt 0.379883 0.448730
vt 0.379395 0.448730
vt 0.367432 0.446777
vt 0.355225 0.448730
vt 0.354736 0.448730
vt 0.382324 0.446777
vt 0.350098 0.450684
vt 0.350098 0.450195
vt 0.352051 0.446777
vt 0.367432 0.442383
vt 0.352539 0.446289
vt 0.350830 0.527344
vt 0.354248 0.539062
vt 0.351318 0.541016
vt 0.356201 0.601562
vt 0.353027 0.603516
vt 0.617676 0.588379
vt 0.618164 0.647461
vt 0.624023 0.647461
vt 0.624023 0.647949
vt 0.622559 0.701172
vt 0.630859 0.700195
vt 0.618164 0.703125
vt 0.630859 0.700684
vt 0.622070 0.801270
vt 0.630859 0.801270
vt 0.618164 0.804688
vt 0.622070 0.801758
vt 0.622070 0.972656
vt 0.630859 0.972656
vt 0.621582 0.972168
vt 0.621582 0.972656
vt 0.630859 0.987793
vt 0.621094 0.972168
vt 0.621094 0.972656
vt 0.630859 0.988281
vt 0.411377 0.050293
vt 0.415283 0.048340
vt 0.413330 0.055664
vt 0.410156 0.054688
vt 0.406494 0.048828
vt 0.410400 0.082031
vt 0.414307 0.083496
vt 0.404053 0.052734
vt 0.405029 0.079102
vt 0.407471 0.089844
vt 0.396484 0.048340
vt 0.396729 0.051758
vt 0.396973 0.077637
vt 0.403320 0.089844
vt 0.397217 0.090332
vt 0.409668 0.092285
vt 0.415283 0.098145
vt 0.406738 0.094727
vt 0.397217 0.096191
vt 0.412109 0.099121
vt 0.413574 0.153809
vt 0.408447 0.099609
vt 0.397461 0.100098
vt 0.408691 0.153320
vt 0.410400 0.155273
vt 0.398193 0.149414
vt 0.413818 0.160645
vt 0.405518 0.155762
vt 0.398193 0.154785
vt 0.408691 0.156250
vt 0.410400 0.160156
vt 0.398193 0.156738
vt 0.405518 0.158203
vt 0.403809 0.157227
vt 0.408447 0.157227
vt 0.407959 0.163086
vt 0.413330 0.206543
vt 0.415771 0.208496
vt 0.404297 0.158203
vt 0.398193 0.158691
vt 0.410889 0.208984
vt 0.402100 0.165039
vt 0.398438 0.165039
vt 0.404053 0.210449
vt 0.412354 0.211914
vt 0.399170 0.210449
vt 0.414795 0.214844
vt 0.405029 0.213867
vt 0.399170 0.214844
vt 0.413574 0.252441
vt 0.406982 0.256836
vt 0.415527 0.251465
vt 0.414307 0.256836
vt 0.399902 0.258301
vt 0.409180 0.258789
vt 0.399902 0.260254
vt 0.381836 0.050781
vt 0.380127 0.056641
vt 0.377930 0.049316
vt 0.383301 0.055664
vt 0.386719 0.049316
vt 0.383789 0.082520
vt 0.380127 0.084473
vt 0.389160 0.053223
vt 0.389160 0.079590
vt 0.386963 0.090820
vt 0.391113 0.090332
vt 0.385010 0.092773
vt 0.379395 0.099121
vt 0.387695 0.095215
vt 0.382812 0.100098
vt 0.382812 0.154785
vt 0.386230 0.100098
vt 0.387695 0.153809
vt 0.385986 0.155762
vt 0.382812 0.161621
vt 0.391113 0.156250
vt 0.387695 0.156738
vt 0.386230 0.160645
vt 0.390869 0.158203
vt 0.392578 0.157227
vt 0.388184 0.157715
vt 0.384766 0.207031
vt 0.388916 0.163574
vt 0.382324 0.209473
vt 0.392090 0.158203
vt 0.387207 0.209473
vt 0.394775 0.165527
vt 0.394043 0.210938
vt 0.385986 0.212402
vt 0.383545 0.215820
vt 0.393066 0.214355
vt 0.385742 0.253418
vt 0.392578 0.256836
vt 0.384033 0.252441
vt 0.385254 0.257812
vt 0.390381 0.259277
vt 0.442139 0.228027
vt 0.429688 0.229492
vt 0.428467 0.229980
vt 0.429932 0.283691
vt 0.358154 0.676758
vt 0.358643 0.676758
vt 0.354492 0.678711
vt 0.366211 0.679688
vt 0.359375 0.680176
vt 0.359131 0.695312
vt 0.358887 0.680664
vt 0.353760 0.681641
vt 0.373047 0.680664
vt 0.373047 0.695312
vt 0.366211 0.696289
vt 0.354980 0.697266
vt 0.358887 0.695312
vt 0.359619 0.698242
vt 0.354980 0.738281
vt 0.372070 0.698242
vt 0.366211 0.698242
vt 0.360107 0.698242
vt 0.360107 0.734375
vt 0.360352 0.734375
vt 0.365967 0.730469
vt 0.371582 0.734375
vt 0.365967 0.737305
vt 0.363037 0.738281
vt 0.360596 0.741211
vt 0.362793 0.738281
vt 0.365967 0.741699
vt 0.368896 0.738281
vt 0.371826 0.734375
vt 0.365967 0.742188
vt 0.369141 0.738281
vt 0.371094 0.741211
vt 0.365967 0.743164
vt 0.365967 0.744141
vt 0.376465 0.746094
vt 0.368408 0.746094
vt 0.365967 0.744629
vt 0.363281 0.746094
vt 0.368164 0.746582
vt 0.372314 0.751465
vt 0.372559 0.750977
vt 0.365967 0.748047
vt 0.363525 0.746094
vt 0.359375 0.751465
vt 0.365723 0.754395
vt 0.374023 0.763184
vt 0.374268 0.763672
vt 0.377441 0.767578
vt 0.359131 0.750977
vt 0.357422 0.763184
vt 0.365723 0.764648
vt 0.365723 0.791016
vt 0.372314 0.791992
vt 0.372803 0.791992
vt 0.378906 0.794922
vt 0.357178 0.763184
vt 0.358887 0.791992
vt 0.365723 0.793945
vt 0.372314 0.795410
vt 0.372559 0.795410
vt 0.355225 0.745605
vt 0.378906 0.798340
vt 0.354004 0.767578
vt 0.358643 0.791992
vt 0.358887 0.795410
vt 0.365234 0.868164
vt 0.373047 0.871094
vt 0.373535 0.871094
vt 0.377930 0.875488
vt 0.352295 0.794922
vt 0.358643 0.795410
vt 0.357422 0.871094
vt 0.364990 0.929688
vt 0.374023 0.933105
vt 0.374268 0.933105
vt 0.378906 0.933105
vt 0.375244 0.940430
vt 0.352295 0.797852
vt 0.356934 0.871094
vt 0.355957 0.933105
vt 0.364990 0.940918
vt 0.375000 0.940918
vt 0.381104 0.949707
vt 0.375977 0.948242
vt 0.375488 0.948242
vt 0.352539 0.875488
vt 0.355469 0.933105
vt 0.354492 0.940430
vt 0.354980 0.940918
vt 0.364746 0.948242
vt 0.354248 0.947754
vt 0.351074 0.932617
vt 0.381104 0.993164
vt 0.378662 0.994141
vt 0.353760 0.947754
vt 0.348389 0.949219
vt 0.364746 0.992676
vt 0.378418 0.994141
vt 0.350830 0.994141
vt 0.350586 0.994141
vt 0.348145 0.992676
vt 0.378662 0.994629
vt 0.378418 0.994629
vt 0.348145 0.993164
vt 0.513672 0.991211
vt 0.523438 0.980469
vt 0.523438 0.991699
vt 0.533203 0.991211
vt 0.511230 0.981934
vt 0.508301 0.982910
vt 0.511719 0.955078
vt 0.509277 0.957031
vt 0.523438 0.955566
vt 0.535645 0.981445
vt 0.534668 0.955078
vt 0.521973 0.795898
vt 0.512695 0.792969
vt 0.538574 0.982910
vt 0.537109 0.956543
vt 0.531738 0.792969
vt 0.521973 0.792480
vt 0.510742 0.791016
vt 0.513184 0.791992
vt 0.513184 0.791016
vt 0.533203 0.791016
vt 0.531250 0.791992
vt 0.521973 0.791016
vt 0.531250 0.791016
vt 0.521973 0.787598
vt 0.512695 0.730957
vt 0.509766 0.729004
vt 0.530762 0.730957
vt 0.521973 0.729980
vt 0.533691 0.729004
vt 0.509766 0.728516
vt 0.512695 0.730469
vt 0.533691 0.728516
vt 0.530762 0.730469
vt 0.521484 0.729492
vt 0.521484 0.724609
vt 0.512207 0.724609
vt 0.531250 0.724609
vt 0.509766 0.727539
vt 0.441650 0.283691
vt 0.427734 0.285156
vt 0.428955 0.323730
vt 0.441650 0.315430
vt 0.428223 0.326172
vt 0.430664 0.323730
vt 0.441650 0.320312
vt 0.429932 0.324219
vt 0.428711 0.327148
vt 0.432617 0.323730
vt 0.432373 0.324219
vt 0.441650 0.324219
vt 0.441650 0.325195
vt 0.441406 0.328125
vt 0.428711 0.376953
vt 0.426758 0.377930
vt 0.441162 0.377930
vt 0.428711 0.377441
vt 0.426758 0.378418
vt 0.428955 0.380859
vt 0.441162 0.380371
vt 0.428955 0.381348
vt 0.441162 0.380859
vt 0.427490 0.428223
vt 0.429443 0.429199
vt 0.440918 0.429688
vt 0.427490 0.428711
vt 0.429443 0.429688
vt 0.427490 0.431641
vt 0.430420 0.430664
vt 0.440918 0.432129
vt 0.440918 0.434570
vt 0.454590 0.229492
vt 0.454590 0.229980
vt 0.455811 0.229980
vt 0.455811 0.230469
vt 0.453613 0.283691
vt 0.455811 0.285156
vt 0.454102 0.323730
vt 0.454834 0.326172
vt 0.452393 0.323730
vt 0.450439 0.324219
vt 0.453125 0.324707
vt 0.450684 0.324219
vt 0.454346 0.327148
vt 0.453857 0.377441
vt 0.455811 0.377930
vt 0.455566 0.378418
vt 0.453613 0.381348
vt 0.455811 0.378906
vt 0.454346 0.428223
vt 0.452637 0.429688
vt 0.454590 0.428711
vt 0.452393 0.429688
vt 0.454590 0.432129
vt 0.451416 0.431152
vt 0.659668 0.986328
vt 0.663086 0.986328
vt 0.659180 0.986816
vt 0.663086 0.985840
vt 0.660156 0.958984
vt 0.666992 0.986328
vt 0.664062 0.960449
vt 0.666992 0.986816
vt 0.674805 0.986328
vt 0.667480 0.958984
vt 0.664551 0.959961
vt 0.660156 0.958008
vt 0.674805 0.986816
vt 0.667480 0.958496
vt 0.667480 0.955078
vt 0.674316 0.958496
vt 0.674316 0.958984
vt 0.674316 0.953125
vt 0.664062 0.952637
vt 0.681641 0.958984
vt 0.682129 0.986816
vt 0.682129 0.986328
vt 0.681641 0.958496
vt 0.658691 0.906250
vt 0.662109 0.904297
vt 0.684570 0.959961
vt 0.684570 0.960449
vt 0.681641 0.955078
vt 0.686035 0.986328
vt 0.686035 0.985352
vt 0.688477 0.958984
vt 0.688965 0.958008
vt 0.689453 0.986328
vt 0.689941 0.986816
vt 0.685059 0.952637
vt 0.690430 0.906250
vt 0.687012 0.904297
vt 0.674316 0.902832
vt 0.690430 0.905273
vt 0.692383 0.717773
vt 0.674316 0.721680
vt 0.689453 0.716309
vt 0.688965 0.660156
vt 0.659180 0.716309
vt 0.674316 0.668945
vt 0.687500 0.659180
vt 0.660645 0.659180
vt 0.674316 0.660645
vt 0.659180 0.660156
vt 0.656250 0.717773
vt 0.658691 0.904785
vt 0.685547 0.658203
vt 0.686035 0.655273
vt 0.688965 0.654297
vt 0.663086 0.658203
vt 0.662109 0.655273
vt 0.683594 0.657227
vt 0.665039 0.657227
vt 0.674316 0.658203
vt 0.659180 0.654297
vt 0.683105 0.656250
vt 0.682617 0.599609
vt 0.686523 0.596680
vt 0.665039 0.656250
vt 0.674316 0.655273
vt 0.689453 0.594727
vt 0.665527 0.599609
vt 0.661621 0.596680
vt 0.674316 0.598633
vt 0.677734 0.402832
vt 0.684570 0.403320
vt 0.658691 0.594727
vt 0.669922 0.402832
vt 0.663086 0.403320
vt 0.673828 0.402832
vt 0.687988 0.404785
vt 0.684570 0.402832
vt 0.677734 0.402344
vt 0.688477 0.404785
vt 0.659668 0.404785
vt 0.663086 0.402832
vt 0.669922 0.402344
vt 0.673828 0.362793
vt 0.679199 0.360840
vt 0.684570 0.357910
vt 0.668457 0.360840
vt 0.663086 0.357910
vt 0.533691 0.727539
vt 0.531250 0.724121
vt 0.520508 0.577148
vt 0.510254 0.575195
vt 0.531250 0.575195
vt 0.507812 0.576172
vt 0.533691 0.576172
vt 0.512207 0.569824
vt 0.511230 0.566406
vt 0.520508 0.569336
vt 0.529297 0.569824
vt 0.530273 0.566406
vt 0.520508 0.565430
vt 0.454590 0.794922
vt 0.447266 0.797852
vt 0.447266 0.795898
vt 0.447266 0.791504
vt 0.456299 0.796387
vt 0.456543 0.791016
vt 0.458740 0.792969
vt 0.456543 0.799805
vt 0.447266 0.800293
vt 0.447266 0.791016
vt 0.458740 0.792480
vt 0.459961 0.802734
vt 0.447266 0.959961
vt 0.458252 0.960938
vt 0.458252 0.733398
vt 0.454834 0.731445
vt 0.447510 0.731445
vt 0.460693 0.961426
vt 0.447266 0.980957
vt 0.458252 0.983398
vt 0.457764 0.721191
vt 0.447510 0.721680
vt 0.454834 0.721191
vt 0.455566 0.716797
vt 0.460693 0.987305
vt 0.456299 0.987793
vt 0.447266 0.986816
vt 0.454346 0.990234
vt 0.458252 0.713379
vt 0.447510 0.714844
vt 0.456543 0.680664
vt 0.458740 0.681152
vt 0.457764 0.992188
vt 0.447266 0.990723
vt 0.447266 0.996582
vt 0.461182 0.505859
vt 0.447510 0.680176
vt 0.458252 0.505371
vt 0.447510 0.503906
vt 0.447510 0.483398
vt 0.458008 0.479980
vt 0.460693 0.478027
vt 0.455811 0.478027
vt 0.447510 0.478027
vt 0.447510 0.470215
vt 0.458252 0.472656
vt 0.462646 0.449219
vt 0.447510 0.450195
vt 0.458740 0.448730
vt 0.439941 0.731445
vt 0.440186 0.721191
vt 0.438232 0.791016
vt 0.436523 0.733398
vt 0.437012 0.721191
vt 0.439453 0.716797
vt 0.435791 0.792480
vt 0.436523 0.713379
vt 0.438232 0.680664
vt 0.436279 0.681152
vt 0.435791 0.792969
vt 0.440186 0.794922
vt 0.436768 0.505371
vt 0.434082 0.505859
vt 0.438477 0.796387
vt 0.438232 0.799805
vt 0.434814 0.802734
vt 0.437256 0.479980
vt 0.434570 0.478027
vt 0.439453 0.478027
vt 0.436279 0.960938
vt 0.433594 0.961426
vt 0.437012 0.472656
vt 0.432617 0.449219
vt 0.436035 0.983398
vt 0.433594 0.987305
vt 0.438232 0.987793
vt 0.436523 0.448730
vt 0.439941 0.990234
vt 0.436523 0.992188
vn 0.8246 -0.5655 -0.0157
vn 0.4816 -0.8764 -0.0000
vn 0.8344 -0.5511 -0.0000
vn 0.8246 -0.5655 0.0157
vn 0.5028 -0.8642 -0.0157
vn 0.7934 -0.5735 -0.2042
vn 0.5401 -0.7297 -0.4194
vn 0.5422 -0.2233 -0.8101
vn 0.7934 -0.5735 0.2042
vn 0.5028 -0.8642 0.0157
vn 0.5401 -0.7297 0.4194
vn 0.5165 -0.2093 0.8303
vn -0.8013 -0.1452 0.5804
vn -0.0073 0.3913 0.9202
vn -0.7062 0.3837 0.5951
vn -0.4178 0.8842 0.2089
vn -0.0001 0.9641 0.2657
vn 0.0145 0.3974 0.9175
vn -0.0078 0.9999 -0.0079
vn 0.0076 0.9697 0.2444
vn -0.3137 0.9495 0.0078
vn -0.7324 0.6772 0.0709
vn 0.0079 0.9999 -0.0079
vn 0.6621 0.7443 0.0879
vn -0.7636 0.6455 0.0158
vn -0.9732 0.1992 0.1150
vn -0.9819 0.1885 0.0157
vn 0.5491 0.5636 0.6171
vn 0.7581 0.1500 0.6346
vn 0.6786 0.7338 0.0316
vn 0.7507 0.6561 0.0769
vn 0.9755 0.1998 0.0922
vn -0.9847 -0.1733 0.0158
vn 0.7448 0.1466 0.6510
vn 0.7488 0.6621 0.0315
vn 0.9787 0.2052 -0.0000
vn -0.9756 -0.1767 0.1306
vn 0.9797 0.2006 -0.0000
vn 0.9755 0.1997 0.0922
vn 0.6496 0.1240 0.7501
vn -0.9821 -0.1778 0.0619
vn -0.9839 -0.1782 0.0155
vn -0.8013 -0.1450 0.5805
vn -0.8104 -0.1495 0.5665
vn 0.9805 0.1961 0.0078
vn 0.9763 0.1921 0.0999
vn -0.2825 -0.2511 0.9258
vn -0.6731 -0.6677 0.3180
vn -0.7028 -0.7107 0.0316
vn 0.3440 -0.3440 0.8737
vn -0.2476 -0.5919 0.7670
vn 0.9823 0.0928 0.1625
vn 0.9861 0.1657 0.0079
vn -0.2839 -0.2547 0.9244
vn -0.6850 -0.6850 0.2482
vn -0.7027 -0.7107 0.0316
vn -0.3912 -0.9030 0.1777
vn 0.3618 -0.8655 0.3463
vn 0.9923 -0.0703 0.1016
vn 0.9980 -0.0628 0.0079
vn 0.3074 -0.9515 0.0159
vn -0.4021 -0.9155 0.0158
vn -0.3393 -0.1341 0.9311
vn -0.9089 -0.3220 0.2648
vn -0.9462 -0.3234 0.0079
vn -0.3688 -0.1447 0.9182
vn -0.9236 -0.3200 0.2110
vn -0.9463 -0.3233 0.0079
vn -0.7372 -0.6675 0.1045
vn -0.7321 -0.6803 0.0346
vn -0.5062 -0.6122 0.6074
vn -0.6876 -0.7217 0.0796
vn -0.2455 -0.5767 0.7792
vn -0.4001 -0.8761 0.2690
vn -0.6894 -0.7236 0.0342
vn -0.2476 -0.5919 0.7671
vn -0.4185 -0.9081 0.0158
vn -0.3911 -0.9030 0.1778
vn -0.4024 -0.9153 0.0158
vn -0.4185 -0.9081 -0.0158
vn -0.3911 -0.9030 -0.1778
vn -0.4024 -0.9153 -0.0158
vn -0.4001 -0.8761 -0.2691
vn -0.6894 -0.7236 -0.0342
vn -0.2517 -0.6055 -0.7550
vn -0.2655 -0.6073 -0.7488
vn -0.5062 -0.6122 -0.6074
vn -0.6876 -0.7217 -0.0796
vn -0.7321 -0.6803 -0.0346
vn -0.7372 -0.6675 -0.1045
vn -0.4188 -0.1660 -0.8928
vn -0.9463 -0.3233 -0.0079
vn -0.9236 -0.3200 -0.2110
vn -0.9462 -0.3234 -0.0079
vn -0.9089 -0.3221 -0.2648
vn -0.4039 -0.1630 -0.9001
vn -0.7027 -0.7107 -0.0316
vn -0.6850 -0.6850 -0.2482
vn -0.3020 -0.2732 -0.9133
vn -0.6731 -0.6677 -0.3180
vn -0.7028 -0.7107 -0.0316
vn -0.3228 -0.2756 -0.9054
vn -0.9821 -0.1778 -0.0619
vn -0.9839 -0.1782 -0.0155
vn -0.8334 -0.1510 -0.5316
vn -0.9756 -0.1767 -0.1306
vn -0.9847 -0.1733 -0.0158
vn -0.8334 -0.1509 -0.5316
vn -0.7062 0.3837 -0.5951
vn -0.9732 0.1992 -0.1150
vn -0.9819 0.1885 -0.0157
vn -0.7324 0.6772 -0.0709
vn -0.7636 0.6455 -0.0158
vn -0.3137 0.9495 -0.0078
vn -0.4178 0.8842 -0.2089
vn -0.0072 0.4271 -0.9042
vn -0.8335 -0.1510 -0.5315
vn -0.0078 0.9999 0.0079
vn -0.0000 0.9640 -0.2657
vn 0.0157 0.4314 -0.9020
vn 0.0076 0.9697 -0.2444
vn 0.0079 0.9999 0.0079
vn 0.6621 0.7443 -0.0880
vn 0.6786 0.7338 -0.0316
vn 0.5491 0.5636 -0.6171
vn 0.7507 0.6561 -0.0769
vn 0.8018 0.1642 -0.5746
vn 0.9755 0.1997 -0.0922
vn 0.7488 0.6621 -0.0315
vn 0.7862 0.1572 -0.5976
vn 0.6894 0.1345 -0.7118
vn 0.9805 0.1961 -0.0078
vn 0.9763 0.1921 -0.1000
vn 0.3440 -0.3440 -0.8737
vn 0.9823 0.0928 -0.1625
vn -0.2517 -0.6056 -0.7549
vn 0.9861 0.1657 -0.0079
vn -0.3912 -0.9030 -0.1777
vn 0.3618 -0.8655 -0.3463
vn 0.9923 -0.0704 -0.1016
vn 0.9980 -0.0628 -0.0079
vn 0.3074 -0.9515 -0.0150
vn -0.4021 -0.9155 -0.0158
vn 0.5731 0.8179 0.0515
vn 0.0237 0.9997 0.0079
vn 0.5732 0.8178 0.0515
vn 0.0157 0.9998 0.0093
vn -0.1630 0.9866 -0.0078
vn -0.1633 0.9865 -0.0078
vn -0.3467 0.9380 -0.0000
vn -0.3538 0.9353 -0.0000
vn -0.4341 0.9008 -0.0000
vn -0.4352 0.9004 -0.0000
vn -0.4337 0.9010 -0.0000
vn -0.4356 0.9001 -0.0000
vn -0.8098 0.5866 0.0128
vn -0.8098 0.5866 0.0127
vn -0.8097 0.5867 0.0128
vn -0.9969 0.0078 0.0785
vn -0.9999 0.0078 0.0079
vn -0.9999 0.0079 0.0079
vn -0.9953 -0.0235 0.0940
vn -0.9995 -0.0314 0.0079
vn -0.7529 -0.0119 0.6581
vn -0.4878 -0.0069 0.8729
vn -0.5179 -0.0000 0.8554
vn -0.5458 -0.1107 0.8305
vn -0.4329 -0.0000 0.9014
vn -0.0986 0.2502 0.9632
vn -0.5687 -0.1342 0.8115
vn -0.9754 -0.2202 0.0079
vn -0.9737 -0.2277 0.0079
vn -0.4116 -0.1348 0.9013
vn -0.0472 0.1336 0.9899
vn -0.4562 -0.1452 0.8780
vn -0.9559 -0.2935 0.0075
vn -0.9559 -0.2936 0.0076
vn -0.0583 0.3720 0.9264
vn -0.0846 0.4371 0.8954
vn -0.3952 -0.1343 0.9087
vn -0.3634 -0.1236 0.9234
vn -0.9540 -0.2996 0.0079
vn -0.0842 0.4485 0.8898
vn -0.2452 0.5767 0.7792
vn -0.7333 0.2425 0.6352
vn -0.7057 0.2390 0.6670
vn -0.9472 0.3206 -0.0000
vn -0.9472 0.3207 -0.0000
vn -0.2455 0.5767 0.7792
vn -0.7180 0.2488 0.6501
vn -0.7404 0.2507 0.6237
vn -0.9449 0.3274 -0.0075
vn -0.3693 0.5567 0.7441
vn -0.3526 0.5643 0.7465
vn -0.5645 0.4738 0.6759
vn -0.5645 0.4737 0.6760
vn 0.4719 0.5353 0.7006
vn -0.1876 0.6583 0.7290
vn -0.7182 0.2486 0.6499
vn -0.1875 0.6583 0.7290
vn 0.4901 0.5455 0.6799
vn 0.4901 0.5455 0.6798
vn 0.4722 0.5352 0.7004
vn 0.4417 0.4812 0.7572
vn 0.9532 0.2928 0.0751
vn 0.7364 0.2088 0.6436
vn 0.9487 0.2901 0.1255
vn 0.7837 0.2222 0.5801
vn 0.9548 0.2920 0.0552
vn 0.6806 0.7325 -0.0129
vn 0.6806 0.7325 -0.0115
vn 0.6775 0.7354 -0.0116
vn 0.8018 0.5974 0.0157
vn 0.7777 0.6285 0.0157
vn 0.7777 0.6284 0.0157
vn 0.5370 0.7413 0.4026
vn 0.7015 0.7127 -0.0000
vn 0.6837 0.7296 0.0171
vn 0.6477 0.7345 0.2024
vn 0.6213 0.7393 0.2595
vn 0.7071 0.7071 -0.0000
vn 0.6518 0.7326 0.1962
vn 0.6169 0.4551 0.6421
vn 0.6098 0.4444 0.6562
vn 0.7463 0.6581 0.0998
vn 0.7097 0.7043 0.0168
vn 0.6233 0.4588 0.6332
vn 0.6032 0.4387 0.6661
vn 0.7492 0.6623 -0.0000
vn 0.7099 0.7043 -0.0000
vn 0.7458 0.6577 0.1057
vn 0.7500 0.6614 -0.0000
vn 0.7098 0.7042 -0.0168
vn 0.7463 0.6581 -0.0998
vn 0.5634 0.1899 0.8041
vn 0.6145 0.1928 0.7650
vn 0.7313 0.5585 0.3916
vn 0.7847 0.6199 -0.0000
vn 0.7458 0.6577 -0.1058
vn 0.9263 -0.0078 0.3768
vn 0.6986 0.0056 0.7155
vn 0.9899 -0.1414 -0.0001
vn 0.7313 0.5585 -0.3916
vn 0.6481 -0.1414 0.7483
vn 0.6518 0.7326 -0.1961
vn 0.6233 0.4588 -0.6332
vn 0.6145 0.1928 -0.7650
vn 0.9263 -0.0078 -0.3768
vn 0.9494 -0.3140 -0.0000
vn 0.9320 -0.3082 0.1908
vn 0.7911 -0.5108 0.3364
vn 0.3581 -0.5776 0.7336
vn 0.5662 0.1887 -0.8023
vn 0.6986 0.0056 -0.7155
vn 0.9320 -0.3082 -0.1908
vn 0.8533 -0.5214 -0.0000
vn 0.7911 -0.5108 -0.3364
vn 0.6609 -0.1449 -0.7363
vn 0.5173 -0.6818 0.5173
vn 0.6443 -0.7648 -0.0000
vn 0.2451 -0.8067 0.5377
vn 0.0868 -0.6719 0.7356
vn 0.3613 -0.5892 -0.7227
vn 0.5173 -0.6818 -0.5173
vn 0.2452 -0.8067 -0.5378
vn 0.3851 -0.9229 -0.0000
vn -0.1500 -0.9073 0.3929
vn -0.1249 -0.9922 -0.0000
vn -0.3138 -0.6983 0.6434
vn 0.0865 -0.6846 -0.7238
vn -0.1500 -0.9073 -0.3929
vn -0.1492 -0.9888 -0.0000
vn -0.1812 -0.8904 0.4176
vn -0.3240 -0.7096 -0.6257
vn -0.1812 -0.8904 -0.4176
vn -0.5180 -0.8554 -0.0000
vn -0.3274 -0.7170 0.6154
vn -0.3239 -0.6637 0.6743
vn -0.5556 -0.8302 0.0459
vn -0.5451 -0.8375 0.0395
vn -0.3539 -0.6921 0.6291
vn -0.5516 -0.8341 -0.0000
vn -0.5451 -0.8375 -0.0395
vn -0.5556 -0.8302 -0.0459
vn -0.3274 -0.7170 -0.6154
vn -0.5562 -0.8310 -0.0000
vn -0.5557 -0.8301 0.0457
vn -0.6946 -0.5141 0.5032
vn -0.6946 -0.5580 0.4540
vn -0.3539 -0.6921 -0.6291
vn -0.5557 -0.8302 -0.0457
vn -0.5562 -0.8311 -0.0000
vn -0.6100 -0.7904 0.0560
vn -0.6951 -0.5528 0.4597
vn -0.6955 -0.4584 0.5533
vn -0.3463 -0.6872 -0.6386
vn -0.6959 -0.5370 -0.4768
vn -0.6947 -0.5580 -0.4540
vn -0.6100 -0.7904 -0.0560
vn -0.6069 -0.7947 -0.0000
vn -0.6151 -0.7885 -0.0000
vn -0.6992 -0.7150 -0.0000
vn -0.6956 -0.5533 -0.4583
vn -0.7234 -0.6892 0.0400
vn -0.6975 -0.5437 -0.4668
vn -0.6992 -0.7149 -0.0000
vn -0.7234 -0.6893 0.0397
vn 0.6473 0.7341 -0.2051
vn 0.6837 0.7296 0.0174
vn 0.6477 0.7345 -0.2024
vn 0.6470 0.7336 -0.2080
vn 0.6170 0.4551 -0.6421
vn 0.6134 0.4498 -0.6491
vn 0.6133 0.4498 -0.6493
vn -0.3229 -0.6292 0.7070
vn -0.6075 -0.6706 0.4258
vn -0.5810 -0.6960 0.4219
vn 0.3787 -0.9234 0.0632
vn -0.3334 -0.6108 0.7182
vn 0.4089 -0.9124 0.0159
vn 0.3244 -0.9365 0.1328
vn 0.4090 -0.9124 0.0157
vn 0.3535 -0.9353 0.0147
vn 0.3593 -0.9314 0.0587
vn 0.3630 -0.6469 0.6706
vn 0.3535 -0.9346 0.0392
vn 0.3644 -0.6559 0.6611
vn 0.3534 -0.9354 0.0147
vn 0.4353 -0.5166 0.7373
vn 0.4180 -0.8832 0.2129
vn 0.3787 -0.9253 0.0215
vn 0.4178 -0.8842 0.2089
vn 0.7337 -0.0693 0.6759
vn 0.3599 -0.9327 0.0220
vn 0.6057 -0.7850 0.1299
vn 0.6108 -0.7917 0.0125
vn 0.8520 -0.5233 0.0134
vn 0.8418 -0.5113 0.1731
vn 0.9256 -0.3644 0.1021
vn 0.9094 -0.4153 0.0215
vn 0.8540 0.2353 0.4640
vn 0.7192 0.2266 0.6568
vn 0.9538 0.3004 -0.0075
vn 0.8813 0.4720 -0.0208
vn 0.8253 0.3223 0.4637
vn 0.4443 0.8958 -0.0071
vn 0.5246 0.8327 0.1771
vn 0.2654 0.3156 0.9110
vn 0.2758 0.9611 0.0157
vn 0.3790 0.9080 0.1788
vn 0.2127 0.9770 0.0158
vn 0.2345 0.9603 0.1513
vn 0.2133 0.2923 0.9322
vn 0.2127 0.9770 0.0157
vn 0.2278 0.9665 0.1179
vn -0.6104 -0.0374 0.7912
vn -0.0539 0.9783 0.2002
vn 0.0948 0.9955 0.0084
vn -0.6140 -0.0433 0.7882
vn 0.0393 0.9955 0.0861
vn 0.0948 0.9955 0.0079
vn -0.8420 0.2853 0.4579
vn -0.8230 0.3500 0.4474
vn -0.5870 -0.6899 -0.4236
vn -0.2407 -0.7110 -0.6607
vn -0.5810 -0.6960 -0.4219
vn 0.3788 -0.9233 -0.0632
vn -0.2291 -0.7116 -0.6642
vn 0.4089 -0.9124 -0.0159
vn 0.3244 -0.9366 -0.1328
vn 0.4090 -0.9124 -0.0157
vn 0.3593 -0.9314 -0.0587
vn 0.3535 -0.9353 -0.0147
vn 0.3696 -0.6839 -0.6290
vn 0.3695 -0.6840 -0.6290
vn 0.3534 -0.9346 -0.0393
vn 0.3534 -0.9354 -0.0147
vn 0.4374 -0.5238 -0.7310
vn 0.4180 -0.8832 -0.2129
vn 0.3787 -0.9253 -0.0218
vn 0.4178 -0.8842 -0.2089
vn 0.7400 -0.0583 -0.6701
vn 0.3599 -0.9327 -0.0220
vn 0.6057 -0.7850 -0.1299
vn 0.6108 -0.7917 -0.0125
vn 0.8418 -0.5113 -0.1731
vn 0.8521 -0.5232 -0.0134
vn 0.8056 0.5923 0.0155
vn 0.9819 0.1886 0.0157
vn 0.9820 0.1885 0.0157
vn 0.9819 0.1885 0.0157
vn 0.8611 0.5085 -0.0000
vn 0.8589 0.5121 -0.0000
vn 0.8588 0.5122 -0.0000
vn 0.6134 0.7706 0.1731
vn 0.5424 0.8401 -0.0000
vn 0.6119 0.7544 0.2376
vn 0.6579 0.4404 0.6110
vn 0.7099 0.6785 0.1889
vn 0.6571 0.4346 0.6159
vn 0.7027 0.1882 0.6862
vn 0.6774 0.1637 0.7172
vn 0.6777 0.1637 0.7169
vn 0.7027 0.1881 0.6861
vn 0.5749 0.1086 0.8110
vn 0.6624 0.1279 0.7381
vn 0.5912 0.1132 0.7985
vn 0.6625 0.1278 0.7380
vn 0.5591 0.3228 0.7637
vn 0.1814 0.4335 0.8827
vn 0.0081 -0.0079 0.9999
vn 0.1818 0.4742 0.8615
vn 0.2530 0.3084 0.9170
vn 0.1765 0.4752 0.8620
vn 0.3233 0.9462 0.0158
vn -0.2595 0.9655 -0.0228
vn -0.2583 0.9658 -0.0228
vn -0.2594 0.9655 -0.0228
vn -0.2902 -0.0157 0.9568
vn -0.4345 -0.0237 0.9004
vn -0.2128 -0.0158 0.9770
vn -0.7615 -0.0300 0.6475
vn -0.4188 -0.3870 0.8215
vn -0.6954 -0.1817 0.6952
vn -0.5059 -0.3375 0.7939
vn -0.9990 -0.0315 0.0315
vn -0.8528 -0.0316 0.5212
vn -0.9994 -0.0315 0.0158
vn -0.9439 0.3225 0.0707
vn -0.9994 -0.0314 0.0157
vn -0.9305 0.3663 -0.0000
vn -0.8587 0.0079 0.5124
vn -0.6243 -0.2453 0.7417
vn -0.9264 0.3767 -0.0000
vn -0.2297 -0.8323 0.5045
vn -0.5064 -0.3375 0.7935
vn -0.3825 -0.7707 0.5096
vn -0.9439 0.3225 -0.0707
vn -0.9994 -0.0314 -0.0157
vn -0.9990 -0.0314 -0.0315
vn -0.9994 -0.0315 -0.0157
vn -0.6954 -0.1817 -0.6952
vn -0.8587 0.0078 -0.5124
vn -0.8587 0.0078 -0.5123
vn -0.7615 -0.0300 -0.6475
vn -0.8528 -0.0316 -0.5212
vn -0.9990 -0.0315 -0.0315
vn -0.9999 -0.0158 -0.0000
vn -0.9999 -0.0157 -0.0000
vn -0.6300 -0.2333 -0.7407
vn -0.6243 -0.2453 -0.7417
vn -0.6242 -0.2453 -0.7417
vn -0.6909 -0.0314 -0.7223
vn -0.8098 0.5866 -0.0127
vn -0.8097 0.5867 -0.0128
vn -0.8097 0.5866 -0.0128
vn 0.3233 0.9462 -0.0158
vn 0.9487 0.2901 -0.1255
vn 0.9548 0.2920 -0.0552
vn 0.9532 0.2927 -0.0751
vn 0.6806 0.7325 0.0115
vn 0.7837 0.2222 -0.5801
vn 0.4972 0.5400 -0.6791
vn 0.4901 0.5455 -0.6799
vn 0.6775 0.7354 0.0116
vn 0.4902 0.5455 -0.6798
vn 0.4901 0.5455 -0.6798
vn -0.4351 0.9004 -0.0000
vn -0.4334 0.9012 -0.0000
vn -0.4340 0.9009 -0.0000
vn -0.3537 0.9354 -0.0000
vn -0.1633 0.9865 0.0078
vn -0.1630 0.9866 0.0079
vn 0.0157 0.9998 -0.0079
vn 0.0234 0.9997 -0.0108
vn 0.5731 0.8179 -0.0515
vn 0.5730 0.8179 -0.0527
vn -0.9449 0.3273 0.0074
vn -0.9449 0.3274 0.0075
vn -0.9540 -0.2996 -0.0079
vn -0.9559 -0.2935 -0.0075
vn -0.9559 -0.2936 -0.0076
vn -0.9737 -0.2277 -0.0079
vn -0.9754 -0.2202 -0.0079
vn -0.9995 -0.0315 -0.0079
vn -0.9953 -0.0235 -0.0940
vn -0.9999 0.0078 -0.0079
vn -0.9969 0.0078 -0.0785
vn -0.9999 0.0079 -0.0079
vn -0.8184 -0.0079 -0.5746
vn -0.5988 -0.1185 -0.7921
vn -0.5687 -0.1342 -0.8115
vn -0.5281 -0.0000 -0.8492
vn -0.5179 -0.0000 -0.8554
vn -0.4343 -0.1401 -0.8898
vn -0.4562 -0.1452 -0.8780
vn -0.5084 -0.0000 -0.8611
vn -0.0986 0.2502 -0.9632
vn -0.3952 -0.1343 -0.9087
vn -0.3997 -0.1356 -0.9066
vn -0.0542 0.1779 -0.9825
vn -0.7333 0.2425 -0.6352
vn -0.7376 0.2497 -0.6274
vn -0.0712 0.4203 -0.9046
vn -0.0846 0.4371 -0.8954
vn -0.7404 0.2507 -0.6237
vn -0.0841 0.4485 -0.8898
vn -0.2453 0.5767 -0.7792
vn -0.2455 0.5767 -0.7792
vn -0.3693 0.5566 -0.7442
vn -0.3526 0.5643 -0.7465
vn -0.5605 0.4738 -0.6792
vn -0.5610 0.4737 -0.6789
vn -0.2591 0.9656 0.0228
vn -0.2583 0.9658 0.0228
vn -0.2592 0.9656 0.0228
vn -0.3825 -0.7707 -0.5096
vn 0.6444 0.6765 -0.3565
vn 0.6118 0.7544 -0.2376
vn 0.5725 0.8169 -0.0704
vn 0.6134 0.7706 -0.1730
vn 0.6608 0.6244 -0.4164
vn 0.7027 0.1882 -0.6862
vn 0.8589 0.5122 -0.0000
vn 0.7026 0.1881 -0.6863
vn 0.7036 0.1828 -0.6867
vn 0.7027 0.1881 -0.6861
vn 0.9820 0.1885 -0.0145
vn 0.9819 0.1886 -0.0157
vn 0.6626 0.1279 -0.7380
vn 0.6624 0.1278 -0.7381
vn 0.9820 0.1885 -0.0157
vn 0.6625 0.1279 -0.7381
vn 0.8056 0.5923 -0.0158
vn 0.8018 0.5974 -0.0157
vn 0.5590 0.3228 -0.7637
vn 0.7765 0.6298 -0.0183
vn 0.7766 0.6298 -0.0183
vn 0.1978 0.4666 -0.8621
vn 0.3195 0.0891 -0.9434
vn 0.1818 0.4742 -0.8615
vn 0.1765 0.4752 -0.8620
vn -0.1878 0.6583 -0.7290
vn -0.1883 0.6584 -0.7287
vn -0.2830 -0.0157 -0.9590
vn -0.6330 -0.6870 0.3569
vn -0.7262 -0.6463 0.2345
vn -0.8021 -0.5897 0.0942
vn -0.8271 -0.5601 0.0457
vn -0.8049 -0.1422 0.5762
vn -0.8440 -0.5364 -0.0000
vn -0.9787 -0.1696 0.1157
vn -0.9853 -0.1708 -0.0000
vn -0.9778 -0.1694 0.1232
vn -0.9853 -0.1707 -0.0000
vn -0.8108 -0.1405 0.5682
vn -0.9796 -0.1422 0.1422
vn -0.9878 -0.1556 -0.0000
vn -0.9778 -0.1694 -0.1232
vn -0.9787 -0.1696 -0.1156
vn -0.6715 0.0926 0.7352
vn -0.9634 0.2351 0.1290
vn -0.8272 -0.5601 -0.0456
vn -0.8440 -0.5364 0.0001
vn -0.8400 -0.1457 -0.5226
vn -0.8332 -0.1415 -0.5346
vn -0.9796 -0.1422 -0.1422
vn -0.9732 0.2299 -0.0000
vn -0.9633 0.2352 -0.1290
vn -0.2842 0.4971 0.8199
vn -0.3310 0.9133 0.2373
vn -0.3201 0.9474 0.0074
vn -0.6778 0.0919 -0.7295
vn -0.7647 -0.6203 -0.1747
vn -0.8021 -0.5897 -0.0942
vn -0.3201 0.9474 -0.0075
vn -0.2892 0.5010 -0.8157
vn -0.3310 0.9133 -0.2373
vn 0.7380 0.6742 0.0291
vn 0.7445 0.6676 -0.0059
vn 0.0077 0.4783 0.8782
vn -0.7619 -0.6239 -0.1738
vn 0.7445 0.6676 0.0052
vn 0.7380 0.6742 -0.0291
vn 0.0066 0.4983 -0.8670
vn 0.6133 0.7869 0.0681
vn 0.6186 0.7856 0.0124
vn 0.4254 0.5346 0.7302
vn 0.6186 0.7856 -0.0124
vn 0.6133 0.7869 -0.0681
vn 0.4386 0.5455 -0.7142
vn 0.4327 0.5251 0.7328
vn 0.6352 0.7683 0.0786
vn 0.6323 0.7746 0.0158
vn 0.4427 0.5334 -0.7208
vn 0.6352 0.7683 -0.0787
vn 0.6323 0.7746 -0.0158
vn 0.4017 0.0933 0.9110
vn 0.9530 0.2251 0.2026
vn 0.9732 0.2299 -0.0000
vn 0.4309 0.0989 -0.8970
vn 0.9530 0.2251 -0.2026
vn 0.9738 0.2275 -0.0000
vn 0.4136 0.0927 0.9057
vn 0.9640 0.2279 0.1367
vn 0.4261 0.0947 -0.8997
vn 0.9641 0.2279 -0.1366
vn 0.9256 -0.3644 -0.1021
vn 0.8540 0.2353 -0.4640
vn 0.7229 0.2279 -0.6522
vn 0.9094 -0.4153 -0.0214
vn 0.9538 0.3004 0.0075
vn 0.8253 0.3222 -0.4637
vn 0.8813 0.4720 0.0229
vn 0.5246 0.8327 -0.1771
vn 0.4443 0.8958 0.0071
vn 0.2683 0.3235 -0.9074
vn 0.3790 0.9080 -0.1788
vn 0.2758 0.9611 -0.0158
vn 0.2127 0.9770 -0.0158
vn 0.2344 0.9603 -0.1512
vn 0.2193 0.2997 -0.9285
vn 0.2278 0.9666 -0.1178
vn -0.6091 -0.0554 -0.7911
vn -0.0539 0.9783 -0.2002
vn 0.0948 0.9955 -0.0079
vn -0.6174 -0.0555 -0.7847
vn 0.0393 0.9955 -0.0861
vn 0.0950 0.9954 -0.0075
vn -0.8388 0.2972 -0.4561
vn -0.8230 0.3501 -0.4474
vn -0.3274 0.9449 -0.0005
vn -0.3205 0.9470 -0.0224
vn -0.3232 0.9460 -0.0243
vn -0.3274 0.9449 -0.0000
vn -0.3464 0.9369 0.0472
vn -0.2351 0.9719 0.0078
vn -0.3303 0.9438 0.0158
vn -0.2371 0.9715 0.0076
vn -0.4117 0.9013 0.1349
vn -0.3845 0.9183 0.0941
vn -0.2224 0.9735 0.0536
vn -0.2052 0.9787 0.0079
vn -0.6406 0.0317 0.7672
vn -0.6439 0.0361 0.7643
vn -0.1885 0.9820 0.0078
vn -0.6711 0.0983 0.7348
vn -0.6782 0.1578 0.7178
vn 0.0551 0.4722 0.8798
vn -0.1924 0.9776 0.0847
vn -0.0236 0.9997 0.0079
vn -0.0235 0.9977 0.0629
vn -0.0316 0.9869 0.1579
vn 0.1492 0.4948 0.8561
vn -0.6721 0.0811 0.7360
vn -0.9390 0.1478 0.3105
vn 0.8371 0.4680 0.2834
vn 0.6217 0.4562 0.6367
vn 0.2964 0.4610 0.8364
vn 0.8814 0.4720 0.0208
vn -0.9167 0.1263 0.3791
vn 0.9796 0.1697 0.1080
vn 0.8167 0.1492 0.5575
vn 0.6923 0.1340 0.7091
vn 0.8521 -0.0000 0.5233
vn 0.6299 -0.0000 0.7767
vn 0.7381 -0.0291 0.6741
vn 0.9058 -0.2924 0.3067
vn 0.9809 0.1931 0.0232
vn 0.9860 -0.0379 0.1622
vn 0.6299 -0.0061 0.7767
vn 0.8313 -0.2946 0.4713
vn 0.7437 -0.6676 0.0352
vn 0.9206 -0.3683 0.1300
vn 0.7351 -0.6773 0.0289
vn 0.6869 -0.7264 -0.0237
vn 0.6464 -0.7602 -0.0658
vn 0.6149 -0.0063 0.7886
vn 0.7299 -0.6828 0.0314
vn 0.7214 -0.6873 -0.0852
vn 0.7110 -0.6942 -0.1120
vn 0.7226 -0.6885 -0.0625
vn 0.5951 -0.3433 0.7267
vn 0.5526 -0.3704 0.7466
vn 0.7199 -0.6857 -0.1077
vn 0.7254 -0.6855 -0.0628
vn 0.5904 -0.4416 0.6756
vn 0.7490 -0.6623 -0.0158
vn 0.5560 -0.4012 0.7279
vn 0.7526 -0.6584 -0.0000
vn 0.4803 -0.8593 -0.1758
vn 0.3392 -0.6731 0.6572
vn 0.3487 -0.6436 0.6813
vn 0.2872 -0.6881 0.6664
vn 0.7237 -0.6895 -0.0285
vn 0.7442 -0.6680 0.0059
vn 0.7500 -0.6615 -0.0000
vn 0.1106 -0.9936 0.0237
vn 0.7491 -0.6624 0.0079
vn 0.7490 -0.6623 0.0158
vn 0.7199 -0.6857 0.1077
vn 0.1182 -0.9930 -0.0079
vn 0.0550 -0.9974 0.0470
vn 0.1416 -0.9899 0.0079
vn 0.1182 -0.9930 0.0079
vn 0.7289 -0.6830 0.0459
vn 0.0707 -0.9974 0.0155
vn 0.4804 -0.8593 0.1758
vn 0.7254 -0.6855 0.0628
vn 0.7214 -0.6873 0.0852
vn 0.1018 -0.9948 0.0080
vn 0.1018 -0.9948 0.0002
vn 0.7110 -0.6942 0.1120
vn 0.7226 -0.6885 0.0625
vn 0.3013 -0.6958 -0.6519
vn 0.3392 -0.6731 -0.6572
vn 0.5951 -0.3433 -0.7266
vn 0.5904 -0.4416 -0.6755
vn 0.3785 -0.6412 -0.6675
vn 0.7299 -0.6828 -0.0314
vn 0.6869 -0.7264 0.0237
vn 0.6148 -0.0063 -0.7886
vn 0.6464 -0.7602 0.0658
vn 0.8313 -0.2946 -0.4713
vn 0.7437 -0.6676 -0.0352
vn 0.6443 -0.0060 -0.7647
vn 0.5651 -0.3845 -0.7299
vn 0.5663 -0.4149 -0.7121
vn 0.7351 -0.6773 -0.0289
vn 0.7381 -0.0291 -0.6741
vn 0.9058 -0.2924 -0.3067
vn 0.9206 -0.3683 -0.1300
vn 0.6372 -0.0000 -0.7707
vn 0.6923 0.1340 -0.7091
vn 0.8521 -0.0000 -0.5233
vn 0.9796 0.1697 -0.1080
vn 0.9860 -0.0379 -0.1622
vn 0.8167 0.1492 -0.5575
vn 0.2946 0.4713 -0.8313
vn 0.6216 0.4562 -0.6367
vn 0.8371 0.4680 -0.2834
vn 0.8814 0.4720 -0.0208
vn 0.9809 0.1931 -0.0232
vn -0.0316 0.9869 -0.1580
vn -0.0235 0.9977 -0.0629
vn -0.0236 0.9997 -0.0079
vn 0.1445 0.5321 -0.8343
vn -0.2052 0.9787 -0.0079
vn -0.1924 0.9776 -0.0847
vn -0.1885 0.9820 -0.0078
vn 0.0472 0.5129 -0.8571
vn -0.2223 0.9735 -0.0536
vn -0.2351 0.9719 -0.0078
vn -0.2371 0.9715 -0.0076
vn -0.6559 0.1626 -0.7371
vn -0.4117 0.9013 -0.1348
vn -0.3205 0.9470 0.0224
vn -0.3303 0.9437 -0.0158
vn -0.3845 0.9183 -0.0942
vn -0.3464 0.9369 -0.0472
vn -0.3596 0.9321 -0.0438
vn -0.6624 0.1613 -0.7316
vn -0.6751 0.1588 -0.7205
vn -0.3232 0.9460 0.0243
vn -0.6744 0.1568 -0.7215
vn -0.9390 0.1478 -0.3105
vn -0.9390 0.1479 -0.3104
vn -0.9390 0.1478 -0.3106
vn -0.2322 0.9514 0.2023
vn -0.5416 0.8000 0.2583
vn -0.5120 0.6380 0.5751
vn -0.2292 0.9562 0.1818
vn -0.0785 0.9969 -0.0000
vn -0.7693 0.4725 0.4301
vn -0.7522 0.6582 0.0314
vn -0.7417 0.6706 0.0125
vn -0.7452 0.6668 0.0078
vn -0.7625 0.6446 0.0551
vn -0.8010 0.4478 0.3973
vn -0.7355 0.6775 -0.0000
vn -0.7318 0.6799 0.0461
vn -0.5293 0.5827 0.6167
vn -0.7318 0.6800 0.0461
vn -0.7342 0.6789 -0.0000
vn 0.2525 -0.4300 0.8668
vn 0.8332 0.4797 0.2750
vn 0.3770 -0.3154 -0.8709
vn 0.8332 0.4797 -0.2750
vn 0.7767 0.6296 0.0183
vn 0.7767 0.6296 -0.0183
vn 0.3126 -0.3945 0.8641
vn 0.8226 0.3560 0.4434
vn 0.3839 -0.3293 -0.8627
vn 0.8226 0.3560 -0.4435
vn -0.9705 -0.2368 0.0459
vn -0.7251 -0.1884 0.6623
vn -0.9587 0.2793 0.0529
vn -0.9714 -0.2371 0.0153
vn -0.9632 -0.2503 0.0983
vn -0.9705 -0.2369 0.0458
vn -0.9678 -0.2514 0.0152
vn -0.9587 0.2795 0.0530
vn -0.9705 -0.2368 0.0458
vn -0.9622 0.2723 -0.0071
vn -0.7251 -0.1884 0.6624
vn -0.7940 -0.6063 0.0435
vn -0.6701 -0.1760 0.7211
vn -0.7976 -0.6027 0.0255
vn 0.6741 0.7386 0.0058
vn 0.2489 0.2709 0.9299
vn -0.7252 -0.1884 0.6622
vn 0.6719 0.7346 0.0948
vn -0.6822 -0.6822 0.2632
vn -0.6893 -0.6841 0.2384
vn -0.7845 -0.6177 0.0555
vn 0.6776 0.7354 0.0058
vn 0.6495 0.7049 0.2851
vn 0.2434 0.2508 0.9369
vn 0.9334 0.3528 0.0662
vn 0.7734 -0.5912 0.2287
vn 0.1289 -0.6178 0.7757
vn 0.9402 0.3406 -0.0000
vn 0.2370 -0.0000 0.9715
vn 1.0000 -0.0000 -0.0000
vn 0.9633 0.0003 0.2684
vn 0.9633 -0.0079 0.2685
vn 0.2373 -0.0079 0.9714
vn 1.0000 -0.0079 -0.0000
vn 0.9995 -0.0078 0.0316
vn 1.0000 -0.0000 -0.0082
vn 0.9185 -0.3925 0.0473
vn 0.2585 -0.5940 0.7618
vn 0.9176 -0.3974 -0.0000
vn 0.8786 -0.4773 0.0138
vn 0.7971 -0.5649 0.2134
vn 0.1284 -0.6172 0.7762
vn 0.7731 -0.5916 0.2287
vn 0.9185 -0.3925 -0.0473
vn 1.0000 -0.0000 0.0079
vn 0.8786 -0.4773 -0.0138
vn 0.9995 -0.0078 -0.0316
vn 0.2589 -0.0152 -0.9658
vn 0.9633 -0.0079 -0.2685
vn 0.1904 -0.5635 -0.8039
vn 0.7971 -0.5649 -0.2134
vn 0.7731 -0.5916 -0.2288
vn 0.2655 0.0076 -0.9641
vn 0.9633 0.0003 -0.2684
vn 0.9334 0.3528 -0.0662
vn 0.2593 0.2673 -0.9281
vn 0.6495 0.7049 -0.2851
vn 0.6776 0.7354 -0.0058
vn 0.2516 0.2752 -0.9279
vn 0.6717 0.7347 -0.0946
vn 0.6741 0.7386 -0.0082
vn -0.9587 0.2795 -0.0530
vn -0.7327 -0.1892 -0.6538
vn -0.9622 0.2723 -0.0000
vn -0.9714 -0.2371 -0.0153
vn -0.9705 -0.2368 -0.0458
vn -0.7326 -0.1891 -0.6539
vn -0.9632 -0.2503 -0.0983
vn -0.9705 -0.2369 -0.0458
vn -0.7335 -0.1907 -0.6524
vn -0.9678 -0.2514 -0.0152
vn -0.7940 -0.6064 -0.0435
vn -0.7441 -0.6505 -0.1524
vn -0.7976 -0.6027 -0.0251
vn -0.7411 -0.6545 -0.1493
vn -0.7844 -0.6177 -0.0556
vn 0.7733 -0.5913 -0.2287
vn 0.0875 -0.6097 -0.7878
vn -0.9705 -0.2369 -0.0459
vn -0.9587 0.2793 -0.0529
vn 0.2316 0.4898 0.8405
vn -0.9694 -0.1812 0.1655
vn -0.7911 -0.1410 0.5952
vn 0.4742 0.8456 0.2450
vn -0.7802 0.2049 0.5911
vn 0.5310 0.7842 0.3211
vn 0.3858 0.4251 0.8188
vn -0.1740 0.8184 0.5477
vn 0.5282 0.8491 0.0067
vn -0.9114 0.4007 0.0943
vn 0.1094 0.9929 0.0469
vn 0.5517 0.8340 0.0066
vn 0.9954 0.0159 0.0948
vn 0.6832 -0.0000 0.7302
vn -0.9197 0.3910 0.0362
vn 0.1259 0.9918 0.0236
vn 0.5562 0.8310 0.0065
vn 0.9999 0.0079 -0.0079
vn 1.0000 -0.0000 -0.0079
vn 0.9715 -0.0077 0.2371
vn 0.5370 -0.0530 0.8419
vn 0.9999 0.0080 -0.0079
vn 0.9482 -0.3161 0.0315
vn -0.9207 -0.3624 0.1450
vn 0.9659 -0.2586 -0.0152
vn -0.9305 -0.3663 0.0074
vn -0.9731 -0.2299 0.0153
vn -0.9605 -0.2441 0.1339
vn -0.7931 -0.1624 0.5870
vn -0.9317 -0.3632 -0.0001
vn -0.9694 -0.1813 0.1655
vn -0.9809 -0.1931 0.0232
vn -0.9749 -0.2226 -0.0000
vn -0.7911 -0.1410 0.5953
vn -0.9835 -0.1810 0.0079
vn -0.9812 -0.1931 -0.0000
vn -0.9809 -0.1931 -0.0232
vn -0.9731 -0.2299 -0.0153
vn -0.9305 -0.3663 -0.0073
vn 0.9659 -0.2586 0.0152
vn -0.9113 0.4007 0.0943
vn -0.9197 0.3911 0.0362
vn -0.9840 -0.1782 -0.0000
vn -0.9835 -0.1810 -0.0079
vn -0.9694 -0.1813 -0.1655
vn -0.7802 0.2049 -0.5911
vn -0.9207 -0.3624 -0.1450
vn -0.9605 -0.2441 -0.1339
vn 0.9482 -0.3160 -0.0316
vn -0.9197 0.3911 -0.0362
vn -0.9113 0.4007 -0.0942
vn 0.9714 -0.0076 -0.2372
vn 0.5416 -0.0528 -0.8389
vn -0.8120 -0.1656 -0.5597
vn -0.8077 -0.1412 -0.5725
vn 0.9954 0.0158 -0.0948
vn 0.6912 -0.0000 -0.7226
vn 0.9999 0.0079 0.0079
vn 1.0000 0.0079 0.0057
vn 0.4131 0.4444 -0.7949
vn 0.5517 0.8340 -0.0066
vn 0.5310 0.7842 -0.3211
vn 0.5562 0.8310 -0.0065
vn 0.2354 0.5023 -0.8320
vn 0.5282 0.8491 -0.0069
vn 0.5282 0.8491 -0.0074
vn 0.4742 0.8456 -0.2450
vn 0.1094 0.9929 -0.0469
vn -0.1740 0.8184 -0.5477
vn 0.1259 0.9918 -0.0236
vn -0.9114 0.4007 -0.0943
vn -0.9197 0.3910 -0.0362
vn -0.8077 -0.1412 -0.5724
vn 0.7032 0.7031 0.1052
vn 0.9472 0.3207 0.0074
vn 0.7528 0.6579 0.0237
vn 0.9258 0.3134 0.2114
vn 0.3244 0.2379 0.9155
vn 0.3770 0.1015 0.9206
vn 0.9457 0.2995 0.1261
vn 0.9537 0.3003 0.0150
vn 0.9207 -0.3190 0.2248
vn -0.4656 -0.8696 0.1643
vn -0.1591 -0.3616 0.9186
vn 0.9133 -0.3884 0.1223
vn 0.0294 -0.9326 0.3598
vn 0.0153 -0.9731 0.2299
vn -0.4745 -0.8734 0.1101
vn -0.4751 -0.8500 0.2276
vn -0.4885 -0.8666 0.1023
vn -0.1896 -0.3317 0.9241
vn -0.4082 -0.9031 0.1335
vn -0.3537 -0.9351 0.0235
vn -0.5516 -0.1298 0.8240
vn -0.6279 -0.7742 0.0793
vn -0.6743 -0.7381 0.0232
vn -0.9723 -0.1991 0.1225
vn -0.5519 -0.1025 0.8276
vn -0.9797 -0.2006 0.0077
vn -0.9557 -0.1580 0.2483
vn -0.4484 0.5727 0.6862
vn -0.5740 0.7290 0.3730
vn -0.7155 0.6986 0.0056
vn -0.1034 0.5621 0.8206
vn -0.7183 0.6957 0.0057
vn 0.0944 0.2911 0.9520
vn -0.2438 0.9674 0.0686
vn -0.2657 0.9640 0.0076
vn -0.2128 0.9652 0.1520
vn 0.1180 0.5509 0.8262
vn -0.2936 0.9559 0.0075
vn 0.2642 0.6847 0.6793
vn -0.2134 0.9567 0.1977
vn 0.4555 0.1806 0.8717
vn 0.3541 0.1102 0.9287
vn -0.3913 0.9203 -0.0000
vn 0.9411 -0.1482 0.3039
vn 0.9449 0.1191 0.3051
vn 0.3471 0.9378 -0.0000
vn 0.8692 -0.4928 0.0411
vn 0.7944 -0.4004 0.4567
vn 0.5313 -0.2009 0.8230
vn 0.8670 -0.4983 0.0068
vn 0.9570 -0.2902 -0.0000
vn 0.9803 -0.1976 -0.0000
vn 0.8587 -0.5120 0.0236
vn 0.8581 -0.5135 -0.0000
vn 0.7453 -0.4001 0.5334
vn 0.9449 0.1191 -0.3051
vn 0.5460 -0.2573 0.7973
vn -0.2134 0.9567 -0.1977
vn 0.7608 -0.5930 0.2636
vn 0.8440 -0.5363 0.0079
vn 0.4444 -0.5925 0.6719
vn 0.8461 -0.5330 -0.0000
vn 0.7485 -0.6067 0.2679
vn 0.8431 -0.5377 0.0066
vn -0.2936 0.9559 -0.0075
vn -0.2128 0.9652 -0.1520
vn 0.2642 0.6847 -0.6793
vn 0.2962 -0.5682 0.7677
vn 0.8302 -0.5556 0.0457
vn 0.4627 -0.6317 0.6220
vn 0.8431 -0.5377 -0.0000
vn -0.2130 -0.3627 0.9072
vn 0.4685 -0.8264 0.3125
vn -0.2438 0.9674 -0.0685
vn -0.2657 0.9640 -0.0076
vn -0.1034 0.5621 -0.8206
vn 0.1180 0.5509 -0.8262
vn -0.7155 0.6986 -0.0056
vn -0.4799 -0.6630 0.5746
vn -0.7183 0.6957 -0.0057
vn 0.4555 0.1806 -0.8717
vn 0.0944 0.2911 -0.9520
vn -0.5740 0.7290 -0.3730
vn -0.4770 0.5899 -0.6515
vn -0.7318 0.6800 -0.0461
vn 0.3610 0.1099 -0.9261
vn -0.5765 0.6152 -0.5377
vn -0.7318 0.6800 -0.0462
vn -0.8039 0.4887 -0.3389
vn -0.7625 0.6446 -0.0551
vn -0.7452 0.6668 -0.0078
vn -0.7770 0.5200 -0.3549
vn -0.7522 0.6582 -0.0314
vn -0.7417 0.6707 -0.0079
vn -0.2292 0.9562 -0.1818
vn -0.4105 0.7974 -0.4422
vn -0.1809 0.9835 -0.0079
vn -0.2323 0.9514 -0.2023
vn -0.0708 0.9975 -0.0000
vn -0.3238 0.9346 -0.1472
vn 0.1104 -0.8731 -0.4748
vn -0.0139 -0.4771 -0.8787
vn 0.4684 -0.8263 -0.3126
vn 0.4627 -0.6317 -0.6220
vn 0.4791 -0.6047 -0.6362
vn 0.8302 -0.5556 -0.0458
vn 0.7485 -0.6066 -0.2679
vn 0.5627 -0.6056 -0.5627
vn 0.8431 -0.5377 -0.0066
vn 0.8440 -0.5364 -0.0079
vn 0.7603 -0.5932 -0.2648
vn 0.8587 -0.5120 -0.0236
vn 0.7453 -0.4001 -0.5334
vn 0.5721 -0.2739 -0.7731
vn 0.7944 -0.4004 -0.4567
vn 0.8692 -0.4927 -0.0411
vn 0.5412 -0.2039 -0.8158
vn 0.8670 -0.4983 -0.0068
vn 0.9411 -0.1482 -0.3039
vn -0.8639 0.3945 0.3130
vn -0.9465 0.1044 0.3054
vn -0.7196 0.0949 0.6878
vn -0.7380 0.1279 0.6625
vn -0.8566 0.5059 0.1012
vn -0.8438 0.5362 0.0237
vn -0.6442 0.4243 0.6364
vn -0.8569 0.4993 0.1282
vn -0.8676 0.4969 0.0158
vn -0.5593 0.4497 0.6964
vn -0.8577 0.5066 0.0878
vn -0.8639 0.5034 0.0136
vn 0.1854 0.9812 0.0541
vn 0.1491 0.9888 -0.0078
vn 0.4893 0.7063 0.5116
vn 0.5424 0.8401 0.0067
vn 0.5560 0.7132 0.4268
vn 0.6219 -0.1158 0.7744
vn 0.5601 0.8284 -0.0000
vn 0.9623 -0.2652 0.0606
vn 0.9388 0.3178 0.1330
vn 0.6406 -0.1582 0.7514
vn 0.9618 -0.2681 0.0552
vn 0.9621 -0.2727 0.0076
vn 0.9559 0.2935 -0.0075
vn 0.2748 -0.5968 0.7539
vn 0.7860 -0.6132 0.0787
vn 0.8057 -0.5924 -0.0000
vn 0.7262 -0.6630 0.1816
vn 0.2516 -0.6202 0.7431
vn 0.2307 -0.8877 0.3985
vn 0.7262 -0.6630 -0.1816
vn 0.7860 -0.6131 -0.0787
vn 0.8057 -0.5924 -0.0015
vn 0.9618 -0.2681 -0.0552
vn 0.9621 -0.2727 -0.0076
vn 0.5641 -0.6512 -0.5077
vn 0.6406 -0.1582 -0.7514
vn 0.9623 -0.2652 -0.0606
vn 0.5030 -0.6868 -0.5246
vn 0.5377 -0.8128 -0.2241
vn 0.6215 -0.1219 -0.7739
vn 0.5560 0.7132 -0.4268
vn 0.9388 0.3178 -0.1330
vn 0.9559 0.2935 0.0075
vn -0.5676 0.4542 -0.6867
vn 0.4893 0.7063 -0.5116
vn 0.5424 0.8401 -0.0066
vn 0.1854 0.9812 -0.0541
vn 0.1491 0.9888 0.0078
vn -0.8577 0.5066 -0.0878
vn -0.8639 0.5034 -0.0136
vn -0.8569 0.4994 -0.1282
vn -0.8676 0.4969 -0.0158
vn -0.6835 0.4414 -0.5814
vn -0.8566 0.5059 -0.1012
vn -0.8438 0.5362 -0.0237
vn -0.7432 0.1346 -0.6554
vn -0.8639 0.3945 -0.3130
vn -0.7464 0.1336 -0.6519
vn -0.9483 0.1269 -0.2910
vn -0.4718 -0.8817 -0.0070
vn -0.3941 -0.9100 0.1289
vn -0.4471 -0.8942 0.0236
vn -0.4667 -0.8844 0.0070
vn -0.2274 -0.4939 0.8392
vn -0.3880 -0.5558 0.7352
vn -0.7941 -0.6053 0.0550
vn -0.7945 -0.6060 0.0393
vn -0.2685 -0.4898 0.8294
vn -0.3892 -0.5517 0.7376
vn -0.7965 -0.6020 0.0566
vn -0.7984 -0.6009 0.0395
vn -0.9416 -0.2593 0.2147
vn -0.9780 -0.2079 0.0154
vn -0.9780 -0.2081 0.0154
vn -0.8654 -0.1888 0.4642
vn -0.9781 -0.2079 0.0077
vn -0.8720 -0.1854 0.4531
vn -0.9781 -0.2079 -0.0000
vn -0.8554 -0.1819 0.4849
vn -0.8826 -0.1876 0.4310
vn -0.6185 0.2977 0.7272
vn -0.7383 0.4185 0.5290
vn -0.9873 -0.1580 0.0158
vn -0.9265 -0.1492 0.3455
vn -0.9877 -0.1556 0.0156
vn -0.7981 0.0817 0.5970
vn -0.9980 0.0079 0.0629
vn -0.9999 -0.0000 0.0158
vn -0.9638 0.2656 0.0228
vn -0.9617 0.2601 0.0867
vn -0.8849 0.3623 0.2926
vn -0.9363 0.3384 0.0944
vn -0.9374 0.3470 0.0295
vn -0.2358 0.9659 0.1065
vn 0.7032 0.7032 0.1052
vn -0.1265 0.9882 0.0870
vn 0.7527 0.6579 0.0237
vn 0.9472 0.3207 -0.0075
vn 0.7032 0.7031 -0.1052
vn 0.7528 0.6579 -0.0237
vn 0.9258 0.3134 -0.2114
vn 0.3360 0.2502 -0.9080
vn 0.3871 0.1026 -0.9163
vn 0.9457 0.2995 -0.1261
vn 0.9537 0.3003 -0.0150
vn 0.9207 -0.3190 -0.2248
vn -0.4656 -0.8696 -0.1644
vn -0.1659 -0.3635 -0.9167
vn 0.9133 -0.3884 -0.1223
vn 0.0294 -0.9326 -0.3598
vn 0.0153 -0.9731 -0.2299
vn -0.4745 -0.8734 -0.1101
vn -0.4750 -0.8500 -0.2276
vn -0.4885 -0.8666 -0.1024
vn -0.1971 -0.3545 -0.9140
vn -0.4082 -0.9031 -0.1335
vn -0.3537 -0.9351 -0.0235
vn -0.5560 -0.1293 -0.8210
vn -0.6279 -0.7742 -0.0793
vn -0.6743 -0.7381 -0.0232
vn -0.9723 -0.1990 -0.1225
vn -0.5666 -0.1030 -0.8175
vn -0.9797 -0.2006 -0.0077
vn -0.9557 -0.1580 -0.2483
vn -0.9873 -0.1580 -0.0158
vn -0.9265 -0.1492 -0.3455
vn -0.9877 -0.1556 -0.0156
vn -0.8390 0.0991 -0.5351
vn -0.9980 0.0079 -0.0629
vn -0.9999 -0.0000 -0.0158
vn -0.9638 0.2656 -0.0228
vn -0.9617 0.2601 -0.0867
vn -0.8885 0.3638 -0.2798
vn -0.9363 0.3384 -0.0945
vn -0.9374 0.3470 -0.0295
vn -0.2358 0.9659 -0.1065
vn 0.7032 0.7032 -0.1052
vn -0.1265 0.9881 -0.0870
vn 0.7527 0.6579 -0.0237
vn -0.4336 -0.7543 0.4930
vn -0.2864 -0.9325 0.2203
vn -0.8607 -0.0881 0.5015
vn -0.9915 -0.0551 0.1180
vn -0.8670 -0.0819 0.4916
vn -0.9925 -0.0547 0.1095
vn -0.9989 -0.0472 -0.0000
vn -0.2370 -0.9715 -0.0000
vn -0.9308 -0.1972 0.3077
vn -0.5818 -0.4010 0.7076
vn -0.9980 -0.0629 -0.0000
vn -0.9992 -0.0393 -0.0000
vn -0.9915 -0.0551 -0.1180
vn -0.9925 -0.0547 -0.1095
vn -0.1555 -0.9878 -0.0000
vn -0.2864 -0.9325 -0.2203
vn -0.6666 -0.4147 0.6194
vn -0.9527 -0.2598 0.1575
vn -0.2751 -0.6852 0.6744
vn -0.5758 -0.4584 0.6770
vn -0.9121 -0.0790 -0.4022
vn -0.9014 -0.0781 -0.4259
vn -0.9308 -0.1972 -0.3077
vn -0.9866 -0.1631 -0.0000
vn -0.9380 -0.3468 -0.0000
vn 0.0138 -0.8786 0.4774
vn -0.3537 -0.9353 -0.0000
vn 0.1105 -0.7336 0.6705
vn -0.4435 -0.7823 -0.4374
vn -0.6095 -0.4187 -0.6732
vn -0.9527 -0.2598 -0.1575
vn -0.5758 -0.4585 -0.6770
vn -0.6666 -0.4147 -0.6194
vn 0.2755 -0.8660 0.4173
vn 0.2369 -0.9715 -0.0000
vn 0.0138 -0.8786 -0.4774
vn -0.2812 -0.7003 -0.6562
vn 0.3278 -0.4756 0.8163
vn 0.5257 -0.7376 0.4237
vn 0.4025 -0.9154 -0.0000
vn 0.2755 -0.8660 -0.4173
vn 0.1124 -0.7511 -0.6506
vn 0.6070 -0.7947 -0.0000
vn 0.5257 -0.7376 -0.4237
vn 0.3278 -0.4756 -0.8163
vn -0.4472 -0.8944 -0.0001
vn -0.2194 -0.3919 0.8935
vn -0.2423 -0.1287 0.9616
vn -0.2194 -0.3919 -0.8935
vn -0.2424 -0.1288 -0.9616
vn -0.3616 -0.0943 0.9276
vn -0.2925 -0.3067 0.9058
vn -0.5015 -0.7320 0.4611
vn -0.8007 -0.5990 -0.0000
vn -0.5015 -0.7320 -0.4611
vn -0.2299 -0.9732 -0.0000
vn 0.1336 -0.7463 0.6520
vn -0.2924 -0.3067 -0.9058
vn 0.1336 -0.7463 -0.6520
vn 0.0393 -0.5267 0.8491
vn 0.0393 -0.5268 -0.8491
vn -0.8035 0.0253 0.5948
vn -0.8035 0.0253 -0.5947
vn 0.0946 -0.4102 0.9071
vn -0.5745 0.0079 0.8185
vn -0.9787 0.2052 -0.0000
vn -0.6703 0.0525 0.7402
vn 0.0946 -0.4102 -0.9071
vn -0.5745 0.0079 -0.8185
vn -0.6703 0.0525 -0.7402
vn -0.6929 0.0901 0.7154
vn -0.5606 0.0196 0.8278
vn -0.6929 0.0901 -0.7154
vn -0.5606 0.0196 -0.8279
vn -0.8861 -0.1882 0.4235
vn -0.8311 -0.5562 -0.0000
vn -0.8861 -0.1882 -0.4235
vn -0.2767 -0.2621 0.9245
vn -0.6790 -0.3262 0.6577
vn -0.2767 -0.2621 -0.9245
vn -0.6790 -0.3262 -0.6577
vn -0.4443 -0.6180 0.6486
vn -0.4443 -0.6180 -0.6486
vn -0.2208 -0.1025 0.9699
vn -0.2435 -0.0864 -0.9661
vn -0.4560 -0.8411 0.2909
vn -0.7529 -0.6581 -0.0000
vn -0.4560 -0.8411 -0.2909
vn -0.3702 -0.8586 0.3545
vn -0.9182 -0.3296 0.2198
vn -0.4931 0.0274 0.8696
vn -0.3702 -0.8586 -0.3545
vn -0.1858 -0.9826 -0.0000
vn -0.2227 -0.9749 -0.0000
vn -0.9176 -0.3974 -0.0000
vn -0.3241 -0.1400 0.9356
vn -0.7559 -0.6535 0.0394
vn -0.6843 -0.6304 0.3664
vn -0.8037 -0.5948 0.0190
vn -0.7471 -0.6647 -0.0000
vn -0.6251 -0.4675 0.6251
vn -0.9200 -0.3260 -0.2174
vn -0.7559 -0.6535 -0.0394
vn -0.3726 -0.2531 0.8928
vn -0.4931 0.0274 -0.8696
vn -0.7917 -0.6109 -0.0000
vn -0.8037 -0.5948 -0.0190
vn -0.6843 -0.6304 -0.3665
vn -0.9194 0.3909 0.0435
vn -0.8986 0.4387 -0.0000
vn -0.6977 -0.0506 0.7146
vn -0.9787 0.1895 0.0790
vn -0.9747 0.2149 0.0614
vn -0.8046 0.5126 0.2997
vn -0.7445 0.4749 0.4692
vn -0.9637 0.2582 0.0683
vn -0.0687 0.2438 0.9674
vn -0.9634 0.2607 0.0632
vn -0.4329 0.9014 -0.0072
vn -0.4385 0.8983 0.0283
vn -0.0757 0.2650 0.9613
vn -0.4385 0.8981 0.0353
vn -0.4382 0.8979 0.0425
vn -0.4384 0.8981 0.0366
vn -0.0628 0.2513 0.9659
vn -0.0755 0.2719 0.9594
vn 0.1182 0.9927 0.0235
vn 0.3480 0.5461 0.7620
vn 0.1259 0.9919 0.0157
vn 0.1461 0.3433 0.9278
vn 0.4879 0.6196 0.6148
vn 0.1782 0.9837 0.0233
vn 0.3023 0.4602 0.8347
vn 0.1858 0.9825 0.0155
vn 0.9141 0.4031 0.0432
vn 0.9250 0.3788 0.0291
vn 0.5790 0.2561 0.7740
vn 0.4303 0.1943 0.8815
vn 0.9118 0.4092 0.0359
vn 0.9249 0.3795 0.0237
vn 0.9247 0.3794 0.0317
vn 0.4862 0.2198 0.8458
vn 0.3426 0.1603 0.9257
vn 0.9249 0.3796 0.0237
vn 0.9195 0.3930 0.0001
vn 0.8120 0.1656 0.5597
vn 0.7492 0.1003 0.6547
vn 0.9176 0.3975 -0.0072
vn 0.7661 0.1086 0.6335
vn 0.7433 0.0791 0.6643
vn 0.8627 0.1902 0.4687
vn 0.9175 0.3974 -0.0145
vn 0.7176 0.0552 0.6942
vn 0.9658 0.1673 0.1979
vn -0.4718 -0.8817 0.0070
vn -0.4566 -0.8896 0.0079
vn -0.4666 -0.8844 0.0070
vn -0.7947 -0.6058 -0.0393
vn -0.7945 -0.6060 -0.0393
vn -0.7984 -0.6009 -0.0395
vn -0.7986 -0.6006 -0.0395
vn -0.9780 -0.2081 -0.0154
vn -0.9787 -0.2051 -0.0079
vn -0.9859 0.1577 -0.0552
vn -0.9747 0.2149 -0.0614
vn -0.9658 0.2516 -0.0628
vn -0.9634 0.2607 -0.0632
vn -0.4385 0.8981 -0.0342
vn -0.4383 0.8984 -0.0283
vn -0.4384 0.8981 -0.0354
vn -0.4385 0.8980 -0.0354
vn -0.4327 0.9008 0.0355
vn 0.1171 0.9930 -0.0156
vn 0.1259 0.9919 -0.0157
vn 0.1782 0.9839 -0.0155
vn 0.1858 0.9825 -0.0155
vn 0.9144 0.4033 -0.0360
vn 0.9118 0.4092 -0.0359
vn 0.9249 0.3795 -0.0237
vn 0.9249 0.3794 -0.0237
vn 0.9249 0.3796 -0.0237
vn 0.9176 0.3974 0.0072
vn 0.9176 0.3975 0.0072
vn 0.9195 0.3930 0.0079
vn 0.9175 0.3974 0.0145
vn 0.9194 0.3909 0.0434
vn 0.7730 0.0974 -0.6269
vn 0.9614 0.2347 -0.1440
vn 0.7872 0.1054 -0.6076
vn 0.7671 0.0966 -0.6342
vn 0.7661 0.1086 -0.6335
vn 0.8797 0.2435 -0.4086
vn 0.7550 0.1011 -0.6479
vn 0.8120 0.1656 -0.5597
vn 0.8808 0.2497 -0.4023
vn 0.4568 0.2045 -0.8658
vn 0.4862 0.2198 -0.8458
vn 0.8136 0.3476 -0.4661
vn 0.4565 0.2046 -0.8659
vn 0.5790 0.2561 -0.7740
vn 0.8056 0.3617 -0.4693
vn 0.1461 0.3433 -0.9278
vn 0.3023 0.4602 -0.8348
vn 0.4880 0.6196 -0.6148
vn 0.3479 0.5461 -0.7620
vn 0.6118 0.5829 -0.5347
vn -0.0683 0.2580 -0.9637
vn 0.3539 0.8326 -0.4260
vn 0.3787 0.8291 -0.4114
vn -0.0755 0.2718 -0.9594
vn -0.2976 0.7055 -0.6432
vn -0.0757 0.2650 -0.9613
vn -0.0759 0.2579 -0.9632
vn -0.3548 0.7176 -0.5992
vn -0.7446 0.4749 -0.4691
vn -0.6185 0.2978 -0.7272
vn -0.8046 0.5126 -0.2997
vn -0.7383 0.4185 -0.5290
vn -0.6922 0.6972 -0.1867
vn -0.8961 0.3853 -0.2202
vn -0.8936 0.3916 -0.2194
vn -0.8827 -0.1876 -0.4309
vn -0.9591 -0.2039 -0.1963
vn -0.8692 -0.1848 -0.4586
vn -0.9590 -0.2044 -0.1965
vn -0.8720 -0.1854 -0.4531
vn -0.8736 -0.1889 -0.4486
vn -0.9416 -0.2594 -0.2148
vn -0.9642 -0.2372 -0.1186
vn -0.4240 -0.5388 -0.7279
vn -0.3891 -0.5518 -0.7376
vn -0.6205 -0.6255 -0.4731
vn -0.6177 -0.6274 -0.4741
vn -0.3880 -0.5558 -0.7352
vn -0.3792 -0.5542 -0.7410
vn -0.3878 -0.7242 -0.5702
vn -0.3829 -0.7256 -0.5717
vn -0.7731 -0.0365 0.6332
vn -0.8152 -0.0385 0.5779
vn -0.2201 -0.4335 0.8739
vn -0.2253 -0.4439 0.8673
vn -0.9918 -0.0866 0.0945
vn -0.2284 -0.4727 0.8511
vn -0.1968 -0.4683 0.8614
vn 0.0158 -0.2128 0.9770
vn -0.9755 -0.1995 0.0922
vn 0.1327 -0.9912 0.0002
vn 0.0237 -0.2368 0.9713
vn 0.1491 -0.9888 0.0079
vn 0.1876 -0.3536 0.9164
vn 0.1329 -0.9911 -0.0000
vn 0.1491 -0.9888 -0.0000
vn 0.2656 -0.9640 0.0153
vn 0.1044 -0.3055 0.9465
vn -0.9796 -0.2012 -0.0000
vn 0.2921 -0.4514 0.8431
vn 0.2778 -0.4269 0.8606
vn -0.9756 -0.1995 -0.0922
vn 0.1326 -0.9912 -0.0002
vn 0.4345 -0.9005 0.0159
vn 0.2830 -0.9591 -0.0000
vn 0.3001 -0.4579 0.8368
vn 0.1490 -0.9888 -0.0079
vn 0.2657 -0.9639 -0.0152
vn 0.2910 -0.4404 0.8494
vn -0.1968 -0.4682 -0.8614
vn -0.2284 -0.4726 -0.8512
vn 0.0237 -0.2367 -0.9713
vn -0.9918 -0.0866 -0.0944
vn 0.5363 -0.8439 0.0158
vn 0.4444 -0.8958 -0.0000
vn 0.4345 -0.9006 -0.0159
vn 0.7058 0.3390 0.6220
vn 0.9091 0.4151 0.0358
vn -0.2254 -0.4439 -0.8673
vn 0.2921 -0.4514 -0.8431
vn 0.1044 -0.3055 -0.9464
vn 0.5364 -0.8440 -0.0000
vn 0.5362 -0.8439 -0.0158
vn 0.3001 -0.4579 -0.8368
vn -0.8152 -0.0386 -0.5779
vn 0.1941 -0.3594 -0.9128
vn 0.2886 -0.4362 -0.8523
vn 0.9096 0.4154 -0.0000
vn 0.9088 0.4151 0.0430
vn 0.9091 0.4151 -0.0357
vn 0.2981 -0.4505 -0.8415
vn 0.7058 0.3389 -0.6221
vn 0.9088 0.4151 -0.0430
vn 0.6507 0.3199 -0.6887
vn 0.6302 0.3179 -0.7084
vn 0.8991 0.4319 -0.0709
vn -0.3300 -0.1540 -0.9313
vn -0.6251 -0.4675 -0.6251
vn -0.9194 0.3909 -0.0435
vn -0.3915 -0.1708 0.9042
vn -0.4173 0.2992 0.8581
vn -0.8331 0.5109 0.2122
vn -0.8611 0.5085 -0.0000
vn -0.8331 0.5109 -0.2122
vn -0.8145 0.5323 0.2309
vn -0.3943 -0.2698 -0.8785
vn -0.6977 -0.0506 -0.7146
vn -0.4173 0.2992 -0.8581
vn -0.8145 0.5323 -0.2309
vn -0.7977 0.6030 -0.0000
vn -0.2474 0.1799 0.9521
vn -0.4309 -0.1876 -0.8827
vn -0.3939 0.2836 0.8743
vn -0.7865 0.5945 0.1672
vn -0.3939 0.2836 -0.8743
vn -0.7865 0.5945 -0.1672
vn -0.4345 0.9007 -0.0000
vn -0.3943 0.8944 0.2113
vn -0.3943 0.8943 -0.2113
vn -0.2672 0.2004 -0.9426
vn -0.1176 0.3382 -0.9337
vn -0.2748 0.1857 -0.9434
vn 0.4912 0.5643 -0.6636
vn 0.7293 0.6833 -0.0345
vn 0.7293 0.6833 0.0345
vn 0.7297 0.6838 -0.0000
vn 0.6672 0.7003 -0.2537
vn -0.1448 0.2058 -0.9678
vn 0.2669 0.3375 -0.9027
vn -0.0859 0.4080 -0.9090
vn 0.4912 0.5643 0.6636
vn 0.6672 0.7003 0.2537
vn 0.0157 0.9999 -0.0000
vn -0.0697 0.4600 -0.8852
vn -0.4134 0.6910 -0.5930
vn -0.6043 0.3688 -0.7063
vn -0.7857 0.6187 -0.0000
vn -0.4134 0.6909 0.5930
vn -0.0943 0.4007 0.9114
vn -0.0697 0.4600 0.8852
vn -0.6043 0.3688 0.7063
vn -0.9353 0.3537 -0.0000
vn -0.6980 0.2198 -0.6815
vn -0.6980 0.2198 0.6815
vn -0.9989 0.0472 -0.0000
vn -0.6065 0.0375 0.7942
vn -0.7299 0.0862 0.6781
vn -0.9989 -0.0473 -0.0000
vn -0.7299 0.0862 -0.6781
vn -0.6941 -0.0677 0.7167
vn -0.5272 -0.0601 0.8476
vn -0.9985 -0.0551 -0.0000
vn -0.6941 -0.0677 -0.7167
vn -0.6183 0.0309 -0.7853
vn -0.7176 -0.1892 0.6703
vn -0.4920 -0.0683 0.8679
vn -0.9878 -0.1555 -0.0000
vn -0.7176 -0.1892 -0.6703
vn -0.5415 -0.0594 -0.8386
vn -0.9154 -0.4025 -0.0000
vn -0.8164 -0.3536 0.4565
vn -0.5608 -0.2212 0.7978
vn -0.5050 -0.0710 -0.8602
vn -0.8165 -0.3536 -0.4565
vn -0.6349 -0.2631 0.7264
vn -0.8389 -0.3607 0.4077
vn -0.8389 -0.3607 -0.4077
vn -0.6464 -0.2601 -0.7173
vn -0.6684 -0.2772 -0.6902
vn -0.7518 -0.5032 0.4262
vn -0.8222 -0.4726 0.3172
vn -0.8848 -0.4660 -0.0000
vn -0.8222 -0.4726 -0.3172
vn -0.7885 -0.4967 -0.3627
vn -0.8250 -0.5652 -0.0000
vn -0.7249 -0.5595 0.4019
vn -0.7507 -0.5497 -0.3665
vn -0.1018 -0.9231 0.3707
vn -0.3172 -0.9368 -0.1476
vn -0.2441 -0.9687 0.0459
vn -0.2441 -0.9687 0.0456
vn 0.2702 0.3342 0.9030
vn -0.1176 0.3382 0.9337
vn -0.1075 0.1920 0.9755
vn -0.2547 0.1723 0.9515
vn -0.4336 -0.7543 0.4929
vn -0.1414 -0.8553 0.4984
vn -0.1571 -0.9507 0.2672
vn -0.2691 -0.8761 0.4001
vn -0.2762 -0.9228 0.2688
vn -0.5651 -0.7887 0.2422
vn -0.5555 -0.7586 0.3405
vn -0.3072 -0.9516 -0.0000
vn -0.5655 -0.8247 -0.0000
vn -0.2761 -0.9228 -0.2688
vn -0.7164 -0.6657 0.2087
vn -0.7268 -0.6868 -0.0000
vn -0.5651 -0.7887 -0.2422
vn -0.7477 -0.6417 0.1707
vn -0.1572 -0.9507 -0.2672
vn -0.2748 -0.8947 -0.3522
vn -0.1465 -0.8862 -0.4396
vn -0.7032 -0.6700 0.2381
vn -0.7266 -0.6871 -0.0000
vn -0.7164 -0.6657 -0.2087
vn -0.5932 -0.7909 -0.1503
vn -0.7221 -0.6254 0.2957
vn -0.7110 -0.7032 -0.0000
vn -0.7032 -0.6700 -0.2381
vn -0.7382 -0.6596 -0.1414
vn -0.4435 -0.7823 -0.4373
vn -0.7081 -0.6579 -0.2565
vn -0.7462 -0.6581 0.0999
vn -0.2194 -0.3918 -0.8935
vn -0.3616 -0.0943 -0.9276
vn -0.2423 -0.1287 -0.9616
vn 0.0268 0.8488 0.5280
vn -0.5317 0.4824 0.6961
vn -0.1540 0.6987 0.6986
vn -0.1686 0.6799 0.7136
vn -0.0079 0.8221 0.5692
vn 0.1340 0.1655 0.9771
vn 0.1523 0.2056 0.9667
vn 0.3910 0.9197 0.0363
vn 0.3911 0.9199 0.0290
vn -0.5132 0.5447 0.6632
vn 0.0536 0.2223 0.9735
vn 0.0316 0.2923 0.9558
vn 0.4271 0.9038 0.0286
vn -0.6928 0.7211 -0.0000
vn -0.7210 0.6869 0.0908
vn 0.4272 0.9042 -0.0000
vn 0.3974 0.9176 -0.0000
vn 0.1885 0.9820 -0.0078
vn -0.0784 0.9958 0.0470
vn 0.3929 0.9196 -0.0000
vn -0.1182 0.9930 -0.0000
vn -0.0939 0.9941 -0.0547
vn -0.0237 0.3162 0.9484
vn 0.1101 0.3450 0.9321
vn -0.5132 0.5447 -0.6632
vn -0.5184 0.5291 -0.6718
vn -0.0472 0.9989 -0.0000
vn -0.0784 0.9958 -0.0471
vn 0.3911 0.9199 -0.0290
vn 0.3910 0.9197 -0.0363
vn 0.0268 0.8488 -0.5280
vn -0.1179 0.9905 -0.0707
vn 0.0866 0.6926 0.7161
vn -0.0558 0.7875 -0.6138
vn 0.1102 0.7875 0.6063
vn 0.2947 0.4354 0.8506
vn 0.7189 0.1472 0.6793
vn 0.8991 0.4319 0.0709
vn 0.9022 0.4314 -0.0000
vn 0.6302 0.3179 0.7084
vn 0.5753 0.2997 -0.7611
vn 0.1498 0.2696 -0.9512
vn 0.2503 0.5799 -0.7753
vn 0.8953 0.4398 -0.0707
vn 0.1258 0.2829 -0.9509
vn 0.8953 0.4398 0.0707
vn 0.8847 0.4661 -0.0000
vn 0.1498 0.2696 0.9512
vn 0.2503 0.5799 0.7753
vn 0.6387 0.3154 0.7019
vn 0.5610 0.2927 0.7744
vn 0.1275 0.2774 0.9523
vn 0.4593 0.8104 -0.3637
vn 0.2903 0.6572 -0.6956
vn 0.4594 0.8103 -0.3637
vn -0.2039 0.3205 -0.9250
vn 0.4594 0.8104 0.3636
vn -0.4249 -0.9053 -0.0000
vn 0.2903 0.6572 0.6956
vn -0.2043 0.3143 0.9271
vn -0.2197 0.4237 -0.8788
vn 0.2529 0.7824 -0.5690
vn -0.2197 0.4237 0.8788
vn 0.2529 0.7825 0.5690
vn -0.4250 -0.9052 0.0001
vn 0.1976 0.9803 -0.0000
vn -0.4250 -0.9052 -0.0000
vn 0.4594 0.8104 -0.3637
vn -0.2815 0.5629 -0.7771
vn -0.2815 0.5630 0.7771
vn -0.3692 0.3220 -0.8718
vn -0.3986 0.4844 -0.7788
vn -0.3692 0.3220 0.8718
vn -0.3986 0.4844 0.7788
vn 0.0393 0.9992 -0.0001
vn -0.6041 0.3845 -0.6981
vn 0.0392 0.9992 -0.0000
vn -0.6041 0.3844 0.6981
vn -0.8462 0.5329 -0.0000
vn -0.9463 0.3234 -0.0000
vn -0.9153 0.2738 -0.2955
vn -0.9152 0.2739 0.2955
vn -0.9849 0.1733 -0.0000
vn -0.9736 0.1492 -0.1727
vn -0.9736 0.1492 0.1727
vn -0.3480 0.2557 0.9019
vn -0.8050 -0.0395 0.5919
vn -0.9924 -0.0788 0.0946
vn -0.7412 -0.0117 0.6712
vn -0.9963 -0.0863 -0.0000
vn -0.9924 -0.0788 -0.0946
vn -0.9962 -0.0870 -0.0000
vn -0.8153 -0.0385 0.5778
vn -0.8050 -0.0395 -0.5919
vn -0.8153 -0.0385 -0.5778
vn -0.9918 -0.0866 -0.0945
vn -0.9755 -0.1997 0.0922
vn -0.9797 -0.2006 -0.0000
vn -0.9755 -0.1997 -0.0922
vn -0.7881 -0.0372 -0.6144
vn -0.7617 -0.0120 -0.6478
vn -0.3480 0.2557 -0.9019
vn -0.7881 -0.0372 -0.6145
vn -0.2201 -0.4335 -0.8739
vn 0.0157 -0.2278 -0.9736
vn 0.6641 -0.0411 0.7465
vn 0.0394 0.0157 0.9991
vn 0.0236 0.0079 0.9997
vn 0.6926 -0.0227 0.7210
vn 0.0314 0.0158 0.9994
vn 0.9773 -0.0692 0.2001
vn 0.9627 -0.0530 0.2654
vn 0.5563 -0.0196 0.8308
vn 0.9195 0.0079 0.3931
vn 0.9985 -0.0550 -0.0000
vn 0.9917 -0.0312 0.1249
vn 0.9975 -0.0707 -0.0000
vn -0.7329 0.2128 0.6462
vn 0.5102 0.7043 0.4936
vn 0.5732 -0.0515 0.8178
vn 0.9989 0.0472 -0.0000
vn 0.9287 -0.3437 0.1390
vn 0.9995 -0.0314 -0.0000
vn 0.6478 0.7618 -0.0000
vn -0.9609 0.2677 0.0709
vn 0.9917 -0.0312 -0.1249
vn 0.9773 -0.0693 -0.2001
vn 0.8619 -0.4953 0.1086
vn 0.1106 -0.2055 0.9724
vn 0.9224 -0.3863 -0.0000
vn 0.9287 -0.3437 -0.1390
vn 0.6950 -0.0237 -0.7187
vn 0.5102 0.7043 -0.4936
vn -0.9660 0.2586 -0.0000
vn -0.9609 0.2677 -0.0708
vn 0.1104 -0.2206 0.9691
vn 0.5777 -0.8150 0.0449
vn -0.7329 0.2128 -0.6462
vn 0.1071 -0.2142 0.9709
vn 0.1140 -0.2282 0.9669
vn 0.5782 -0.8159 -0.0000
vn 0.8619 -0.4953 -0.1086
vn 0.5777 -0.8150 -0.0449
vn 0.5741 -0.8178 0.0398
vn -0.9578 0.2355 -0.1649
vn -0.9715 0.2370 -0.0000
vn -0.0431 -0.6252 0.7793
vn 0.5695 -0.8216 0.0260
vn -0.0551 -0.6141 0.7873
vn 0.1191 -0.5293 0.8400
vn 0.5604 -0.8282 -0.0000
vn 0.5741 -0.8178 -0.0397
vn 0.5694 -0.8216 -0.0260
vn 0.5867 -0.8096 0.0190
vn 0.0237 -0.5600 0.8281
vn 0.1732 -0.4961 0.8508
vn 0.1557 -0.4871 0.8593
vn 0.5863 -0.8101 -0.0000
vn 0.5867 -0.8096 -0.0190
vn 0.5824 -0.8127 0.0192
vn -0.0430 -0.6253 -0.7792
vn 0.1190 -0.5293 -0.8400
vn -0.5206 -0.1262 0.8444
vn -0.5224 -0.1456 0.8401
vn 0.5731 -0.8195 -0.0001
vn 0.5825 -0.8126 -0.0193
vn 0.1732 -0.4962 -0.8507
vn -0.5224 -0.1455 -0.8402
vn -0.9680 -0.2510 -0.0003
vn -0.9742 -0.2225 0.0384
vn -0.5206 -0.1262 -0.8444
vn 0.1617 -0.4917 -0.8556
vn -0.0555 -0.6177 -0.7844
vn 0.0323 -0.5693 -0.8215
vn 0.1072 -0.2142 -0.9709
vn 0.1141 -0.2282 -0.9669
vn 0.1104 -0.2206 -0.9691
vn 0.1105 -0.2131 -0.9708
vn 0.5732 -0.0515 -0.8178
vn 0.9194 0.0079 -0.3931
vn 0.5739 -0.0194 -0.8187
vn 0.9626 -0.0531 -0.2655
vn 0.6784 -0.0394 -0.7336
vn 0.1706 0.0233 -0.9851
vn -0.2358 0.0944 -0.9672
vn -0.7445 0.1934 -0.6389
vn -0.2749 0.0864 -0.9576
vn -0.8574 0.4928 -0.1486
vn -0.8183 0.3479 -0.4575
vn -0.7527 0.2312 -0.6165
vn -0.8404 0.5419 -0.0000
vn -0.9021 0.4315 -0.0000
vn -0.9262 0.3770 -0.0001
vn -0.0079 0.8222 -0.5692
vn -0.0559 0.7875 -0.6138
vn 0.2751 0.9510 0.1415
vn 0.7197 0.1870 0.6686
vn 0.2642 0.9587 0.1057
vn -0.0470 0.9964 -0.0706
vn -0.1250 0.9922 -0.0000
vn 0.2714 0.9575 0.0980
vn 0.2838 0.9458 0.1577
vn 0.1415 0.1730 -0.9747
vn 0.1026 0.9939 -0.0394
vn 0.9600 0.2797 0.0151
vn 0.9559 0.2936 -0.0000
vn 0.2278 0.9737 -0.0000
vn 0.9696 0.2443 0.0153
vn 0.1026 0.9939 0.0394
vn -0.0470 0.9964 0.0706
vn -0.0941 0.9956 -0.0000
vn 0.9697 0.2443 -0.0000
vn 0.9600 0.2797 -0.0151
vn 0.9696 0.2443 -0.0153
vn 0.9781 0.2082 -0.0000
vn 0.2838 0.9458 -0.1577
vn 0.2714 0.9574 -0.0980
vn 0.7196 0.1871 -0.6687
vn 0.2751 0.9510 -0.1415
vn 0.2648 0.9586 -0.1048
vn 0.7502 0.1342 -0.6475
vn 0.9779 0.2079 -0.0232
vn 0.1707 0.9853 -0.0000
vn 0.2947 0.4354 -0.8507
vn 0.7272 0.1489 -0.6700
vn 0.1103 0.7875 -0.6063
vn 0.1259 0.3698 -0.9205
vn 0.7693 0.1177 -0.6279
vn 0.7438 0.1288 -0.6559
vn -0.1179 0.9905 0.0707
vn 0.0866 0.6926 -0.7161
vn 0.9784 0.2051 -0.0237
vn -0.0237 0.3162 -0.9484
vn 0.0611 0.2367 -0.9697
vn -0.0940 0.9941 0.0548
vn 0.9271 0.0438 -0.3723
vn 0.6487 -0.2690 -0.7120
vn 0.0316 0.2923 -0.9558
vn 0.9372 0.0369 -0.3468
vn 0.9863 0.1631 -0.0233
vn 0.9782 0.2079 -0.0000
vn 0.1886 0.9820 0.0078
vn 0.4270 0.9038 -0.0286
vn 0.1522 0.2056 -0.9667
vn 0.9393 -0.3402 -0.0444
vn 0.8798 -0.1524 -0.4503
vn 0.9495 -0.3139 -0.0000
vn 0.9874 0.1580 -0.0000
vn 0.3941 -0.5194 -0.7582
vn 0.3693 -0.9272 -0.0629
vn 0.9863 0.1631 0.0233
vn 0.9393 -0.3402 0.0444
vn 0.3693 -0.9272 0.0629
vn 0.3974 -0.9177 -0.0000
vn 0.2712 -0.5037 -0.8202
vn 0.2605 -0.9629 -0.0710
vn 0.2426 -0.4982 -0.8324
vn 0.9372 0.0369 0.3468
vn 0.9784 0.2052 0.0237
vn 0.3941 -0.5194 0.7582
vn 0.8798 -0.1524 0.4503
vn -0.0552 -0.4179 -0.9068
vn 0.2607 -0.9638 -0.0553
vn 0.0790 -0.4741 -0.8769
vn 0.6397 -0.2717 0.7190
vn 0.9271 0.0438 0.3723
vn 0.7693 0.1178 0.6279
vn 0.9779 0.2079 0.0232
vn -0.2119 -0.4866 -0.8475
vn 0.7502 0.1343 0.6475
vn 0.7023 0.1161 0.7023
vn 0.2665 -0.5016 0.8230
vn -0.2641 -0.3891 -0.8825
vn -0.2848 -0.3751 -0.8822
vn -0.0393 -0.9977 -0.0550
vn -0.6145 -0.7800 -0.1183
vn -0.3022 -0.3846 -0.8722
vn -0.3069 -0.3778 -0.8735
vn -0.7527 -0.6579 -0.0237
vn -0.3060 -0.3845 -0.8709
vn -0.7706 -0.6369 -0.0236
vn -0.4071 -0.4007 -0.8208
vn -0.7500 -0.6614 -0.0000
vn -0.7707 -0.6372 -0.0000
vn -0.0629 -0.9980 -0.0000
vn -0.5990 -0.8008 -0.0000
vn -0.7952 -0.6063 -0.0079
vn -0.7952 -0.6063 -0.0000
vn -0.6145 -0.7800 0.1183
vn -0.7527 -0.6579 0.0237
vn -0.7706 -0.6369 0.0236
vn -0.3022 -0.3846 0.8722
vn -0.6986 -0.7155 -0.0000
vn -0.2641 -0.3892 0.8825
vn -0.0393 -0.9977 0.0550
vn 0.2685 -0.9633 -0.0000
vn -0.7952 -0.6062 0.0079
vn -0.6992 -0.7148 0.0079
vn -0.4280 -0.4217 0.7994
vn -0.3060 -0.3845 0.8709
vn -0.2982 -0.3676 0.8809
vn -0.2733 -0.3645 0.8902
vn -0.7040 -0.7096 0.0279
vn -0.2119 -0.4866 0.8475
vn -0.0574 -0.4088 0.9108
vn 0.2607 -0.9638 0.0553
vn 0.0790 -0.4741 0.8769
vn 0.2426 -0.4982 0.8324
vn 0.2605 -0.9629 0.0710
vn 0.2444 -0.9697 -0.0000
vn -0.9830 -0.0853 0.1627
vn -0.3862 0.2897 0.8758
vn 0.5607 0.8280 -0.0000
vn -0.9066 -0.1357 0.3995
vn -0.4662 0.1659 0.8690
vn 0.5604 0.8276 0.0325
vn -0.4344 0.2054 0.8770
vn -0.5109 0.0707 0.8567
vn 0.5886 0.8083 0.0157
vn 0.4795 0.5395 0.6921
vn 0.5866 0.8099 -0.0000
vn 0.5655 0.8248 -0.0000
vn 0.5603 0.8276 -0.0325
vn -0.3802 0.2904 -0.8781
vn -0.9831 -0.0851 0.1623
vn 0.4656 0.5002 0.7301
vn 0.4781 0.5226 0.7060
vn 0.5885 0.8083 0.0158
vn 0.5886 0.8083 -0.0157
vn -0.4345 0.2054 -0.8769
vn -0.4477 0.1859 -0.8747
vn 0.5887 0.8084 -0.0000
vn 0.5885 0.8083 -0.0158
vn 0.8728 0.4880 0.0069
vn 0.4623 0.4937 0.7366
vn 0.6062 0.2913 0.7400
vn -0.8574 0.4928 0.1485
vn -0.8184 0.3479 0.4574
vn -0.5513 -0.0458 0.8330
vn -0.5466 -0.0460 0.8362
vn -0.7446 0.1934 0.6389
vn -0.9578 0.2355 0.1649
vn 0.0234 0.0079 0.9997
vn -0.7051 0.2720 0.6549
vn -0.8897 0.3307 0.3149
vn -0.8936 0.3135 0.3212
vn -0.7107 0.3302 0.6212
vn -0.7033 0.3046 0.6424
vn -0.6030 0.7977 0.0062
vn -0.6146 0.7879 0.0395
vn -0.7093 0.3353 0.6201
vn -0.5975 0.8019 -0.0000
vn -0.6067 0.7947 0.0189
vn -0.7038 0.7096 -0.0334
vn -0.7009 0.7122 -0.0392
vn -0.6927 0.7212 -0.0057
vn -0.6907 0.7221 -0.0392
vn -0.6868 0.7268 -0.0058
vn -0.3769 0.3567 0.8548
vn -0.6924 0.7207 -0.0341
vn -0.3603 0.3535 0.8632
vn -0.3457 0.3318 0.8777
vn -0.7034 0.3045 0.6423
vn -0.3313 0.3313 0.8835
vn -0.1673 0.3421 0.9247
vn -0.5969 0.8010 -0.0470
vn -0.6061 0.7942 -0.0438
vn -0.6544 0.7561 -0.0060
vn 0.1698 0.3027 0.9378
vn 0.0906 0.2717 0.9581
vn 0.4720 0.8816 0.0070
vn 0.1832 0.3152 0.9312
vn 0.4724 0.8814 -0.0000
vn 0.4776 0.8786 -0.0000
vn 0.1838 0.3086 0.9332
vn 0.4093 0.9121 0.0216
vn 0.4091 0.9125 0.0079
vn 0.1886 0.3223 0.9276
vn 0.4154 0.9096 -0.0000
vn 0.4034 0.9148 0.0217
vn 0.4025 0.9154 0.0079
vn 0.6815 0.3273 0.6546
vn 0.9042 0.4245 0.0472
vn 0.9033 0.4268 0.0426
vn 0.7706 -0.0121 0.6372
vn 0.8587 0.5119 0.0236
vn 0.3976 0.9175 0.0001
vn 0.9995 0.0079 0.0315
vn 0.7952 -0.0078 0.6062
vn 0.9998 0.0079 0.0157
vn 0.7765 -0.0184 0.6299
vn 0.8007 -0.0126 0.5989
vn 0.9995 -0.0079 0.0315
vn 0.9998 -0.0079 0.0157
vn 0.7284 -0.3155 0.6082
vn 0.7502 -0.3238 0.5765
vn 0.9260 -0.3718 -0.0655
vn 0.9255 -0.3716 -0.0729
vn 0.9220 -0.3848 -0.0436
vn 0.7313 -0.3145 0.6053
vn 0.7537 -0.3219 0.5731
vn 0.9260 -0.3718 -0.0656
vn 0.9255 -0.3717 -0.0729
vn 0.7579 0.3709 0.5366
vn 0.7731 0.3834 0.5053
vn 0.8948 0.4438 -0.0493
vn 0.8944 0.4436 -0.0564
vn 0.8892 0.4564 -0.0316
vn 0.7731 0.3835 0.5052
vn 0.8944 0.4437 -0.0563
vn 0.8892 0.4563 -0.0314
vn 0.7621 0.3771 0.5263
vn 0.9930 -0.1172 -0.0157
vn 0.9930 -0.1173 -0.0156
vn 0.8206 -0.1033 0.5621
vn 0.9931 -0.1173 -0.0078
vn 0.7968 -0.1004 0.5959
vn 0.9931 -0.1173 -0.0077
vn 0.8117 -0.1022 0.5751
vn 0.7729 -0.0974 0.6271
vn 0.9832 0.1809 0.0236
vn 0.9834 0.1810 0.0157
vn 0.9835 0.1809 0.0079
vn 0.5890 0.1099 0.8006
vn 0.9832 0.1810 0.0236
vn 0.9833 0.1811 0.0158
vn 0.5351 0.0991 0.8390
vn 0.5791 0.1081 0.8080
vn 0.9835 0.1808 0.0078
vn 0.3970 -0.3703 0.8398
vn 0.8367 0.5448 0.0554
vn 0.8158 0.5782 0.0065
vn 0.8375 0.5407 0.0793
vn 0.8130 0.5822 -0.0003
vn 0.5397 0.0988 0.8360
vn 0.2388 -0.4838 0.8420
vn 0.3884 -0.3880 0.8358
vn 0.2767 -0.4739 0.8360
vn 0.8184 0.5745 0.0079
vn 0.8842 -0.2227 0.4106
vn 0.5214 -0.6876 0.5052
vn -0.8896 0.3307 -0.3149
vn -0.7209 0.3236 -0.6128
vn -0.8941 0.3168 -0.3166
vn -0.7107 0.3302 -0.6212
vn -0.6030 0.7977 -0.0061
vn -0.7058 0.3279 -0.6280
vn -0.6145 0.7879 -0.0395
vn -0.7093 0.3352 -0.6201
vn -0.6066 0.7948 -0.0189
vn -0.5975 0.8019 -0.0001
vn -0.6927 0.7212 0.0057
vn -0.7009 0.7122 0.0392
vn -0.7038 0.7096 0.0334
vn -0.6868 0.7269 0.0057
vn -0.6907 0.7221 0.0392
vn -0.3769 0.3567 -0.8548
vn -0.3621 0.3415 -0.8674
vn -0.7059 0.3278 -0.6279
vn -0.3603 0.3535 -0.8633
vn -0.6923 0.7208 0.0341
vn -0.3387 0.3387 -0.8778
vn -0.1674 0.3421 -0.9246
vn -0.5970 0.8009 0.0472
vn -0.6062 0.7941 0.0437
vn -0.6544 0.7561 0.0060
vn 0.1730 0.3067 -0.9359
vn 0.0906 0.2718 -0.9581
vn 0.4719 0.8816 -0.0069
vn 0.1833 0.3153 -0.9311
vn 0.4723 0.8814 -0.0000
vn 0.1834 0.3153 -0.9311
vn 0.4094 0.9121 -0.0215
vn 0.4091 0.9125 -0.0079
vn 0.1886 0.3223 -0.9276
vn 0.4034 0.9148 -0.0217
vn 0.4025 0.9154 -0.0079
vn 0.6814 0.3274 -0.6546
vn 0.9042 0.4245 -0.0472
vn 0.9033 0.4269 -0.0426
vn 0.7826 -0.0123 -0.6224
vn 0.3976 0.9175 -0.0001
vn 0.8587 0.5119 -0.0236
vn 0.9995 0.0079 -0.0315
vn 0.7952 -0.0079 -0.6062
vn 0.9998 0.0079 -0.0157
vn 0.7845 -0.0157 -0.6199
vn 0.8008 -0.0126 -0.5989
vn 0.9995 -0.0079 -0.0316
vn 0.6498 0.3113 0.6934
vn 0.4795 0.5395 -0.6921
vn 0.4781 0.5225 -0.7060
vn -0.3939 0.2285 -0.8903
vn 0.8728 0.4880 -0.0069
vn 0.8730 0.4877 -0.0000
vn 0.8847 0.4661 0.0079
vn 0.6531 0.3069 0.6923
vn 0.4674 0.5073 -0.7240
vn 0.6144 0.2840 0.7361
vn 0.6498 0.3113 -0.6934
vn 0.8847 0.4661 -0.0080
vn 0.8865 0.4628 -0.0000
vn 0.9557 0.2934 0.0226
vn 0.6300 0.2993 -0.7166
vn 0.4719 0.5060 -0.7220
vn 0.6675 0.2821 0.6891
vn 0.6531 0.3069 -0.6923
vn 0.9557 0.2934 -0.0226
vn 0.9560 0.2935 -0.0000
vn 0.6297 0.2597 0.7321
vn 0.8896 -0.4554 0.0351
vn 0.8944 -0.4472 -0.0000
vn 0.6947 -0.1389 0.7058
vn 0.6346 0.2977 -0.7132
vn 0.6675 0.2821 -0.6891
vn 0.8896 -0.4553 -0.0351
vn 0.4159 -0.4316 0.8005
vn 0.4513 -0.5198 0.7254
vn 0.4405 -0.8969 0.0393
vn 0.6431 0.2707 -0.7164
vn 0.6947 -0.1389 -0.7058
vn 0.4513 -0.5198 -0.7254
vn 0.4405 -0.8969 -0.0393
vn 0.1556 -0.9878 -0.0000
vn 0.1414 -0.9898 0.0158
vn 0.1977 -0.7353 0.6483
vn 0.4300 -0.4545 -0.7801
vn 0.1958 -0.6735 0.7127
vn 0.1414 -0.9898 -0.0158
vn 0.1977 -0.7353 -0.6483
vn -0.0785 -0.9969 -0.0000
vn -0.0785 -0.9968 0.0158
vn -0.0248 -0.7884 0.6146
vn -0.0785 -0.9968 -0.0158
vn -0.1963 -0.9806 -0.0000
vn 0.1942 -0.7046 -0.6825
vn -0.0248 -0.7884 -0.6146
vn -0.0237 -0.7528 0.6579
vn -0.1059 -0.7903 0.6035
vn -0.1961 -0.9805 0.0078
vn -0.0896 -0.7587 0.6452
vn -0.1060 -0.7903 -0.6036
vn -0.1961 -0.9805 -0.0078
vn -0.3073 -0.9516 -0.0000
vn -0.0242 -0.7675 -0.6406
vn -0.0970 -0.7700 -0.6306
vn -0.1723 -0.8423 0.5107
vn -0.1902 -0.8626 0.4687
vn -0.3066 -0.9515 0.0237
vn -0.1881 -0.8622 -0.4704
vn -0.1902 -0.8626 -0.4687
vn -0.3066 -0.9515 -0.0237
vn -0.3067 -0.9518 -0.0000
vn -0.1742 -0.8508 0.4958
vn -0.1889 -0.8654 0.4641
vn -0.3067 -0.9515 0.0236
vn -0.1836 -0.8637 -0.4693
vn -0.1889 -0.8654 -0.4641
vn -0.3067 -0.9515 -0.0236
vn -0.5996 -0.5071 0.6191
vn -0.4710 -0.7976 0.3768
vn -0.2297 -0.9722 0.0460
vn -0.2152 -0.9766 -0.0000
vn -0.2297 -0.9722 -0.0460
vn -0.4710 -0.7976 -0.3768
vn -0.4569 -0.8192 -0.3467
vn -0.4728 -0.7958 0.3783
vn -0.5986 -0.5326 0.5984
vn -0.4728 -0.7958 -0.3783
vn -0.4819 -0.7899 -0.3791
vn -0.8159 -0.5782 -0.0000
vn -0.8531 -0.5173 0.0671
vn -0.3476 -0.5654 0.7480
vn -0.6868 -0.0058 0.7269
vn -0.3555 -0.5710 0.7400
vn -0.6912 0.0680 0.7195
vn -0.3169 -0.5868 0.7452
vn -0.7397 0.0641 0.6698
vn -0.6664 0.0701 0.7423
vn -0.7557 0.2142 0.6188
vn -0.6557 0.3226 0.6826
vn -0.6819 0.0745 0.7277
vn -0.9975 0.0628 0.0314
vn -0.5731 0.0707 0.8165
vn -0.9966 0.0785 0.0236
vn -0.6429 0.0661 0.7631
vn -0.7782 0.0613 0.6250
vn -0.9953 0.0940 0.0236
vn -0.8172 0.0643 0.5727
vn -0.8378 0.0725 0.5411
vn -0.9955 0.0705 0.0627
vn -0.9956 0.0941 -0.0000
vn -0.8606 0.0631 0.5053
vn -0.9980 0.0628 -0.0000
vn -0.9969 0.0785 -0.0000
vn -0.9966 0.0785 -0.0236
vn -0.0677 -0.6172 0.7839
vn -0.9960 0.0550 0.0706
vn -0.0751 -0.6756 0.7334
vn -0.9975 0.0707 -0.0000
vn -0.9985 0.0550 -0.0000
vn -0.9953 0.0940 -0.0236
vn -0.9955 0.0706 -0.0627
vn -0.0948 -0.9955 -0.0000
vn -0.0949 -0.9952 0.0239
vn -0.9960 0.0550 -0.0706
vn -0.0703 -0.6631 0.7452
vn -0.0940 -0.9953 0.0235
vn -0.0623 -0.6097 0.7902
vn -0.0941 -0.9956 -0.0000
vn -0.0948 -0.9952 -0.0238
vn -0.8606 0.0631 -0.5053
vn -0.8172 0.0643 -0.5727
vn -0.0751 -0.6756 -0.7334
vn -0.0940 -0.9953 -0.0235
vn 0.2797 -0.3638 0.8885
vn 0.2746 -0.4238 0.8631
vn -0.0551 -0.9982 0.0236
vn -0.0550 -0.9985 -0.0000
vn -0.0513 -0.9984 -0.0234
vn -0.0708 -0.6308 -0.7727
vn -0.8527 0.0737 -0.5171
vn -0.0703 -0.6631 -0.7452
vn 0.2747 -0.4238 -0.8631
vn 0.3449 -0.3787 0.8588
vn 0.3802 -0.4562 0.8046
vn 0.7633 -0.6453 0.0315
vn 0.7887 -0.6148 -0.0000
vn 0.7633 -0.6453 -0.0315
vn 0.3802 -0.4563 -0.8046
vn 0.9954 -0.0784 0.0549
vn -0.0669 -0.6321 -0.7720
vn 0.2798 -0.3638 -0.8885
vn 0.3449 -0.3787 -0.8589
vn 0.9980 -0.0629 -0.0000
vn 0.9954 -0.0784 -0.0549
vn -0.8052 0.0634 -0.5896
vn -0.6429 0.0661 -0.7631
vn -0.5909 0.0709 -0.8036
vn -0.6819 0.0745 -0.7277
vn -0.6895 0.0705 -0.7209
vn 0.9995 -0.0079 -0.0315
vn 0.9998 -0.0079 -0.0158
vn 0.7467 -0.3223 -0.5818
vn 0.7502 -0.3238 -0.5765
vn 0.9260 -0.3718 0.0655
vn 0.9255 -0.3716 0.0729
vn 0.9220 -0.3847 0.0435
vn 0.7470 -0.3223 -0.5815
vn 0.7536 -0.3219 -0.5731
vn 0.9260 -0.3718 0.0656
vn 0.9220 -0.3847 0.0436
vn 0.7718 0.3778 -0.5115
vn 0.7730 0.3835 -0.5054
vn 0.8948 0.4438 0.0492
vn 0.8944 0.4436 0.0564
vn 0.8892 0.4564 0.0315
vn 0.8948 0.4438 0.0494
vn 0.7731 0.3835 -0.5052
vn 0.8944 0.4437 0.0563
vn 0.8893 0.4563 0.0314
vn 0.7708 0.3823 -0.5097
vn 0.9930 -0.1172 0.0157
vn 0.9930 -0.1173 0.0157
vn 0.8206 -0.1033 -0.5621
vn 0.9931 -0.1173 0.0078
vn 0.8079 -0.1020 -0.5804
vn 0.9931 -0.1173 0.0077
vn 0.9930 -0.1172 0.0156
vn 0.8117 -0.1022 -0.5751
vn 0.8056 -0.1015 -0.5838
vn 0.9832 0.1809 -0.0236
vn 0.9834 0.1810 -0.0157
vn 0.9835 0.1809 -0.0079
vn 0.5890 0.1099 -0.8006
vn 0.9833 0.1811 -0.0158
vn 0.5531 0.1041 -0.8266
vn 0.5791 0.1082 -0.8080
vn 0.9835 0.1808 -0.0088
vn 0.3970 -0.3703 -0.8398
vn 0.8368 0.5448 -0.0553
vn 0.8159 0.5782 -0.0063
vn 0.8375 0.5407 -0.0791
vn 0.8130 0.5822 0.0003
vn 0.5531 0.1042 -0.8265
vn 0.3297 -0.4158 -0.8476
vn 0.3883 -0.3881 -0.8358
vn 0.3367 -0.4289 -0.8382
vn 0.8185 0.5745 -0.0079
vn 0.8842 -0.2227 -0.4107
vn 0.6847 -0.5394 -0.4902
vn -0.5634 0.4364 0.7016
vn -0.8082 0.0636 0.5854
vn -0.0076 0.2657 0.9640
vn 0.0289 0.7352 0.6773
vn -0.7585 0.5793 0.2986
vn 0.1341 0.6587 0.7403
vn 0.0993 0.2215 0.9701
vn 0.0391 0.9932 0.1095
vn 0.1726 0.9805 0.0941
vn 0.5902 0.5508 0.5901
vn -0.7887 0.6086 0.0869
vn 0.0393 0.9981 0.0471
vn 0.1781 0.9835 0.0310
vn 0.7950 0.6061 0.0236
vn 0.8247 0.5655 -0.0000
vn 0.5362 0.1183 0.8358
vn 0.3405 0.0074 0.9402
vn 0.9992 -0.0000 0.0394
vn 0.9999 -0.0079 0.0079
vn 0.7043 -0.0112 0.7099
vn 0.3724 -0.0365 0.9274
vn 0.9931 -0.0394 -0.1103
vn 0.9843 -0.0465 -0.1705
vn 0.9991 -0.0157 -0.0393
vn 0.7195 -0.0680 0.6912
vn 0.9815 -0.0463 -0.1855
vn -0.1586 -0.2342 0.9592
vn 0.9964 0.0784 -0.0314
vn 0.9901 0.1325 -0.0468
vn 0.6962 -0.2467 0.6742
vn -0.4453 -0.5253 0.7251
vn 0.9747 -0.2149 -0.0614
vn -0.5546 -0.8285 0.0783
vn 0.9460 -0.3232 -0.0236
vn -0.2351 -0.8229 0.5173
vn -0.7031 -0.7110 0.0158
vn -0.4507 -0.4823 0.7512
vn -0.2467 -0.1944 0.9494
vn -0.5886 -0.8084 0.0079
vn -0.5818 -0.8121 -0.0448
vn -0.7580 -0.6505 0.0477
vn -0.7043 -0.7099 0.0056
vn -0.7069 -0.7069 0.0223
vn -0.7747 -0.6323 0.0079
vn -0.9935 0.0631 0.0947
vn -0.8172 0.0550 0.5737
vn -0.9969 0.0785 0.0079
vn -0.9968 0.0785 -0.0157
vn -0.9948 0.0861 0.0549
vn -0.9947 0.1027 0.0079
vn -0.8082 0.0636 0.5855
vn -0.5634 0.4364 0.7015
vn -0.9940 0.1095 -0.0078
vn -0.7887 0.6086 0.0870
vn -0.5634 0.4364 -0.7016
vn -0.0076 0.2727 -0.9621
vn -0.8203 0.0645 -0.5683
vn 0.0289 0.7352 -0.6773
vn -0.7585 0.5793 -0.2986
vn 0.1341 0.6587 -0.7403
vn 0.1023 0.2283 -0.9682
vn 0.0391 0.9932 -0.1095
vn 0.1726 0.9805 -0.0941
vn 0.5902 0.5508 -0.5901
vn -0.7887 0.6086 -0.0870
vn 0.0393 0.9981 -0.0472
vn 0.1781 0.9835 -0.0310
vn 0.7950 0.6061 -0.0236
vn 0.5362 0.1183 -0.8357
vn 0.3470 0.0074 -0.9378
vn 0.9992 -0.0000 -0.0394
vn 0.9999 -0.0079 -0.0079
vn 0.7043 -0.0112 -0.7099
vn 0.3766 -0.0314 -0.9258
vn 0.9931 -0.0394 0.1103
vn 0.9843 -0.0465 0.1705
vn 0.9991 -0.0157 0.0393
vn 0.7195 -0.0680 -0.6912
vn 0.9815 -0.0463 0.1855
vn -0.1586 -0.2341 -0.9592
vn 0.9964 0.0784 0.0314
vn 0.9901 0.1325 0.0468
vn 0.6962 -0.2467 -0.6742
vn -0.4453 -0.5253 -0.7251
vn 0.9747 -0.2149 0.0614
vn -0.5545 -0.8285 -0.0782
vn 0.9460 -0.3232 0.0236
vn -0.2351 -0.8229 -0.5173
vn -0.4507 -0.4823 -0.7512
vn -0.7031 -0.7109 -0.0158
vn -0.2603 -0.2008 -0.9444
vn -0.5886 -0.8084 -0.0079
vn -0.5818 -0.8121 0.0448
vn -0.7580 -0.6505 -0.0478
vn -0.7043 -0.7099 -0.0056
vn -0.7069 -0.7069 -0.0223
vn -0.7747 -0.6323 -0.0079
vn -0.9935 0.0630 -0.0947
vn -0.8271 0.0551 -0.5593
vn -0.9969 0.0785 -0.0079
vn -0.9968 0.0785 0.0157
vn -0.9948 0.0861 -0.0549
vn -0.9947 0.1027 -0.0079
vn -0.8202 0.0646 -0.5684
vn -0.5634 0.4364 -0.7015
vn -0.9940 0.1095 0.0078
vn 0.9992 0.0393 -0.0000
vn 0.9115 -0.3589 0.2011
vn 0.9492 -0.3139 0.0224
vn 0.9961 0.0392 0.0785
vn 0.0942 -0.3452 0.9338
vn 0.6476 0.0240 0.7616
vn 0.9783 0.1772 0.1079
vn -0.7397 0.0641 -0.6698
vn -0.9975 0.0628 -0.0314
vn -0.7309 0.0691 -0.6790
vn -0.6148 -0.7886 -0.0000
vn -0.6109 -0.7916 0.0062
vn -0.5695 -0.8220 0.0065
vn -0.3555 -0.5710 -0.7400
vn -0.3703 -0.5908 -0.7169
vn -0.6109 -0.7916 -0.0062
vn -0.5695 -0.8220 -0.0065
vn -0.6110 -0.7917 -0.0000
vn -0.6927 -0.0057 -0.7212
vn -0.3169 -0.5868 -0.7452
vn -0.7557 0.2142 -0.6188
vn -0.6648 0.3246 -0.6728
vn -0.9778 0.2001 0.0616
vn -0.9771 0.2127 -0.0000
vn -0.9778 0.2001 -0.0616
vn -0.7477 0.2708 -0.6063
vn -0.9528 0.3001 -0.0450
vn -0.9658 0.2592 -0.0000
vn -0.9528 0.3001 0.0450
vn -0.8976 0.4409 -0.0000
vn -0.8927 0.4503 0.0157
vn -0.0883 0.5926 -0.8006
vn -0.6700 0.5518 -0.4966
vn -0.9082 0.4185 -0.0000
vn -0.8927 0.4503 -0.0157
vn -0.7477 0.2709 0.6063
vn -0.7917 0.6110 -0.0000
vn -0.6701 0.5518 0.4966
vn -0.0883 0.5926 0.8006
vn -0.0393 0.9992 -0.0000
vn 0.2299 0.9732 -0.0000
vn 0.2591 0.4319 0.8639
vn 0.2074 0.5656 0.7982
vn 0.8533 0.5214 -0.0000
vn 0.2074 0.5656 -0.7982
vn 0.9237 0.3711 0.0948
vn 0.9474 0.3079 0.0869
vn 0.3441 0.3845 0.8566
vn 0.9237 0.3711 -0.0948
vn 0.9474 0.3079 -0.0869
vn 0.9541 0.2996 -0.0000
vn 0.9752 0.2073 0.0768
vn 0.4796 0.1494 0.8647
vn 0.5025 0.0611 0.8624
vn 0.3441 0.3845 -0.8566
vn 0.9752 0.2074 -0.0768
vn 0.9890 0.1479 -0.0000
vn 0.9891 0.1334 0.0629
vn 0.5601 0.0456 0.8272
vn 0.5174 0.0470 0.8544
vn 0.4796 0.1494 -0.8647
vn 0.9891 0.1334 -0.0629
vn 0.9985 0.0393 -0.0393
vn 0.7835 0.0740 0.6169
vn 0.2637 0.4395 -0.8587
vn 0.7536 0.0771 0.6528
vn 0.5111 0.0629 -0.8572
vn 0.5602 0.0456 -0.8271
vn 0.9985 0.0393 0.0393
vn 0.9969 0.0785 -0.0000
vn 0.9953 0.0940 -0.0235
vn 0.8155 0.0863 0.5724
vn 0.8431 0.1024 0.5279
vn 0.5372 0.0464 -0.8422
vn 0.7835 0.0740 -0.6169
vn 0.9953 0.0940 0.0235
vn 0.9980 0.0628 -0.0000
vn 0.9979 0.0628 -0.0157
vn 0.9042 0.0943 0.4166
vn 0.0784 0.0392 0.9961
vn 0.8812 0.1179 0.4579
vn 0.7628 0.0721 -0.6427
vn 0.8161 0.0836 -0.5719
vn 0.9979 0.0628 0.0157
vn 0.9840 0.1782 -0.0000
vn 0.9754 0.2203 0.0078
vn 0.6141 0.0497 0.7877
vn 0.6668 0.0585 0.7429
vn 0.9954 0.0549 0.0785
vn 0.8596 0.1015 -0.5008
vn 0.9057 0.0927 -0.4136
vn 0.8818 0.1181 -0.4566
vn 0.9754 0.2203 -0.0078
vn 0.9992 0.0394 -0.0000
vn 0.9954 0.0549 -0.0785
vn 0.8943 0.0986 -0.4366
vn 0.5563 0.0235 0.8306
vn 0.6061 0.0236 0.7950
vn 0.6668 0.0585 -0.7429
vn 0.6328 0.0487 -0.7728
vn 0.9948 -0.0548 0.0862
vn 0.9948 -0.0549 -0.0862
vn 0.6061 0.0236 -0.7950
vn 0.5693 0.0259 -0.8217
vn 0.9980 -0.0628 -0.0000
vn 0.2799 -0.3637 0.8885
vn 0.9954 -0.0784 0.0550
vn 0.9954 -0.0784 -0.0550
vn 0.3448 -0.3787 -0.8589
vn 0.2798 -0.3637 -0.8885
vn -0.6110 -0.7916 -0.0062
vn -0.3554 -0.5710 0.7400
vn -0.3168 -0.5868 0.7452
vn -0.3554 -0.5710 -0.7400
vn -0.7397 0.0641 -0.6699
vn -0.6109 -0.7917 0.0062
vn 0.4028 0.9135 0.0576
vn 0.6336 0.7737 -0.0000
vn 0.3907 0.9187 -0.0579
vn 0.6289 0.7680 0.1210
vn -0.8350 -0.2206 0.5041
vn 0.8142 0.5770 0.0642
vn 0.7237 0.4720 0.5035
vn 0.8159 0.5782 -0.0000
vn 0.6294 0.7685 -0.1150
vn 0.8142 0.5770 -0.0642
vn 0.8404 0.5419 -0.0000
vn 0.8405 0.5360 0.0795
vn -0.8563 -0.2278 -0.4635
vn 0.7543 0.4930 -0.4336
vn 0.8405 0.5360 -0.0794
vn 0.9901 0.1403 -0.0000
vn 0.6255 -0.0491 0.7787
vn 0.9899 0.1336 0.0471
vn -0.1496 -0.9372 0.3150
vn 0.6802 -0.0404 -0.7319
vn 0.9899 0.1336 -0.0470
vn 0.7111 -0.7031 0.0001
vn -0.1478 -0.9390 -0.3105
vn -0.1961 -0.9806 -0.0000
vn -0.2195 -0.9182 0.3296
vn -0.1144 -0.8075 0.5786
vn -0.2201 -0.9206 -0.3226
vn -0.2518 -0.9678 -0.0000
vn -0.1262 -0.8423 -0.5240
vn -0.7119 -0.5854 0.3878
vn -0.8005 -0.5968 0.0550
vn -0.7238 -0.5927 -0.3534
vn -0.7995 -0.5985 -0.0505
vn -0.8068 -0.5908 -0.0000
vn -0.8307 -0.5567 -0.0000
vn -0.8299 -0.5554 0.0525
vn -0.8299 -0.5554 -0.0525
vn -0.9471 -0.3209 -0.0000
vn -0.8410 -0.2908 0.4562
vn -0.9413 -0.3187 0.1113
vn 0.9825 0.1857 0.0155
vn 0.5658 0.1100 0.8172
vn 0.9487 0.2744 0.1568
vn 0.9618 0.2727 0.0227
vn 0.5362 0.1504 0.8305
vn 0.9279 0.3538 0.1179
vn 0.9471 0.3207 0.0149
vn -0.9665 0.2511 0.0533
vn -0.3959 0.0864 0.9142
vn 0.8360 0.5463 0.0526
vn -0.8776 0.4769 0.0484
vn 0.8120 0.5835 0.0078
vn -0.8498 0.5271 0.0064
vn -0.9696 0.2444 0.0079
vn -0.9607 0.2420 0.1361
vn -0.3716 0.0790 0.9250
vn -0.9697 0.2444 0.0079
vn -0.9755 -0.1997 0.0921
vn -0.5005 -0.1082 0.8590
vn -0.9780 -0.2050 0.0394
vn -0.9696 -0.2287 0.0867
vn -0.9730 -0.2276 0.0393
vn -0.2680 -0.2206 0.9378
vn -0.7603 -0.6106 0.2215
vn -0.7796 -0.6262 0.0123
vn -0.2854 -0.2342 0.9293
vn -0.7723 -0.6226 0.1262
vn -0.7777 -0.6285 0.0079
vn 0.0941 -0.3453 0.9338
vn -0.5921 -0.7596 0.2692
vn -0.6870 -0.7266 -0.0079
vn 0.9115 -0.3589 0.2009
vn 0.4754 -0.8752 0.0896
vn 0.5029 -0.8642 0.0157
vn 0.9115 -0.3589 -0.2011
vn 0.9492 -0.3139 -0.0224
vn 0.9961 0.0392 -0.0785
vn 0.0949 -0.3477 -0.9328
vn 0.9825 0.1856 -0.0155
vn 0.6578 0.0296 -0.7526
vn 0.9783 0.1771 -0.1079
vn 0.9618 0.2727 -0.0227
vn 0.5883 0.1176 -0.8000
vn 0.9487 0.2745 -0.1568
vn 0.9471 0.3207 -0.0149
vn 0.5430 0.1495 -0.8263
vn 0.9279 0.3538 -0.1179
vn 0.8360 0.5462 -0.0526
vn 0.8120 0.5835 -0.0079
vn -0.9665 0.2510 -0.0533
vn -0.8776 0.4769 -0.0484
vn -0.8497 0.5271 -0.0079
vn -0.9696 0.2444 -0.0079
vn -0.4009 0.0865 -0.9120
vn -0.9607 0.2420 -0.1361
vn -0.9697 0.2444 -0.0079
vn -0.4010 0.0865 -0.9120
vn -0.9755 -0.1998 -0.0921
vn -0.9780 -0.2050 -0.0394
vn -0.5032 -0.1101 -0.8571
vn -0.9696 -0.2286 -0.0867
vn -0.9730 -0.2276 -0.0392
vn -0.2916 -0.2405 -0.9258
vn -0.7603 -0.6107 -0.2215
vn -0.7796 -0.6262 -0.0123
vn -0.2916 -0.2406 -0.9258
vn -0.7723 -0.6226 -0.1261
vn -0.7777 -0.6285 -0.0078
vn 0.0948 -0.3479 -0.9327
vn -0.5921 -0.7596 -0.2692
vn -0.6870 -0.7266 0.0079
vn 0.9115 -0.3588 -0.2009
vn 0.4754 -0.8752 -0.0896
vn 0.5029 -0.8642 -0.0157
vn 0.0067 -0.5471 0.8371
vn 0.5399 -0.7298 0.4195
vn 0.5166 -0.2092 0.8303
vn -0.0001 -0.8491 0.5282
vn -0.0065 -0.5562 0.8310
vn 0.0002 -0.9999 0.0157
vn -0.0000 -0.9082 0.4186
vn 0.5030 -0.8641 0.0157
vn -0.0000 -1.0000 -0.0000
vn -0.0079 -0.9998 0.0158
vn -0.3935 -0.6578 0.6422
vn -0.2601 -0.0867 0.9617
vn -0.5884 -0.8082 0.0236
vn -0.9897 -0.1013 0.1013
vn -0.6149 -0.7886 -0.0000
vn -0.0080 -1.0000 -0.0000
vn -0.9975 -0.0707 -0.0000
vn -0.8302 -0.0458 0.5556
vn -0.0079 -0.9998 -0.0158
vn 0.5030 -0.8641 -0.0157
vn 0.0001 -0.9999 -0.0158
vn -0.5865 -0.8097 -0.0192
vn -0.2006 -0.0077 0.9797
vn -0.9361 0.0629 0.3461
vn -0.3936 -0.6578 -0.6422
vn -0.0000 -0.9082 -0.4186
vn -0.9897 -0.1013 -0.1013
vn 0.5399 -0.7298 -0.4195
vn -0.0001 -0.8491 -0.5282
vn -0.0064 -0.5824 -0.8128
vn -0.2716 -0.0906 -0.9581
vn 0.0065 -0.5782 -0.8159
vn 0.5423 -0.2233 -0.8100
vn -0.8302 -0.0458 -0.5556
vn -0.2515 -0.0229 -0.9676
vn -0.9386 0.0631 -0.3392
vn -0.1932 -0.0000 -0.9812
vn -0.2371 0.0077 -0.9715
vn -0.9963 0.0862 -0.0000
vn -0.9698 0.0840 -0.2291
vn -0.5378 0.1312 -0.8328
vn -0.9698 0.0840 0.2291
vn -0.9799 0.1106 -0.1660
vn -0.9799 0.1106 0.1660
vn -0.9540 0.2997 -0.0000
vn -0.5208 0.1263 0.8443
vn -0.2277 0.0078 0.9737
vn -0.2006 -0.0077 0.9796
vn -0.8896 0.3853 -0.2452
vn 0.9704 0.1894 -0.1499
vn 0.8279 0.1695 -0.5346
vn -0.8896 0.3853 0.2452
vn 0.9704 0.1893 0.1499
vn -0.3138 0.9337 -0.1726
vn -0.3138 0.9337 0.1726
vn -0.3852 0.9229 -0.0000
vn 0.8164 0.1671 0.5528
vn 0.9748 0.2225 -0.0154
vn 0.9910 0.1327 -0.0156
vn 0.9676 0.1219 -0.2210
vn 0.9748 0.2225 0.0153
vn 0.9787 0.2052 -0.0001
vn 0.7270 0.0859 -0.6812
vn 0.9910 0.1327 0.0156
vn 0.9676 0.1219 0.2210
vn 0.9912 0.1327 -0.0000
vn 0.9909 0.1326 -0.0234
vn 0.9625 0.1212 -0.2426
vn 0.6993 0.0783 0.7105
vn 0.9909 0.1326 0.0234
vn 0.9625 0.1213 0.2426
vn 0.9912 0.1326 -0.0000
vn 0.7047 0.0832 -0.7046
vn 0.9402 -0.3405 -0.0000
vn 0.8506 -0.2947 -0.4354
vn 0.9424 -0.3339 -0.0223
vn 0.5420 -0.1871 -0.8193
vn 0.6785 0.0805 0.7302
vn 0.8506 -0.2947 0.4354
vn 0.9424 -0.3339 0.0223
vn 0.5056 -0.1737 0.8451
vn 0.9379 -0.3468 -0.0000
vn 0.9411 -0.3372 -0.0235
vn 0.7996 -0.2959 -0.5226
vn 0.9411 -0.3372 0.0235
vn 0.7996 -0.2959 0.5226
vn -0.8603 -0.2982 -0.4135
vn -0.9420 -0.3190 -0.1039
vn -0.9487 -0.3162 -0.0000
vn -0.9421 -0.3140 0.1178
vn -0.9421 -0.3140 -0.1178
vn -0.8350 -0.2205 0.5041
vn -0.9958 -0.0862 0.0314
vn 0.4028 0.9135 0.0575
vn -0.9962 -0.0869 -0.0000
vn -0.9958 -0.0862 -0.0314
vn 0.3471 0.9378 -0.0001
vn -0.9056 -0.4064 0.1212
vn -0.9579 0.2866 0.0151
vn -0.9021 -0.4314 -0.0079
vn -0.6871 -0.7264 -0.0157
vn -0.8703 0.0784 0.4862
vn -0.7020 -0.6804 0.2103
vn -0.5301 -0.2057 0.8226
vn -0.9867 -0.1263 0.1026
vn -0.9920 -0.1259 0.0017
vn -0.6373 -0.7706 -0.0061
vn -0.4786 -0.5865 0.6534
vn -0.6260 -0.7575 0.1850
vn -0.5676 -0.0838 0.8191
vn -0.9866 -0.1632 -0.0000
vn -0.9612 -0.1654 0.2207
vn -0.4484 -0.6166 0.6471
vn -0.5555 -0.8204 0.1357
vn -0.5692 -0.8222 -0.0000
vn -0.5211 -0.0935 0.8484
vn -0.9401 -0.3405 0.0148
vn -0.8900 -0.3223 0.3224
vn 0.0613 -0.6250 0.7782
vn 0.3471 -0.9378 -0.0074
vn 0.3344 -0.9233 0.1890
vn 0.9379 0.3231 0.1261
vn -0.1867 0.3661 0.9117
vn -0.9810 -0.0706 0.1805
vn -0.9848 -0.1733 -0.0079
vn -0.5273 0.8476 0.0601
vn 0.6721 0.2423 0.6997
vn 0.9379 0.3470 -0.0000
vn 0.9574 0.2186 0.1885
vn 0.6377 0.1430 0.7569
vn -0.0885 0.9365 0.3392
vn -0.4878 0.8725 -0.0275
vn -0.0472 0.9989 0.0079
vn 0.6224 0.1098 0.7750
vn 0.9754 0.2203 0.0079
vn 0.9687 0.1830 0.1679
vn 0.9820 0.1886 0.0079
vn 0.9779 0.2079 0.0231
vn 0.9255 0.2431 0.2902
vn 0.3022 0.3846 0.8722
vn 0.4259 0.8990 0.1026
vn 0.3852 0.9227 0.0145
vn -0.0511 0.9268 0.3722
vn -0.1866 0.3661 0.9117
vn -0.5555 -0.8204 -0.1357
vn 0.3471 -0.9378 0.0074
vn -0.5692 -0.8222 -0.0016
vn -0.6373 -0.7706 0.0061
vn 0.3344 -0.9233 -0.1890
vn -0.6260 -0.7575 -0.1850
vn -0.4522 -0.6231 -0.6381
vn 0.0632 -0.6311 -0.7731
vn 0.9379 0.3231 -0.1261
vn -0.7021 -0.6803 -0.2103
vn -0.4962 -0.6040 -0.6237
vn -0.6871 -0.7264 0.0157
vn 0.6830 0.2439 -0.6885
vn 0.9574 0.2186 -0.1885
vn 0.6589 0.1490 -0.7373
vn 0.9754 0.2203 -0.0079
vn -0.5563 -0.2149 -0.8027
vn -0.9056 -0.4064 -0.1213
vn -0.9021 -0.4314 0.0079
vn 0.9687 0.1831 -0.1679
vn 0.6366 0.1141 -0.7627
vn 0.9820 0.1886 -0.0079
vn -0.9579 0.2866 -0.0151
vn -0.8703 0.0784 -0.4862
vn -0.9867 -0.1263 -0.1026
vn -0.5813 -0.0864 -0.8091
vn 0.9779 0.2079 -0.0231
vn 0.9255 0.2432 -0.2902
vn 0.3146 0.3830 -0.8685
vn 0.4259 0.8990 -0.1026
vn -0.9920 -0.1259 -0.0000
vn -0.9612 -0.1655 -0.2207
vn -0.5431 -0.0945 -0.8343
vn 0.3852 0.9227 -0.0145
vn -0.0472 0.9989 -0.0079
vn -0.0511 0.9267 -0.3722
vn -0.1897 0.3715 -0.9089
vn -0.9401 -0.3405 -0.0148
vn -0.8900 -0.3224 -0.3224
vn -0.1897 0.3714 -0.9089
vn -0.9810 -0.0706 -0.1805
vn -0.0885 0.9365 -0.3393
vn -0.9848 -0.1733 0.0079
vn -0.5273 0.8476 -0.0601
vn -0.0885 0.9365 -0.3392
vn -0.4878 0.8725 0.0275
o Shatterseal_Glass
g Shatterseal_Glass_Shatterseal_Glass
usemtl Shatterseal_Glass
s 1
f 1/1/1 2/2/2 3/3/3
f 2/2/2 4/4/4 3/3/3
f 5/5/5 6/6/6 4/4/4
f 4/4/4 2/2/2 5/5/5
f 7/7/7 8/8/8 6/6/6
f 6/6/6 5/5/5 7/7/7
f 9/9/9 10/10/10 1/1/1
f 2/2/2 1/1/1 10/10/10
f 11/11/11 9/9/9 12/12/12
f 10/10/10 9/9/9 11/11/11
f 13/13/13 14/14/14 15/15/15
f 14/14/14 16/16/16 15/15/15
f 16/16/16 14/14/14 17/17/17
f 18/18/18 17/17/17 14/14/14
f 17/17/17 19/19/19 16/16/16
f 20/20/20 19/19/19 17/17/17
f 17/17/17 18/18/18 20/20/20
f 21/21/21 16/16/16 19/19/19
f 22/22/22 15/15/15 16/16/16
f 21/21/21 22/22/22 16/16/16
f 19/19/19 20/20/20 23/23/23
f 18/18/18 24/24/24 20/20/20
f 24/24/24 23/23/23 20/20/20
f 22/22/22 21/21/21 25/25/25
f 22/22/22 26/26/26 15/15/15
f 27/27/27 22/22/22 25/25/25
f 27/27/27 26/26/26 22/22/22
f 24/24/24 18/18/18 28/28/28
f 18/18/18 29/29/29 28/28/28
f 23/23/23 24/24/24 30/30/30
f 31/31/31 24/24/24 28/28/28
f 31/31/31 30/30/30 24/24/24
f 32/32/32 28/28/28 29/29/29
f 28/28/28 32/32/32 31/31/31
f 33/33/33 26/26/26 27/27/27
f 34/34/34 32/32/32 29/29/29
f 31/31/31 35/35/35 30/30/30
f 35/35/35 31/31/31 36/36/36
f 32/32/32 36/36/36 31/31/31
f 26/26/26 33/33/33 37/37/37
f 37/37/37 15/15/15 26/26/26
f 38/38/38 36/36/36 32/32/32
f 32/32/32 39/39/39 38/38/38
f 32/32/32 34/34/34 39/39/39
f 40/40/40 39/39/39 34/34/34
f 33/33/33 41/41/41 37/37/37
f 41/41/41 33/33/33 42/42/42
f 15/15/15 37/37/37 43/43/43
f 37/37/37 44/44/44 43/43/43
f 37/37/37 41/41/41 44/44/44
f 39/39/39 45/45/45 38/38/38
f 39/39/39 40/40/40 46/46/46
f 45/45/45 39/39/39 46/46/46
f 44/44/44 41/41/41 47/47/47
f 48/48/48 47/47/47 41/41/41
f 41/41/41 42/42/42 48/48/48
f 49/49/49 48/48/48 42/42/42
f 50/50/50 46/46/46 40/40/40
f 40/40/40 51/51/51 50/50/50
f 46/46/46 50/50/50 52/52/52
f 52/52/52 45/45/45 46/46/46
f 45/45/45 52/52/52 53/53/53
f 54/54/54 47/47/47 48/48/48
f 48/48/48 55/55/55 54/54/54
f 48/48/48 49/49/49 56/56/56
f 55/55/55 48/48/48 56/56/56
f 51/51/51 57/57/57 50/50/50
f 58/58/58 52/52/52 50/50/50
f 58/58/58 50/50/50 57/57/57
f 52/52/52 58/58/58 59/59/59
f 53/53/53 52/52/52 59/59/59
f 59/59/59 60/60/60 53/53/53
f 59/59/59 61/61/61 60/60/60
f 61/61/61 59/59/59 58/58/58
f 57/57/57 62/62/62 58/58/58
f 58/58/58 62/62/62 61/61/61
f 54/54/54 55/55/55 63/63/63
f 63/63/63 55/55/55 64/64/64
f 55/55/55 56/56/56 64/64/64
f 65/65/65 64/64/64 56/56/56
f 66/66/66 63/63/63 64/64/64
f 65/65/65 67/67/67 64/64/64
f 66/66/66 64/64/64 67/67/67
f 67/67/67 65/65/65 68/68/68
f 69/69/69 66/66/66 67/67/67
f 67/67/67 68/68/68 69/69/69
f 69/69/69 68/68/68 70/70/70
f 66/66/66 69/69/69 71/71/71
f 70/70/70 72/72/72 69/69/69
f 71/71/71 69/69/69 72/72/72
f 73/73/73 66/66/66 71/71/71
f 71/71/71 74/74/74 73/73/73
f 74/74/74 71/71/71 72/72/72
f 72/72/72 75/75/75 74/74/74
f 72/72/72 70/70/70 75/75/75
f 74/74/74 76/76/76 73/73/73
f 74/74/74 75/75/75 77/77/77
f 77/77/77 78/78/78 74/74/74
f 74/74/74 78/78/78 76/76/76
f 78/78/78 77/77/77 79/79/79
f 80/77/80 81/80/81 82/79/82
f 81/80/81 80/77/80 83/81/83
f 84/75/84 83/81/83 80/77/80
f 83/81/83 85/82/85 81/80/81
f 86/83/86 85/82/85 83/81/83
f 83/81/83 87/84/87 86/83/86
f 83/81/83 84/75/84 88/85/88
f 87/84/87 83/81/83 88/85/88
f 89/70/89 88/85/88 84/75/84
f 87/84/87 88/85/88 90/86/90
f 88/85/88 89/70/89 90/86/90
f 90/86/90 91/87/91 87/84/87
f 86/83/86 87/84/87 91/87/91
f 90/86/90 89/70/89 92/68/92
f 91/87/91 90/86/90 93/88/93
f 90/86/90 92/68/92 93/88/93
f 94/65/94 93/88/93 92/68/92
f 93/88/93 94/65/94 95/89/95
f 93/88/93 95/89/95 91/87/91
f 96/90/96 91/87/91 95/89/95
f 95/89/95 94/65/94 97/56/97
f 96/90/96 95/89/95 98/91/98
f 97/56/97 98/91/98 95/89/95
f 98/91/98 99/92/99 96/90/96
f 100/93/100 99/92/99 98/91/98
f 97/56/97 100/93/100 98/91/98
f 97/56/97 101/49/101 100/93/100
f 102/94/102 99/92/99 100/93/100
f 102/94/102 100/93/100 103/95/103
f 100/93/100 101/49/101 104/42/104
f 104/42/104 103/95/103 100/93/100
f 103/95/103 105/96/105 102/94/102
f 103/95/103 106/97/106 105/96/105
f 107/33/107 103/95/103 104/42/104
f 103/95/103 107/33/107 106/97/106
f 106/97/106 108/98/108 105/96/105
f 106/97/106 109/99/109 108/98/108
f 107/33/107 110/100/110 106/97/106
f 109/99/109 106/97/106 110/100/110
f 110/100/110 107/33/107 111/27/111
f 112/101/112 109/99/109 110/100/110
f 110/100/110 111/27/111 112/101/112
f 113/25/113 112/101/112 111/27/111
f 114/21/114 112/101/112 113/25/113
f 112/101/112 115/102/115 109/99/109
f 112/101/112 114/21/114 115/102/115
f 115/102/115 116/103/116 109/99/109
f 117/104/117 109/99/109 116/103/116
f 115/102/115 114/21/114 118/19/118
f 116/103/116 115/102/115 119/105/119
f 118/19/118 119/105/119 115/102/115
f 119/105/119 120/106/120 116/103/116
f 120/106/120 119/105/119 121/107/121
f 119/105/119 118/19/118 121/107/121
f 121/107/121 118/19/118 122/23/122
f 120/106/120 121/107/121 123/108/123
f 122/23/122 123/108/123 121/107/121
f 123/108/123 122/23/122 124/30/124
f 123/108/123 125/109/125 120/106/120
f 124/30/124 126/110/126 123/108/123
f 126/110/126 125/109/125 123/108/123
f 120/106/120 125/109/125 127/111/127
f 128/112/128 127/111/127 125/109/125
f 128/112/128 125/109/125 126/110/126
f 126/110/126 124/30/124 129/35/129
f 126/110/126 129/35/129 130/36/36
f 130/36/36 128/112/128 126/110/126
f 128/112/128 131/113/130 127/111/127
f 132/38/38 128/112/128 130/36/36
f 133/114/128 128/112/128 132/38/38
f 131/113/130 128/112/128 133/114/128
f 133/114/128 134/115/131 131/113/130
f 135/45/132 133/114/128 132/38/38
f 134/115/131 133/114/128 136/116/133
f 133/114/128 135/45/132 136/116/133
f 136/116/133 137/117/134 134/115/131
f 137/117/134 136/116/133 138/118/135
f 135/45/132 138/118/135 136/116/133
f 134/115/131 137/117/134 139/119/136
f 138/118/135 135/45/132 140/53/137
f 137/117/134 141/120/138 139/119/136
f 141/120/138 137/117/134 142/121/139
f 138/118/135 142/121/139 137/117/134
f 142/121/139 138/118/135 143/122/140
f 140/53/137 143/122/140 138/118/135
f 143/122/140 140/53/137 144/60/141
f 145/61/142 143/122/140 144/60/141
f 143/122/140 145/61/142 142/121/139
f 146/62/143 142/121/139 145/61/142
f 142/121/139 146/62/143 141/120/138
f 147/123/144 148/124/145 149/125/146
f 148/124/145 147/123/144 150/126/147
f 150/126/147 151/127/148 148/124/145
f 151/127/148 150/126/147 152/128/149
f 152/128/149 153/129/150 151/127/148
f 153/129/150 152/128/149 154/128/151
f 154/128/151 155/130/152 153/129/150
f 155/130/152 154/128/151 156/131/153
f 156/131/153 157/132/154 155/130/152
f 157/132/154 156/131/153 158/133/155
f 159/134/156 160/125/157 161/135/157
f 160/125/157 159/134/156 162/123/158
f 163/136/159 164/134/160 165/135/161
f 164/134/160 163/136/159 166/137/161
f 167/136/162 166/137/161 163/136/159
f 166/137/161 167/136/162 168/138/163
f 163/136/159 169/139/164 167/136/162
f 169/139/164 163/136/159 170/140/165
f 171/135/166 170/140/165 163/136/159
f 172/141/167 167/136/162 169/139/164
f 170/140/165 171/135/166 173/142/168
f 174/125/169 173/142/168 171/135/166
f 167/136/162 172/141/167 175/143/170
f 176/143/171 168/138/163 167/136/162
f 168/138/163 176/143/171 177/144/172
f 178/145/173 175/143/170 172/141/167
f 173/142/168 174/125/169 179/146/174
f 175/143/170 178/145/173 180/147/175
f 181/147/176 177/144/172 176/143/171
f 177/144/172 181/147/176 182/148/177
f 174/125/169 183/149/178 179/146/174
f 183/149/178 174/125/169 184/124/179
f 178/145/173 185/150/180 180/147/175
f 185/150/180 178/145/173 186/151/181
f 181/147/176 187/152/182 182/148/177
f 187/152/182 181/147/176 188/150/182
f 183/149/178 184/124/179 189/127/183
f 183/149/178 189/127/183 190/153/184
f 185/150/180 186/151/181 191/154/185
f 192/155/186 191/154/185 186/151/181
f 193/154/187 187/152/182 188/150/182
f 187/152/182 193/154/187 194/156/188
f 190/153/184 189/127/183 195/129/189
f 196/157/190 191/154/185 192/155/186
f 191/154/185 196/157/190 197/158/191
f 198/158/192 194/156/188 193/154/187
f 194/156/188 198/158/192 199/159/192
f 190/153/184 195/129/189 200/130/193
f 190/153/184 200/130/193 201/160/194
f 200/130/193 202/161/195 201/160/194
f 202/161/195 200/130/193 203/132/196
f 204/162/197 205/158/198 196/157/199
f 205/158/198 204/162/197 206/158/200
f 207/163/201 208/158/202 204/162/203
f 204/162/203 209/164/204 207/163/201
f 207/163/201 209/164/204 210/165/205
f 211/166/206 210/165/205 209/164/204
f 212/167/207 210/165/205 211/166/206
f 211/166/206 213/168/208 212/167/207
f 212/167/207 214/169/209 210/165/205
f 214/169/209 212/167/207 215/170/209
f 216/171/210 210/165/205 214/169/209
f 210/165/205 216/171/210 217/163/211
f 218/172/212 217/163/211 216/171/210
f 217/163/211 218/172/212 219/158/212
f 220/173/213 221/174/214 222/175/215
f 223/176/216 224/177/217 225/178/218
f 224/177/217 223/176/216 226/177/219
f 227/179/220 226/177/219 223/176/216
f 228/180/221 224/177/217 226/177/219
f 229/181/222 228/180/221 226/177/219
f 226/177/219 227/179/220 229/181/222
f 227/179/220 230/182/223 229/181/222
f 230/182/223 227/179/220 231/179/224
f 232/183/225 229/181/222 230/182/223
f 228/180/221 229/181/222 233/184/226
f 229/181/222 232/183/225 233/184/226
f 234/185/227 232/183/225 230/182/223
f 235/186/228 230/182/223 231/179/224
f 230/182/223 235/186/228 234/185/227
f 232/183/225 236/187/229 233/184/226
f 237/188/230 233/184/226 236/187/229
f 237/188/230 228/180/221 233/184/226
f 238/185/231 232/183/225 234/185/227
f 239/189/232 236/187/229 232/183/225
f 232/183/225 238/185/231 239/189/232
f 236/187/229 240/190/233 237/188/230
f 240/190/233 228/180/221 237/188/230
f 240/190/233 236/187/229 241/190/234
f 239/189/232 241/190/234 236/187/229
f 242/191/235 234/185/227 235/186/228
f 234/185/227 243/185/236 238/185/231
f 234/185/227 242/191/235 243/185/236
f 243/185/236 244/192/237 238/185/231
f 245/193/238 238/185/231 244/192/237
f 239/189/232 238/185/231 245/193/238
f 245/193/238 246/194/239 239/189/232
f 241/190/234 239/189/232 246/194/239
f 244/192/237 243/185/236 247/195/240
f 248/196/241 247/195/240 243/185/236
f 248/196/241 243/185/236 242/191/235
f 245/193/238 244/192/237 249/197/242
f 247/195/240 249/197/242 244/192/237
f 249/197/242 250/198/243 245/193/238
f 246/194/239 245/193/238 250/198/243
f 248/196/241 242/191/235 251/199/244
f 252/190/245 240/190/233 241/190/234
f 252/190/245 228/180/221 240/190/233
f 241/190/234 246/194/239 253/194/246
f 253/194/246 246/194/239 254/194/247
f 250/198/243 254/194/247 246/194/239
f 254/194/247 250/198/243 255/200/248
f 250/198/243 249/197/242 255/200/248
f 256/201/249 249/197/242 247/195/240
f 256/201/249 255/200/248 249/197/242
f 257/202/250 247/195/240 248/196/241
f 247/195/240 257/202/250 256/201/249
f 258/203/251 257/202/250 248/196/241
f 258/203/251 248/196/241 251/199/244
f 258/203/251 256/201/249 257/202/250
f 251/199/244 259/204/252 258/203/251
f 260/205/253 253/194/246 254/194/247
f 261/206/254 254/194/247 255/200/248
f 261/206/254 260/205/253 254/194/247
f 262/207/255 261/206/254 255/200/248
f 255/200/248 256/201/249 262/207/255
f 256/201/249 258/203/251 263/208/256
f 264/209/257 262/207/255 256/201/249
f 256/201/249 263/208/256 264/209/257
f 264/209/257 261/206/254 262/207/255
f 264/209/257 265/210/258 261/206/254
f 265/210/258 260/205/253 261/206/254
f 258/203/251 259/204/252 266/211/259
f 267/212/260 263/208/256 258/203/251
f 266/211/259 267/212/260 258/203/251
f 267/212/260 264/209/257 263/208/256
f 259/204/252 268/213/261 266/211/259
f 268/213/261 267/212/260 266/211/259
f 268/213/261 259/204/252 269/214/262
f 265/210/258 264/209/257 270/215/263
f 264/209/257 271/216/264 270/215/263
f 264/209/257 267/212/260 271/216/264
f 270/215/263 271/216/264 272/217/265
f 267/212/260 272/217/265 271/216/264
f 267/212/260 268/213/261 273/218/266
f 272/217/265 267/212/260 273/218/266
f 268/213/261 269/214/262 274/213/267
f 274/213/267 275/219/268 268/213/261
f 273/218/266 268/213/261 275/219/268
f 275/219/268 272/217/265 273/218/266
f 276/214/269 274/213/267 269/214/262
f 272/217/265 277/220/270 270/215/263
f 277/220/270 272/217/265 278/221/271
f 272/217/265 275/219/268 278/221/271
f 279/222/272 275/219/268 274/213/267
f 279/222/272 278/221/271 275/219/268
f 276/214/269 280/223/273 274/213/267
f 280/223/273 279/222/272 274/213/267
f 278/221/271 281/220/274 277/220/270
f 282/224/275 281/220/274 278/221/271
f 278/221/271 279/222/272 282/224/275
f 279/222/272 280/223/273 283/222/276
f 283/222/276 282/224/275 279/222/272
f 280/223/273 276/214/269 284/225/277
f 285/226/278 284/225/277 276/214/269
f 286/225/279 280/223/273 284/225/277
f 280/223/273 286/225/279 287/223/280
f 287/223/280 283/222/276 280/223/273
f 284/225/277 288/227/281 286/225/279
f 284/225/277 285/226/278 288/227/281
f 286/225/279 289/228/282 287/223/280
f 289/228/282 283/222/276 287/223/280
f 282/224/275 283/222/276 290/224/283
f 290/224/283 283/222/276 289/228/282
f 291/229/284 282/224/275 290/224/283
f 281/220/274 282/224/275 292/229/285
f 282/224/275 291/229/284 292/229/285
f 291/229/284 290/224/283 289/228/282
f 289/228/282 286/225/279 293/230/286
f 293/230/286 291/229/284 289/228/282
f 286/225/279 288/227/281 294/231/287
f 294/231/287 293/230/286 286/225/279
f 295/232/288 288/227/281 285/226/278
f 288/227/281 295/232/288 296/231/289
f 296/231/289 294/231/287 288/227/281
f 291/229/284 297/233/290 292/229/285
f 297/233/290 291/229/284 298/234/291
f 298/234/291 291/229/284 293/230/286
f 293/230/286 294/231/287 299/235/292
f 293/230/286 299/235/292 298/234/291
f 294/231/287 296/231/289 300/231/293
f 300/231/293 299/235/292 294/231/287
f 296/231/289 301/236/294 300/231/293
f 295/232/288 301/236/294 296/231/289
f 295/232/288 302/237/295 301/236/294
f 303/238/296 292/229/285 297/233/290
f 292/229/285 303/238/296 281/220/274
f 297/233/290 304/239/297 303/238/296
f 304/239/297 297/233/290 305/234/298
f 298/234/291 305/234/298 297/233/290
f 306/234/299 305/234/298 298/234/291
f 298/234/291 299/235/292 306/234/299
f 299/235/292 300/231/293 307/235/300
f 307/235/300 306/234/299 299/235/292
f 308/240/301 300/231/293 301/236/294
f 308/240/301 307/235/300 300/231/293
f 301/236/294 302/237/295 309/241/302
f 301/236/294 309/241/302 308/240/301
f 308/240/301 306/234/299 307/235/300
f 310/241/303 305/234/298 306/234/299
f 310/241/303 306/234/299 308/240/301
f 310/241/303 304/239/297 305/234/298
f 311/242/304 309/241/302 302/237/295
f 312/242/305 304/239/297 310/241/303
f 312/242/305 310/241/303 313/241/306
f 310/241/303 308/240/301 313/241/306
f 313/241/306 314/242/307 312/242/305
f 315/177/217 316/243/308 317/244/309
f 316/243/308 315/177/217 318/245/310
f 228/180/221 318/245/310 315/177/217
f 318/245/310 319/246/311 316/243/308
f 228/180/221 252/190/245 318/245/310
f 319/246/311 318/245/310 252/190/245
f 320/190/312 319/246/311 252/190/245
f 320/190/312 321/246/313 319/246/311
f 241/190/234 320/190/312 252/190/245
f 253/194/246 320/190/312 241/190/234
f 320/190/312 322/247/314 321/246/313
f 322/247/314 320/190/312 253/194/246
f 253/194/246 260/205/253 322/247/314
f 323/248/315 324/249/316 325/249/317
f 325/249/317 326/250/318 323/248/315
f 326/250/318 327/251/319 323/248/315
f 328/250/320 326/250/318 325/249/317
f 327/251/319 326/250/318 329/252/321
f 330/253/322 326/250/318 328/250/320
f 326/250/318 330/253/322 329/252/321
f 331/253/323 329/252/321 330/253/322
f 329/252/321 331/253/323 332/254/324
f 332/254/324 327/251/319 329/252/321
f 327/251/319 332/254/324 333/255/325
f 334/256/326 332/254/324 331/253/323
f 332/254/324 334/256/326 335/257/327
f 335/257/327 333/255/325 332/254/324
f 334/256/326 331/253/323 336/258/328
f 335/257/327 334/256/326 337/257/329
f 336/258/328 338/256/330 334/256/326
f 337/257/329 334/256/326 338/256/330
f 338/256/330 336/258/328 339/258/331
f 338/256/330 339/258/331 340/259/332
f 340/259/332 337/257/329 338/256/330
f 341/260/333 337/257/329 340/259/332
f 340/259/332 339/258/331 342/261/334
f 340/259/332 342/261/334 343/262/335
f 341/260/333 340/259/332 343/262/335
f 343/262/335 342/261/334 344/263/336
f 345/264/337 343/262/335 344/263/336
f 343/262/335 345/264/337 346/265/338
f 341/260/333 343/262/335 346/265/338
f 346/265/338 345/264/337 347/266/339
f 347/266/339 341/260/333 346/265/338
f 347/266/339 345/264/337 348/267/340
f 341/260/333 347/266/339 349/268/341
f 349/268/341 350/269/342 341/260/333
f 351/270/343 347/266/339 348/267/340
f 347/266/339 351/270/343 349/268/341
f 352/271/344 349/268/341 351/270/343
f 349/268/341 352/271/344 353/272/345
f 350/269/342 349/268/341 353/272/345
f 353/272/345 352/271/344 354/271/346
f 355/273/347 350/269/342 353/272/345
f 353/272/345 354/271/346 355/273/347
f 350/269/342 355/273/347 356/274/348
f 357/275/349 355/273/347 354/271/346
f 355/273/347 357/275/349 358/276/350
f 356/274/348 355/273/347 358/276/350
f 359/277/351 358/276/350 357/275/349
f 358/276/350 359/277/351 360/278/352
f 356/274/348 358/276/350 360/278/352
f 361/279/353 356/274/348 360/278/352
f 362/280/354 360/278/352 359/277/351
f 360/278/352 362/280/354 363/281/355
f 360/278/352 363/281/355 361/279/353
f 361/279/353 363/281/355 364/282/356
f 362/280/354 365/281/357 363/281/355
f 365/281/357 364/282/356 363/281/355
f 366/280/358 365/281/357 362/280/354
f 367/283/359 364/282/356 365/281/357
f 366/280/358 368/284/360 365/281/357
f 367/283/359 365/281/357 368/284/360
f 368/284/360 366/280/358 369/284/361
f 367/283/359 368/284/360 370/285/362
f 369/284/361 371/284/363 368/284/360
f 370/285/362 368/284/360 371/284/363
f 372/286/364 373/286/365 374/249/366
f 373/286/365 375/287/367 374/249/366
f 376/288/368 375/287/367 373/286/365
f 377/250/369 374/249/366 375/287/367
f 375/287/367 376/288/368 378/289/370
f 375/287/367 379/253/371 377/250/369
f 379/253/371 375/287/367 378/289/370
f 376/288/368 380/290/372 378/289/370
f 378/289/370 381/253/373 379/253/371
f 381/253/373 378/289/370 380/290/372
f 380/290/372 376/288/368 382/291/374
f 382/291/374 383/292/375 380/290/372
f 384/293/376 381/253/373 380/290/372
f 384/293/376 380/290/372 383/292/375
f 381/253/373 384/293/376 385/258/377
f 386/294/378 384/293/376 383/292/375
f 386/294/378 387/293/379 384/293/376
f 385/258/377 384/293/376 387/293/379
f 387/293/379 388/258/380 385/258/377
f 386/294/378 389/295/381 387/293/379
f 389/295/381 388/258/380 387/293/379
f 386/294/378 390/296/382 389/295/381
f 388/258/380 389/295/381 391/261/383
f 389/295/381 390/296/382 392/297/384
f 391/261/383 389/295/381 392/297/384
f 391/261/383 392/297/384 393/263/385
f 394/298/386 392/297/384 390/296/382
f 395/264/387 392/297/384 394/298/386
f 221/174/214 220/173/213 396/299/388
f 397/300/389 396/299/388 220/173/213
f 396/299/388 397/300/389 398/301/390
f 399/302/389 398/301/390 397/300/389
f 398/301/390 399/302/389 400/303/391
f 401/304/392 400/303/391 399/302/389
f 400/303/391 401/304/392 402/305/392
f 403/306/393 402/305/392 401/304/392
f 402/305/392 403/306/393 404/307/394
f 405/308/395 404/307/394 403/306/393
f 404/307/394 405/308/395 406/309/396
f 407/310/397 406/309/396 405/308/395
f 405/308/395 408/311/398 407/310/397
f 408/311/398 409/312/399 407/310/397
f 410/313/400 408/311/398 405/308/395
f 411/306/401 410/313/400 405/308/395
f 410/313/400 411/306/401 412/314/402
f 413/315/403 412/314/402 411/306/401
f 411/306/401 414/304/404 413/315/403
f 414/304/404 415/316/405 413/315/403
f 415/316/405 414/304/404 416/302/406
f 416/302/406 417/317/407 415/316/405
f 417/317/407 416/302/406 418/300/408
f 419/173/409 417/317/407 418/300/408
f 417/317/407 419/173/409 420/318/410
f 417/317/407 420/318/410 421/319/411
f 420/318/410 419/173/409 422/175/412
f 423/168/413 420/318/410 422/175/412
f 423/168/413 422/175/412 424/167/414
f 425/175/415 426/170/415 427/167/415
f 426/170/415 425/175/415 428/174/415
f 429/158/416 430/159/417 431/158/418
f 430/159/417 429/158/416 432/172/417
f 433/160/419 434/320/420 435/153/421
f 433/160/419 436/321/422 434/320/420
f 437/322/423 434/320/420 436/321/422
f 438/323/424 437/322/423 436/321/422
f 438/323/424 439/324/425 437/322/423
f 440/325/426 438/323/424 436/321/422
f 436/321/422 441/160/427 440/325/426
f 440/325/426 441/160/427 442/161/426
f 443/326/428 440/325/426 442/161/426
f 438/323/424 440/325/426 444/327/429
f 440/325/426 443/326/428 445/328/430
f 445/328/430 444/327/429 440/325/426
f 444/327/429 445/328/430 446/329/431
f 447/330/432 438/323/424 444/327/429
f 448/324/432 438/323/424 447/330/432
f 439/324/425 438/323/424 449/324/433
f 446/329/431 450/330/434 444/327/429
f 451/331/435 439/324/436 452/324/437
f 446/329/431 453/332/438 450/330/434
f 453/332/438 446/329/431 454/328/439
f 454/328/439 455/333/440 453/332/438
f 454/328/439 456/326/441 455/333/440
f 453/332/438 455/333/440 457/334/442
f 457/334/442 458/330/443 453/332/438
f 457/334/442 459/324/444 458/330/443
f 455/333/440 460/335/445 457/334/442
f 461/336/446 460/335/445 455/333/440
f 455/333/440 456/326/441 462/336/447
f 455/333/440 462/336/447 461/336/446
f 456/326/441 463/337/448 462/336/447
f 463/337/448 456/326/441 464/133/449
f 460/335/445 465/338/450 457/334/442
f 466/339/451 457/334/442 465/338/450
f 457/334/442 466/339/451 467/324/452
f 465/338/450 460/335/445 468/338/453
f 469/336/453 468/338/453 460/335/445
f 470/326/449 471/132/448 464/133/449
f 471/132/448 470/326/449 472/161/448
f 473/340/454 474/123/455 475/134/456
f 473/340/454 475/134/456 476/341/454
f 477/342/457 478/170/457 479/174/457
f 478/170/457 477/342/457 480/343/457
f 481/343/458 482/169/459 483/170/459
f 482/169/459 481/343/458 484/344/460
f 484/344/460 485/171/461 482/169/459
f 484/344/460 481/343/458 486/345/462
f 487/346/462 486/345/462 481/343/458
f 484/344/460 486/345/462 488/347/463
f 488/347/463 489/348/464 484/344/460
f 485/171/461 484/344/460 490/348/461
f 490/348/461 491/172/465 485/171/461
f 488/347/463 492/349/466 489/348/464
f 493/350/467 489/348/464 492/349/466
f 491/172/465 490/348/461 494/350/465
f 495/131/468 496/337/469 497/133/155
f 496/337/469 495/131/468 498/351/470
f 499/128/471 498/351/470 495/131/468
f 498/351/470 499/128/471 500/352/150
f 501/128/472 500/352/150 499/128/471
f 500/352/150 501/128/472 502/353/473
f 503/126/474 502/353/473 501/128/472
f 502/353/473 503/126/474 504/354/475
f 505/123/476 504/354/475 503/126/474
f 504/354/475 505/123/476 506/340/477
f 507/355/478 508/156/188 509/159/479
f 508/156/188 507/355/478 510/356/187
f 510/356/187 511/152/480 508/156/188
f 511/152/480 510/356/187 512/357/480
f 513/358/481 511/152/480 512/357/480
f 514/148/482 511/152/480 513/358/481
f 513/358/481 515/144/483 514/148/482
f 515/144/483 513/358/481 516/359/484
f 516/359/484 517/138/485 515/144/483
f 517/138/485 516/359/484 518/360/486
f 518/360/486 519/137/487 517/138/485
f 519/137/487 518/360/486 520/360/488
f 520/360/488 521/134/487 519/137/487
f 521/134/487 520/360/488 522/341/489
f 523/361/490 520/360/488 518/360/486
f 518/360/486 524/362/491 523/361/490
f 524/362/491 518/360/486 525/359/492
f 520/360/488 523/361/490 526/361/493
f 526/361/493 527/341/494 520/360/488
f 525/359/492 528/363/495 524/362/491
f 528/363/495 525/359/492 529/358/496
f 527/341/494 526/361/493 530/364/497
f 530/364/497 531/340/498 527/341/494
f 532/357/499 528/363/495 529/358/496
f 528/363/495 532/357/499 533/365/500
f 531/340/498 530/364/497 534/366/501
f 533/365/500 532/357/499 535/356/502
f 535/356/502 536/367/503 533/365/500
f 531/340/498 534/366/501 537/368/504
f 531/340/498 537/368/504 538/354/505
f 535/356/502 539/369/506 536/367/503
f 539/369/506 535/356/502 540/355/506
f 538/354/505 537/368/504 541/353/507
f 541/353/507 537/368/504 542/370/508
f 542/370/508 543/352/509 541/353/507
f 542/370/508 544/351/510 543/352/509
f 544/351/510 542/370/508 545/336/511
f 546/336/512 544/351/510 545/336/511
f 544/351/510 546/336/512 547/337/513
f 548/350/514 549/159/515 550/172/515
f 549/159/515 548/350/514 551/355/516
f 552/371/517 553/324/517 554/339/517
f 555/312/518 556/310/519 557/312/520
f 555/312/518 558/372/521 556/310/519
f 555/312/518 559/373/522 558/372/521
f 556/310/519 558/372/521 560/309/396
f 558/372/521 561/307/394 560/309/396
f 559/373/522 562/374/523 558/372/521
f 561/307/394 558/372/521 563/374/524
f 562/374/523 559/373/522 564/375/525
f 563/374/524 565/305/392 561/307/394
f 565/305/392 563/374/524 566/376/392
f 564/375/525 567/377/526 562/374/523
f 568/376/527 562/374/523 567/377/526
f 566/376/392 569/303/528 565/305/392
f 569/303/528 566/376/392 570/378/529
f 568/376/527 567/377/526 571/377/530
f 568/376/527 571/377/530 572/378/531
f 570/378/529 573/301/532 569/303/528
f 573/301/532 570/378/529 574/379/529
f 575/380/530 572/378/531 571/377/530
f 572/378/531 575/380/530 576/379/533
f 574/379/529 577/299/534 573/301/532
f 577/299/534 574/379/529 578/379/535
f 575/380/530 579/379/536 576/379/533
f 578/379/535 580/174/537 577/299/534
f 580/174/537 578/379/535 581/342/538
f 579/379/536 575/380/530 582/381/539
f 575/380/530 583/382/540 582/381/539
f 582/381/539 584/342/541 579/379/536
f 585/346/542 584/342/541 582/381/539
f 586/343/542 584/342/541 585/346/542
f 587/355/543 588/349/544 589/369/544
f 588/349/544 587/355/543 590/350/543
f 591/336/545 592/370/545 593/338/545
f 594/383/546 595/384/547 596/385/548
f 597/386/549 596/385/548 595/384/547
f 598/387/550 597/386/549 595/384/547
f 599/388/551 596/385/548 597/386/549
f 597/386/549 598/387/550 600/386/552
f 601/388/553 597/386/549 600/386/552
f 597/386/549 601/388/553 599/388/551
f 598/387/550 602/389/554 600/386/552
f 603/390/555 600/386/552 602/389/554
f 600/386/552 603/390/555 601/388/553
f 602/389/554 598/387/550 604/391/556
f 604/391/556 605/392/557 602/389/554
f 606/393/558 602/389/554 605/392/557
f 602/389/554 606/393/558 603/390/555
f 606/393/558 607/394/559 603/390/555
f 603/390/555 608/395/560 601/388/553
f 608/395/560 603/390/555 607/394/559
f 609/396/561 605/392/557 604/391/556
f 605/392/557 609/396/561 610/397/562
f 610/397/562 606/393/558 605/392/557
f 611/398/563 601/388/553 608/395/560
f 601/388/553 611/398/563 612/388/564
f 613/399/565 611/398/563 608/395/560
f 607/394/559 613/399/565 608/395/560
f 613/399/565 607/394/559 614/400/566
f 607/394/559 606/393/558 615/401/567
f 614/400/566 607/394/559 615/401/567
f 606/393/558 610/397/562 616/402/568
f 617/403/569 606/393/558 616/402/568
f 606/393/558 617/403/569 615/401/567
f 610/397/562 609/396/561 618/404/570
f 610/397/562 618/404/570 619/405/571
f 620/406/572 610/397/562 619/405/571
f 616/402/568 610/397/562 620/406/572
f 621/407/573 615/401/567 617/403/569
f 615/401/567 621/407/573 614/400/566
f 611/398/563 613/399/565 622/399/574
f 611/398/563 623/385/575 612/388/564
f 622/399/574 623/385/575 611/398/563
f 624/406/576 617/403/569 616/402/568
f 617/403/569 625/408/577 621/407/573
f 617/403/569 624/406/576 626/409/578
f 625/408/577 617/403/569 626/409/578
f 619/405/571 618/404/570 627/405/579
f 627/405/579 628/406/580 619/405/571
f 620/406/572 619/405/571 628/406/580
f 629/404/581 627/405/579 618/404/570
f 623/385/575 622/399/574 630/383/582
f 631/406/583 626/409/578 624/406/576
f 632/410/584 625/408/577 626/409/578
f 626/409/578 631/406/583 632/410/584
f 625/408/577 632/410/584 633/408/585
f 627/405/579 629/404/581 634/411/586
f 634/411/586 635/412/587 627/405/579
f 628/406/580 627/405/579 635/412/587
f 629/404/581 636/413/588 634/411/586
f 637/412/589 632/410/584 631/406/583
f 632/410/584 638/414/590 633/408/585
f 632/410/584 637/412/589 638/414/590
f 633/408/585 638/414/590 639/415/591
f 640/416/592 634/411/586 636/413/588
f 641/417/593 635/412/587 634/411/586
f 641/417/593 634/411/586 640/416/592
f 635/412/587 641/417/593 642/418/594
f 638/414/590 643/419/595 639/415/591
f 638/414/590 644/420/596 643/419/595
f 644/420/596 638/414/590 637/412/589
f 644/420/596 637/412/589 645/418/597
f 646/421/598 641/417/593 640/416/592
f 647/422/599 641/417/593 646/421/598
f 647/422/599 648/423/600 641/417/593
f 642/418/594 641/417/593 648/423/600
f 648/423/600 644/420/596 645/418/597
f 649/424/601 643/419/595 644/420/596
f 644/420/596 650/425/602 649/424/601
f 644/420/596 648/423/600 650/425/602
f 651/426/603 648/423/600 647/422/599
f 651/426/603 650/425/602 648/423/600
f 652/427/604 647/422/599 646/421/598
f 653/428/605 647/422/599 652/427/604
f 647/422/599 653/428/605 651/426/603
f 654/429/606 649/424/601 650/425/602
f 650/425/602 655/430/607 654/429/606
f 650/425/602 651/426/603 655/430/607
f 392/297/384 395/264/387 393/263/385
f 390/296/382 656/431/608 394/298/386
f 395/264/387 394/298/386 656/431/608
f 656/431/608 390/296/382 657/432/609
f 658/433/610 657/432/609 390/296/382
f 395/264/387 656/431/608 659/267/611
f 656/431/608 660/270/612 659/267/611
f 660/270/612 656/431/608 657/432/609
f 657/432/609 658/433/610 661/434/613
f 662/271/614 657/432/609 661/434/613
f 657/432/609 662/271/614 660/270/612
f 658/433/610 663/434/615 661/434/613
f 664/271/616 661/434/613 663/434/615
f 661/434/613 664/271/616 662/271/614
f 663/434/615 658/433/610 665/435/617
f 663/434/615 665/435/617 666/436/618
f 667/275/619 663/434/615 666/436/618
f 663/434/615 667/275/619 664/271/616
f 666/436/618 668/277/620 667/275/619
f 668/277/620 666/436/618 669/437/621
f 666/436/618 665/435/617 669/437/621
f 665/435/617 670/438/622 669/437/621
f 669/437/621 671/280/620 668/277/620
f 671/280/620 669/437/621 672/439/623
f 672/439/623 669/437/621 670/438/622
f 673/440/624 672/439/623 670/438/622
f 672/439/623 673/440/624 674/439/625
f 671/280/620 672/439/623 674/439/625
f 674/439/625 675/280/626 671/280/620
f 676/441/627 674/439/625 673/440/624
f 677/441/628 674/439/625 676/441/627
f 677/441/628 675/280/626 674/439/625
f 675/280/626 677/441/628 678/284/629
f 676/441/627 679/442/630 677/441/628
f 678/284/629 677/441/628 680/284/631
f 679/442/630 680/284/631 677/441/628
f 681/443/632 682/444/633 683/443/634
f 682/444/633 681/443/632 684/445/635
f 681/443/632 685/446/636 684/445/635
f 686/445/637 682/444/633 684/445/635
f 684/445/635 687/445/638 686/445/637
f 684/445/635 685/446/636 687/445/638
f 682/444/633 686/445/637 688/444/639
f 687/445/638 689/447/640 686/445/637
f 687/445/638 690/448/641 689/447/640
f 687/445/638 685/446/636 690/448/641
f 691/449/642 686/445/637 689/447/640
f 692/450/643 688/444/639 686/445/637
f 692/450/643 686/445/637 691/449/642
f 693/449/644 691/449/642 689/447/640
f 690/448/641 693/449/644 689/447/640
f 685/446/636 694/451/645 690/448/641
f 694/451/645 693/449/644 690/448/641
f 688/444/639 692/450/643 695/452/646
f 694/451/645 685/446/636 696/446/647
f 685/446/636 697/443/648 696/446/647
f 691/449/642 693/449/644 698/449/649
f 692/450/643 691/449/642 699/453/650
f 699/453/650 691/449/642 698/449/649
f 700/454/651 695/452/646 692/450/643
f 700/454/651 692/450/643 701/455/652
f 702/456/653 692/450/643 699/453/650
f 692/450/643 702/456/653 701/455/652
f 703/457/654 702/456/653 699/453/650
f 698/449/649 703/457/654 699/453/650
f 704/443/655 696/446/647 697/443/648
f 705/443/656 704/443/655 697/443/648
f 700/454/651 701/455/652 706/458/657
f 701/455/652 702/456/653 707/459/658
f 707/459/658 706/458/657 701/455/652
f 703/457/654 708/460/659 702/456/653
f 702/456/653 708/460/659 707/459/658
f 706/458/657 709/461/660 700/454/651
f 704/443/655 705/443/656 710/443/661
f 711/462/662 709/461/660 706/458/657
f 706/458/657 712/463/663 711/462/662
f 707/459/658 712/463/663 706/458/657
f 707/459/658 708/460/659 713/464/664
f 712/463/663 707/459/658 713/464/664
f 711/462/662 712/463/663 714/465/665
f 713/464/664 714/465/665 712/463/663
f 713/464/664 708/460/659 715/466/666
f 716/467/667 713/464/664 715/466/666
f 714/465/665 713/464/664 716/467/667
f 716/467/667 717/468/668 714/465/665
f 717/468/668 711/462/662 714/465/665
f 709/461/660 711/462/662 718/469/669
f 718/469/669 711/462/662 719/470/670
f 711/462/662 717/468/668 719/470/670
f 720/471/671 716/467/667 715/466/666
f 716/467/667 720/471/671 721/472/672
f 717/468/668 716/467/667 721/472/672
f 717/468/668 721/472/672 722/473/673
f 719/470/670 717/468/668 723/470/674
f 722/473/673 723/470/674 717/468/668
f 723/470/674 722/473/673 724/474/675
f 721/472/672 725/475/676 722/473/673
f 726/476/677 724/474/675 722/473/673
f 725/475/676 726/476/677 722/473/673
f 721/472/672 720/471/671 727/477/678
f 727/477/678 728/477/679 721/472/672
f 725/475/676 721/472/672 728/477/679
f 728/477/679 729/478/680 725/475/676
f 725/475/676 730/479/681 726/476/677
f 725/475/676 729/478/680 730/479/681
f 727/477/678 731/480/682 728/477/679
f 729/478/680 728/477/679 731/480/682
f 731/480/682 727/477/678 732/480/683
f 720/471/671 732/480/683 727/477/678
f 720/471/671 733/481/684 732/480/683
f 734/482/680 729/478/680 731/480/682
f 735/483/685 730/479/681 729/478/680
f 729/478/680 734/482/680 735/483/685
f 732/480/683 736/484/686 731/480/682
f 731/480/682 736/484/686 734/482/680
f 736/484/686 732/480/683 737/484/687
f 733/481/684 737/484/687 732/480/683
f 734/482/680 736/484/686 738/482/688
f 738/482/688 735/483/685 734/482/680
f 737/484/687 733/481/684 739/485/689
f 735/483/685 738/482/688 740/486/690
f 738/482/688 736/484/686 741/484/691
f 736/484/686 742/484/692 741/484/691
f 742/484/692 736/484/686 737/484/687
f 743/487/693 737/484/687 739/485/689
f 737/484/687 743/487/693 742/484/692
f 744/488/694 741/484/691 742/484/692
f 744/488/694 742/484/692 743/487/693
f 745/489/695 741/484/691 744/488/694
f 745/489/695 738/482/688 741/484/691
f 746/490/696 738/482/688 745/489/695
f 746/490/696 740/486/690 738/482/688
f 740/486/690 746/490/696 747/491/697
f 748/492/698 747/491/697 746/490/696
f 740/486/690 747/491/697 749/493/699
f 749/493/699 750/494/700 740/486/690
f 740/486/690 750/494/700 751/483/701
f 747/491/697 748/492/698 752/495/702
f 748/492/698 753/496/703 752/495/702
f 747/491/697 754/493/704 749/493/699
f 754/493/704 747/491/697 755/495/705
f 749/493/699 756/497/706 750/494/700
f 753/496/703 757/498/707 752/495/702
f 750/494/700 756/497/706 758/499/708
f 750/494/700 758/499/708 759/500/709
f 760/501/710 751/483/701 750/494/700
f 750/494/700 759/500/709 760/501/710
f 754/493/704 755/495/705 761/498/711
f 761/498/711 755/495/705 762/498/712
f 763/502/710 751/483/701 760/501/710
f 751/483/701 763/502/710 764/479/713
f 759/500/709 765/503/714 760/501/710
f 760/501/710 765/503/714 763/502/710
f 758/499/708 756/497/706 766/497/715
f 758/499/708 766/497/715 767/499/716
f 767/499/716 759/500/709 758/499/708
f 759/500/709 768/504/717 765/503/714
f 768/504/717 759/500/709 769/500/718
f 759/500/709 767/499/716 769/500/718
f 770/505/719 769/500/718 767/499/716
f 766/497/715 770/505/719 767/499/716
f 771/506/720 763/502/710 765/503/714
f 772/507/721 764/479/713 763/502/710
f 763/502/710 771/506/720 772/507/721
f 773/508/722 765/503/714 768/504/717
f 765/503/714 773/508/722 771/506/720
f 764/479/713 772/507/721 774/476/723
f 773/508/722 775/509/724 771/506/720
f 775/509/724 772/507/721 771/506/720
f 772/507/721 775/509/724 776/510/725
f 776/510/725 774/476/723 772/507/721
f 768/504/717 777/511/726 773/508/722
f 778/512/727 777/511/726 768/504/717
f 769/500/718 778/512/727 768/504/717
f 775/509/724 773/508/722 777/511/726
f 769/500/718 770/505/719 779/505/728
f 778/512/727 769/500/718 779/505/728
f 774/476/723 776/510/725 780/474/729
f 781/513/730 775/509/724 777/511/726
f 782/514/731 776/510/725 775/509/724
f 781/513/730 782/514/731 775/509/724
f 780/474/729 776/510/725 783/470/732
f 776/510/725 782/514/731 783/470/732
f 777/511/726 784/515/733 781/513/730
f 785/516/734 781/513/730 784/515/733
f 782/514/731 781/513/730 786/517/735
f 785/516/734 786/517/735 781/513/730
f 782/514/731 786/517/735 787/518/736
f 783/470/732 782/514/731 788/470/737
f 787/518/736 788/470/737 782/514/731
f 787/518/736 786/517/735 789/519/738
f 786/517/735 785/516/734 789/519/738
f 785/516/734 784/515/733 790/520/739
f 791/521/740 785/516/734 790/520/739
f 791/521/740 789/519/738 785/516/734
f 792/522/741 787/518/736 789/519/738
f 789/519/738 791/521/740 792/522/741
f 793/461/742 787/518/736 792/522/741
f 787/518/736 793/461/742 794/469/743
f 794/469/743 788/470/737 787/518/736
f 791/521/740 790/520/739 795/523/744
f 795/523/744 796/524/745 791/521/740
f 792/522/741 791/521/740 796/524/745
f 796/524/745 797/454/746 792/522/741
f 792/522/741 797/454/746 793/461/742
f 790/520/739 798/525/747 795/523/744
f 799/526/748 797/454/746 796/524/745
f 795/523/744 799/526/748 796/524/745
f 800/527/749 795/523/744 798/525/747
f 799/526/748 795/523/744 800/527/749
f 797/454/746 799/526/748 801/452/750
f 798/525/747 802/528/751 800/527/749
f 800/527/749 802/528/751 803/529/752
f 803/529/752 799/526/748 800/527/749
f 799/526/748 803/529/752 804/530/753
f 805/444/754 799/526/748 804/530/753
f 799/526/748 805/444/754 801/452/750
f 803/529/752 802/528/751 806/531/755
f 806/531/755 807/532/756 803/529/752
f 804/530/753 803/529/752 807/532/756
f 804/530/753 808/444/757 805/444/754
f 804/530/753 807/532/756 809/533/758
f 810/533/635 804/530/753 809/533/758
f 808/444/757 804/530/753 810/533/635
f 811/534/759 807/532/756 806/531/755
f 809/533/758 807/532/756 811/534/759
f 812/534/760 809/533/758 811/534/759
f 809/533/758 812/534/760 810/533/635
f 813/443/761 808/444/757 810/533/635
f 813/443/761 810/533/635 812/534/760
f 814/535/762 812/534/760 811/534/759
f 806/531/755 814/535/762 811/534/759
f 812/534/760 814/535/762 815/536/763
f 813/443/761 812/534/760 815/536/763
f 808/444/757 813/443/761 816/443/764
f 815/536/763 817/537/765 813/443/761
f 818/537/766 819/443/767 820/443/766
f 820/443/766 821/443/768 818/537/766
f 822/538/769 823/539/770 824/540/771
f 824/540/771 825/541/772 822/538/769
f 826/542/773 822/538/769 825/541/772
f 825/541/772 824/540/771 827/543/774
f 828/544/775 825/541/772 827/543/774
f 828/544/775 829/545/776 825/541/772
f 826/542/773 825/541/772 829/545/776
f 830/546/777 829/545/776 828/544/775
f 831/547/778 828/544/775 827/543/774
f 828/544/775 831/547/778 830/546/777
f 827/543/774 832/548/779 831/547/778
f 830/546/777 831/547/778 833/546/780
f 834/549/781 833/546/780 831/547/778
f 832/548/779 834/549/781 831/547/778
f 834/549/781 832/548/779 835/550/782
f 836/551/783 833/546/780 834/549/781
f 835/550/782 836/551/783 834/549/781
f 833/546/780 836/551/783 837/552/784
f 838/553/785 653/428/605 652/427/604
f 653/428/605 838/553/785 839/554/786
f 839/554/786 651/426/603 653/428/605
f 655/430/607 840/555/787 654/429/606
f 840/555/787 655/430/607 841/556/788
f 655/430/607 651/426/603 841/556/788
f 651/426/603 839/554/786 842/557/789
f 843/557/790 841/556/788 651/426/603
f 838/553/785 844/558/791 839/554/786
f 845/559/792 842/557/789 839/554/786
f 839/554/786 844/558/791 845/559/792
f 846/558/793 840/555/787 841/556/788
f 846/558/793 841/556/788 847/559/794
f 841/556/788 843/557/790 847/559/794
f 848/560/795 849/561/796 850/562/797
f 851/563/798 852/564/799 848/560/800
f 852/564/799 851/563/798 853/565/801
f 854/562/802 851/563/798 855/560/803
f 851/563/798 854/562/802 856/566/804
f 852/564/799 857/561/805 855/560/800
f 852/564/799 853/565/801 858/567/806
f 858/567/806 859/568/807 852/564/799
f 857/561/805 852/564/799 859/568/807
f 860/565/808 858/567/806 853/565/801
f 856/566/804 854/562/802 861/566/809
f 862/569/810 854/562/802 857/561/811
f 861/566/809 854/562/802 863/570/812
f 854/562/802 862/569/810 863/570/812
f 859/568/807 858/567/806 864/568/813
f 858/567/806 865/571/814 864/568/813
f 858/567/806 866/572/815 865/571/814
f 858/567/806 860/565/808 866/572/815
f 863/570/812 867/573/816 861/566/809
f 867/573/816 863/570/812 868/574/817
f 868/574/817 863/570/812 862/569/810
f 862/569/810 869/575/818 868/574/817
f 868/574/817 869/575/818 870/576/819
f 867/573/816 868/574/817 870/576/819
f 871/572/820 865/571/814 866/572/815
f 865/571/814 871/572/820 872/571/821
f 870/576/819 873/577/822 867/573/816
f 869/575/818 874/578/823 870/576/819
f 870/576/819 875/579/824 873/577/822
f 875/579/824 870/576/819 876/580/825
f 870/576/819 874/578/823 876/580/825
f 877/581/826 875/579/824 876/580/825
f 874/578/823 877/581/826 876/580/825
f 874/578/823 878/582/827 877/581/826
f 875/579/824 877/581/826 879/583/828
f 877/581/826 878/582/827 880/584/829
f 880/584/829 879/583/828 877/581/826
f 880/584/829 881/585/830 879/583/828
f 878/582/827 882/586/831 880/584/829
f 882/586/831 881/585/830 880/584/829
f 882/586/831 878/582/827 883/587/832
f 881/585/830 882/586/831 884/588/833
f 882/586/831 885/589/834 884/588/833
f 885/589/834 882/586/831 886/590/835
f 882/586/831 883/587/832 886/590/835
f 883/587/832 887/591/836 886/590/835
f 885/589/834 886/590/835 888/592/837
f 889/593/838 890/585/839 884/588/833
f 891/589/840 889/593/838 884/588/833
f 890/585/839 889/593/838 892/593/841
f 890/585/839 892/593/841 893/583/828
f 894/594/842 892/593/841 889/593/838
f 895/595/843 893/583/828 892/593/841
f 895/595/843 892/593/841 894/594/842
f 889/593/838 896/596/844 894/594/842
f 889/593/838 897/597/845 896/596/844
f 889/593/838 891/589/840 897/597/845
f 891/589/840 898/592/846 897/597/845
f 897/597/845 898/592/846 896/596/844
f 895/595/843 899/579/824 893/583/828
f 894/594/842 900/598/847 895/595/843
f 899/579/824 895/595/843 901/599/848
f 895/595/843 900/598/847 901/599/848
f 902/600/849 899/579/824 901/599/848
f 902/600/849 901/599/848 900/598/847
f 899/579/824 902/600/849 873/577/822
f 903/601/850 902/600/849 900/598/847
f 904/602/851 902/600/849 903/601/850
f 905/573/852 902/600/849 904/602/851
f 902/600/849 905/573/852 873/577/822
f 906/603/853 904/602/851 903/601/850
f 907/604/854 905/573/852 904/602/851
f 907/604/854 904/602/851 906/603/853
f 905/573/852 907/604/854 908/566/855
f 906/603/853 909/604/856 907/604/854
f 908/566/855 907/604/854 909/604/856
f 909/604/856 906/603/853 910/605/857
f 909/604/856 911/566/858 908/566/855
f 911/566/858 909/604/856 912/563/859
f 913/606/860 912/563/859 909/604/856
f 910/605/861 914/607/862 913/606/863
f 914/607/862 910/605/861 915/608/864
f 916/565/865 912/563/859 914/607/862
f 914/607/862 912/563/859 917/606/863
f 915/608/864 918/607/866 914/607/862
f 916/565/865 914/607/862 918/607/866
f 918/607/866 915/608/864 919/609/867
f 918/607/866 920/565/868 916/565/865
f 919/609/867 921/572/869 918/607/866
f 918/607/866 921/572/869 922/572/870
f 918/607/866 922/572/870 920/565/868
f 921/572/869 923/572/871 922/572/870
f 923/572/871 921/572/869 924/572/872
f 917/606/873 925/604/874 926/605/861
f 927/610/875 928/611/876 929/612/877
f 928/611/876 927/610/875 930/613/878
f 930/613/878 931/614/879 928/611/876
f 932/615/880 930/613/878 927/610/875
f 927/610/875 933/616/881 932/615/880
f 931/614/879 930/613/878 934/617/882
f 932/615/880 935/618/883 930/613/878
f 935/618/883 934/617/882 930/613/878
f 934/617/882 936/619/884 931/614/879
f 936/619/884 934/617/882 937/620/885
f 934/617/882 935/618/883 937/620/885
f 935/618/883 932/615/880 938/621/886
f 933/616/881 939/622/887 932/615/880
f 939/622/887 938/621/886 932/615/880
f 940/623/883 937/620/885 935/618/883
f 938/621/886 940/623/883 935/618/883
f 939/622/887 933/616/881 941/624/888
f 942/625/889 936/619/884 937/620/885
f 940/623/883 943/626/890 937/620/885
f 937/620/885 943/626/890 942/625/889
f 940/623/883 938/621/886 944/627/891
f 939/622/887 945/628/892 938/621/886
f 945/628/892 944/627/891 938/621/886
f 946/629/893 945/628/892 939/622/887
f 939/622/887 947/630/894 946/629/893
f 947/630/894 939/622/887 941/624/888
f 947/630/894 941/624/888 948/631/895
f 944/627/891 945/628/892 949/632/896
f 945/628/892 946/629/893 950/633/893
f 950/633/893 949/632/896 945/628/892
f 951/634/897 950/633/893 946/629/893
f 951/634/897 946/629/893 947/630/894
f 952/635/898 951/634/897 947/630/894
f 952/635/898 947/630/894 948/631/895
f 950/633/893 951/634/897 953/636/899
f 953/636/899 951/634/897 954/637/900
f 951/634/897 952/635/898 954/637/900
f 952/635/898 955/638/901 954/637/900
f 955/638/901 952/635/898 956/639/902
f 948/631/895 956/639/902 952/635/898
f 948/631/895 957/640/903 956/639/902
f 955/638/901 958/641/904 954/637/900
f 954/637/900 958/641/904 953/636/899
f 959/642/905 955/638/901 956/639/902
f 959/642/905 956/639/902 957/640/903
f 955/638/901 959/642/905 960/643/906
f 958/641/904 955/638/901 961/644/907
f 960/643/906 961/644/907 955/638/901
f 959/642/905 957/640/903 962/645/908
f 960/643/906 959/642/905 963/646/879
f 960/643/906 963/646/879 964/647/909
f 961/644/907 960/643/906 965/648/910
f 964/647/909 965/648/910 960/643/906
f 966/649/911 961/644/907 965/648/910
f 961/644/907 966/649/911 967/650/912
f 967/650/912 958/641/904 961/644/907
f 958/641/904 967/650/912 968/651/913
f 958/641/904 968/651/913 969/636/914
f 970/652/915 964/647/909 963/646/879
f 971/653/916 964/647/909 970/652/915
f 964/647/909 971/653/916 972/654/917
f 965/648/910 964/647/909 972/654/917
f 965/648/910 973/655/918 966/649/911
f 973/655/918 965/648/910 972/654/917
f 974/656/919 967/650/912 966/649/911
f 975/657/920 966/649/911 973/655/918
f 974/656/919 966/649/911 975/657/920
f 968/651/913 967/650/912 976/658/921
f 967/650/912 974/656/919 977/659/922
f 976/658/921 967/650/912 977/659/922
f 969/636/914 968/651/913 978/660/923
f 976/658/921 978/660/923 968/651/913
f 978/660/923 979/633/839 969/636/914
f 980/653/924 973/655/918 972/654/917
f 981/661/925 975/657/920 973/655/918
f 973/655/918 980/653/924 981/661/925
f 978/660/923 976/658/921 982/662/926
f 976/658/921 977/659/922 983/663/927
f 976/658/921 983/663/927 982/662/926
f 984/664/928 983/663/927 977/659/922
f 977/659/922 974/656/919 984/664/928
f 979/633/839 978/660/923 985/665/839
f 978/660/923 982/662/926 985/665/839
f 984/664/928 974/656/919 986/666/929
f 982/662/926 987/667/930 985/665/839
f 987/667/930 982/662/926 988/668/931
f 988/668/931 982/662/926 983/663/927
f 985/665/839 989/669/932 979/633/839
f 985/665/839 987/667/930 989/669/932
f 979/633/839 989/669/932 990/632/933
f 991/670/934 987/667/930 988/668/931
f 989/669/932 987/667/930 992/671/935
f 993/672/936 992/671/935 987/667/930
f 987/667/930 991/670/934 993/672/936
f 989/669/932 994/627/937 990/632/933
f 994/627/937 989/669/932 992/671/935
f 991/670/934 995/673/938 993/672/936
f 992/671/935 996/623/939 994/627/937
f 993/672/936 997/674/940 992/671/935
f 996/623/939 992/671/935 997/674/940
f 997/674/940 993/672/936 998/675/941
f 998/675/941 993/672/936 995/673/938
f 996/623/939 997/674/940 999/676/942
f 997/674/940 1000/677/943 999/676/942
f 1000/677/943 997/674/940 998/675/941
f 999/676/942 1001/626/944 996/623/939
f 998/675/941 1002/678/920 1000/677/943
f 995/673/938 1003/679/919 998/675/941
f 1002/678/920 998/675/941 1003/679/919
f 1000/677/943 1004/680/945 999/676/942
f 1004/680/945 1000/677/943 1002/678/920
f 1004/680/945 1005/625/946 999/676/942
f 999/676/942 1005/625/946 1001/626/944
f 1003/679/919 995/673/938 1006/681/947
f 1007/682/948 1008/683/949 1009/684/950
f 1010/685/951 1008/683/949 1007/682/948
f 1011/686/952 1010/685/951 1007/682/948
f 1012/687/953 1010/685/951 1011/686/952
f 1013/688/954 1008/683/949 1010/685/951
f 1010/685/951 1012/687/953 1013/688/954
f 1008/683/949 1013/688/954 1014/689/955
f 1014/689/955 1013/688/954 1015/690/956
f 1013/688/954 1016/691/957 1015/690/956
f 1016/691/957 1013/688/954 1012/687/953
f 1012/687/953 1017/692/958 1016/691/957
f 1015/690/956 1018/693/959 1014/689/955
f 1015/690/956 1016/691/957 1019/694/960
f 1019/694/960 1018/693/959 1015/690/956
f 1018/693/959 1019/694/960 1020/695/961
f 1019/694/960 1021/696/962 1020/695/961
f 1021/696/962 1019/694/960 1016/691/957
f 1022/697/963 1016/691/957 1017/692/958
f 1016/691/957 1023/698/964 1021/696/962
f 1016/691/957 1022/697/963 1023/698/964
f 1022/697/963 1017/692/958 1024/699/965
f 1022/697/963 1024/699/965 1025/697/966
f 1025/697/966 1023/698/964 1022/697/963
f 1023/698/964 1025/697/966 1026/700/967
f 1025/697/966 1024/699/965 1027/701/968
f 1028/702/969 1025/697/966 1027/701/968
f 1028/702/969 1026/700/967 1025/697/966
f 1026/700/967 1028/702/969 1029/703/970
f 1030/704/971 1029/703/970 1028/702/969
f 1028/702/969 1027/701/968 1030/704/971
f 1031/705/972 1030/704/971 1027/701/968
f 1029/703/970 1030/704/971 1032/706/973
f 1030/704/971 1031/705/972 1033/704/974
f 1033/704/974 1032/706/973 1030/704/971
f 836/551/783 835/550/782 1034/707/975
f 1035/708/976 836/551/783 1034/707/975
f 1036/709/977 836/551/783 1035/708/976
f 1036/709/977 837/552/784 836/551/783
f 1036/709/977 1035/708/976 1037/710/978
f 1034/707/975 1037/710/978 1035/708/976
f 837/552/784 1036/709/977 1038/711/979
f 1039/712/980 1037/710/978 1034/707/975
f 1037/710/978 1040/713/981 1036/709/977
f 1041/714/982 1036/709/977 1040/713/981
f 1038/711/979 1036/709/977 1041/714/982
f 1037/710/978 1042/715/983 1040/713/981
f 1037/710/978 1039/712/980 1043/716/984
f 1042/715/983 1037/710/978 1043/716/984
f 1041/714/982 1040/713/981 1044/717/985
f 1044/717/985 1040/713/981 1042/715/983
f 1045/718/986 1042/715/983 1043/716/984
f 1042/715/983 1045/718/986 1046/719/987
f 1046/719/987 1044/717/985 1042/715/983
f 1045/718/986 1043/716/984 1047/720/988
f 1039/712/980 1047/720/988 1043/716/984
f 1047/720/988 1039/712/980 1048/721/989
f 1044/717/985 1046/719/987 1049/722/990
f 1045/718/986 1047/720/988 1050/723/991
f 1051/724/992 1046/719/987 1045/718/986
f 1050/723/991 1051/724/992 1045/718/986
f 1046/719/987 1051/724/992 1052/725/993
f 1052/725/993 1049/722/990 1046/719/987
f 1053/726/994 1050/723/991 1047/720/988
f 1048/721/989 1054/727/995 1047/720/988
f 1047/720/988 1054/727/995 1053/726/994
f 1054/727/995 1048/721/989 1055/728/996
f 1050/723/991 1053/726/994 1056/729/997
f 1050/723/991 1057/730/998 1051/724/992
f 1056/729/997 1057/730/998 1050/723/991
f 1051/724/992 1058/731/999 1052/725/993
f 1051/724/992 1057/730/998 1058/731/999
f 1059/732/1000 1053/726/994 1054/727/995
f 1060/733/1001 1056/729/997 1053/726/994
f 1053/726/994 1059/732/1000 1060/733/1001
f 1054/727/995 1061/734/1002 1059/732/1000
f 1061/734/1002 1054/727/995 1055/728/996
f 1062/735/1003 1052/725/993 1058/731/999
f 1057/730/998 1062/735/1003 1058/731/999
f 1055/728/996 1063/736/1004 1061/734/1002
f 1062/735/1003 1064/737/1005 1052/725/993
f 1052/725/993 1064/737/1005 1065/722/990
f 1066/738/1006 1059/732/1000 1061/734/1002
f 1066/738/1006 1067/739/1007 1059/732/1000
f 1067/739/1007 1060/733/1001 1059/732/1000
f 1061/734/1002 1068/740/1008 1066/738/1006
f 1068/740/1008 1061/734/1002 1063/736/1004
f 1060/733/1001 1067/739/1007 1069/741/1009
f 1070/742/1010 1067/739/1007 1066/738/1006
f 1070/742/1010 1066/738/1006 1068/740/1008
f 1067/739/1007 1070/742/1010 1071/743/1011
f 1071/743/1011 1069/741/1009 1067/739/1007
f 1064/737/1005 1072/717/1012 1065/722/990
f 1064/737/1005 1073/744/1013 1072/717/1012
f 1074/745/1014 1073/744/1013 1064/737/1005
f 1064/737/1005 1062/735/1003 1074/745/1014
f 1068/740/1008 1075/746/1015 1070/742/1010
f 1076/747/1016 1071/743/1011 1070/742/1010
f 1075/746/1015 1077/748/1017 1070/742/1010
f 1070/742/1010 1077/748/1017 1076/747/1016
f 1076/747/1016 1078/749/1018 1071/743/1011
f 1069/741/1009 1071/743/1011 1078/749/1018
f 1075/746/1015 1079/748/1019 1077/748/1017
f 1076/747/1016 1077/748/1017 1080/748/1020
f 1079/748/1019 1080/748/1020 1077/748/1017
f 1081/750/1021 1072/717/1012 1073/744/1013
f 1072/717/1012 1081/750/1021 1082/714/1022
f 1073/744/1013 1083/751/1023 1081/750/1021
f 1083/751/1023 1073/744/1013 1084/752/1024
f 1073/744/1013 1074/745/1014 1084/752/1024
f 1085/753/1025 1081/750/1021 1083/751/1023
f 1085/753/1025 1082/714/1022 1081/750/1021
f 1080/748/1020 1079/748/1019 1086/748/1026
f 1082/714/1022 1085/753/1025 1087/711/1027
f 1088/754/1028 1084/752/1024 1074/745/1014
f 1088/754/1028 1089/755/1029 1084/752/1024
f 1089/755/1029 1083/751/1023 1084/752/1024
f 1090/756/1030 1085/753/1025 1083/751/1023
f 1083/751/1023 1091/757/1031 1090/756/1030
f 1083/751/1023 1089/755/1029 1091/757/1031
f 1085/753/1025 1090/756/1030 1092/758/1032
f 1085/753/1025 1093/552/784 1087/711/1027
f 1092/758/1032 1093/552/784 1085/753/1025
f 1092/758/1032 1090/756/1030 1091/757/1031
f 1089/755/1029 1088/754/1028 1094/759/1033
f 1091/757/1031 1095/760/1034 1092/758/1032
f 1092/758/1032 1095/760/1034 1096/761/1035
f 1092/758/1032 1097/546/780 1093/552/784
f 1097/546/780 1092/758/1032 1096/761/1035
f 1098/762/1036 1096/761/1035 1095/760/1034
f 1096/761/1035 1098/762/1036 1099/763/1037
f 1099/763/1037 1097/546/780 1096/761/1035
f 1099/763/1037 1100/546/1038 1097/546/780
f 1098/762/1036 1101/764/1039 1099/763/1037
f 1099/763/1037 1101/764/1039 1102/765/1040
f 1102/765/1040 1100/546/1038 1099/763/1037
f 1103/545/1041 1100/546/1038 1102/765/1040
f 1102/765/1040 1101/764/1039 1104/765/1042
f 1104/765/1042 1103/545/1041 1102/765/1040
f 1105/766/1043 1104/765/1042 1101/764/1039
f 1103/545/1041 1104/765/1042 1106/542/1044
f 1104/765/1042 1105/766/1043 1107/538/1045
f 1108/542/1046 1104/765/1042 1107/538/1045
f 1107/538/1045 1105/766/1043 1109/539/1047
f 1110/767/1048 1111/767/1049 1112/748/1050
f 1112/748/1050 1111/767/1049 1113/767/1051
f 1111/767/1049 1114/768/1052 1113/767/1051
f 1115/747/1053 1112/748/1050 1113/767/1051
f 1113/767/1051 1116/769/1054 1115/747/1053
f 1116/769/1054 1113/767/1051 1114/768/1052
f 1117/770/1055 1116/769/1054 1114/768/1052
f 1115/747/1053 1116/769/1054 1118/771/1056
f 1115/747/1053 1118/771/1056 1078/749/1018
f 1116/769/1054 1119/772/1057 1118/771/1056
f 1120/773/1058 1116/769/1054 1117/770/1055
f 1119/772/1057 1116/769/1054 1120/773/1058
f 1069/741/1009 1078/749/1018 1118/771/1056
f 1118/771/1056 1119/772/1057 1069/741/1009
f 1119/772/1057 1120/773/1058 1121/774/1059
f 1069/741/1009 1119/772/1057 1122/733/1001
f 1121/774/1059 1122/733/1001 1119/772/1057
f 1123/775/1060 1121/774/1059 1120/773/1058
f 1120/773/1058 1117/770/1055 1123/775/1060
f 1117/770/1055 1124/776/1061 1123/775/1060
f 1125/777/1062 1121/774/1059 1123/775/1060
f 1126/778/1063 1122/733/1001 1121/774/1059
f 1126/778/1063 1121/774/1059 1125/777/1062
f 1125/777/1062 1123/775/1060 1127/779/1064
f 1124/776/1061 1127/779/1064 1123/775/1060
f 1122/733/1001 1126/778/1063 1128/729/1065
f 1125/777/1062 1088/754/1028 1126/778/1063
f 1094/759/1033 1125/777/1062 1127/779/1064
f 1125/777/1062 1094/759/1033 1088/754/1028
f 1129/780/1066 1126/778/1063 1088/754/1028
f 1129/780/1066 1128/729/1065 1126/778/1063
f 1128/729/1065 1129/780/1066 1057/730/998
f 1129/780/1066 1088/754/1028 1074/745/1014
f 1129/780/1066 1074/745/1014 1062/735/1003
f 1057/730/998 1129/780/1066 1062/735/1003
f 1130/781/1067 1131/782/1068 1132/783/1069
f 1132/783/1069 1133/784/1070 1130/781/1067
f 1134/785/1071 1130/781/1067 1133/784/1070
f 1135/786/1072 1130/781/1067 1134/785/1071
f 1136/787/1073 1134/785/1071 1133/784/1070
f 1134/785/1071 1136/787/1073 1137/788/1074
f 1137/788/1074 1135/786/1072 1134/785/1071
f 1135/786/1072 1137/788/1074 1138/789/1075
f 1136/787/1073 1139/790/1076 1137/788/1074
f 1140/791/1077 1137/788/1074 1139/790/1076
f 1140/791/1077 1138/789/1075 1137/788/1074
f 1138/789/1075 1140/791/1077 1141/792/1078
f 1139/790/1076 1142/793/1079 1140/791/1077
f 1142/793/1079 1141/792/1078 1140/791/1077
f 1141/792/1078 1142/793/1079 1143/794/1080
f 1142/793/1079 1139/790/1076 1144/795/1081
f 1144/795/1081 1145/796/1082 1142/793/1079
f 1142/793/1079 1145/796/1082 1143/794/1080
f 1139/790/1076 1146/797/1083 1144/795/1081
f 1146/797/1083 1145/796/1082 1144/795/1081
f 1139/790/1076 1147/798/1084 1146/797/1083
f 1145/796/1082 1146/797/1083 1148/799/1085
f 1149/800/1086 1146/797/1083 1147/798/1084
f 1150/801/1087 1148/799/1085 1146/797/1083
f 1146/797/1083 1149/800/1086 1150/801/1087
f 1151/802/1088 1149/800/1086 1147/798/1084
f 1152/803/1089 1149/800/1086 1151/802/1088
f 1149/800/1086 1153/804/1090 1150/801/1087
f 1152/803/1089 1153/804/1090 1149/800/1086
f 1153/804/1090 1154/805/1091 1150/801/1087
f 1148/799/1085 1150/801/1087 1154/805/1091
f 1155/806/1092 1152/803/1089 1151/802/1088
f 1153/804/1090 1152/803/1089 1156/807/1090
f 1152/803/1089 1155/806/1092 1157/808/1093
f 1157/808/1093 1158/809/1094 1152/803/1089
f 1156/807/1090 1152/803/1089 1158/809/1094
f 1155/806/1092 1159/810/1095 1157/808/1093
f 1159/810/1095 1158/809/1094 1157/808/1093
f 1155/806/1092 1160/811/1096 1159/810/1095
f 1159/810/1095 1160/811/1096 1161/811/1097
f 1162/810/1098 1163/812/1099 1158/809/1100
f 1164/813/1101 1158/809/1100 1163/812/1099
f 1158/809/1100 1164/813/1101 1165/807/1102
f 1166/814/1103 1164/813/1101 1163/812/1099
f 1163/812/1099 1162/810/1098 1166/814/1103
f 1167/804/1102 1165/807/1102 1164/813/1101
f 1164/813/1101 1166/814/1103 1168/815/1104
f 1169/816/1105 1164/813/1101 1168/815/1104
f 1164/813/1101 1169/816/1105 1167/804/1102
f 1166/814/1103 1162/810/1098 1170/811/1106
f 1162/810/1098 1171/811/1107 1170/811/1106
f 1169/816/1105 1168/815/1104 1172/817/1108
f 1172/817/1108 1173/818/1109 1169/816/1105
f 1174/819/1110 1167/804/1102 1169/816/1105
f 1173/818/1109 1174/819/1110 1169/816/1105
f 1167/804/1102 1174/819/1110 1175/805/1111
f 1173/818/1109 1148/799/1085 1174/819/1110
f 1174/819/1110 1148/799/1085 1175/805/1111
f 1173/818/1109 1172/817/1108 1176/820/1112
f 1177/821/1113 1173/818/1109 1176/820/1112
f 1173/818/1109 1178/796/1114 1148/799/1085
f 1177/821/1113 1178/796/1114 1173/818/1109
f 1176/820/1112 1179/822/1115 1177/821/1113
f 1179/822/1115 1178/796/1114 1177/821/1113
f 1178/796/1114 1179/822/1115 1180/794/1116
f 1179/822/1115 1176/820/1112 1181/823/1117
f 1179/822/1115 1182/792/1118 1180/794/1116
f 1182/792/1118 1179/822/1115 1181/823/1117
f 1183/824/1119 1181/823/1117 1176/820/1112
f 1181/823/1117 1184/789/1120 1182/792/1118
f 1184/789/1120 1181/823/1117 1183/824/1119
f 1176/820/1112 1185/825/1121 1183/824/1119
f 1185/825/1121 1186/826/1122 1183/824/1119
f 1184/789/1120 1183/824/1119 1187/786/1123
f 1187/786/1123 1183/824/1119 1186/826/1122
f 1186/826/1122 1185/825/1121 1188/827/1124
f 1186/826/1122 1189/781/1125 1187/786/1123
f 1189/781/1125 1186/826/1122 1188/827/1124
f 1188/827/1124 1190/782/1126 1189/781/1125
f 1189/781/1125 1190/782/1126 1191/782/1127
f 1192/828/1128 1193/829/1129 1194/830/1130
f 1195/831/1131 1192/828/1128 1194/830/1130
f 1196/832/1132 1195/831/1131 1194/830/1130
f 1195/831/1131 1196/832/1132 1197/831/1133
f 1198/831/1134 1192/828/1128 1195/831/1131
f 1195/831/1131 1197/831/1133 1198/831/1134
f 1192/828/1128 1198/831/1134 1199/833/1135
f 1200/834/1136 1197/831/1133 1196/832/1132
f 1197/831/1133 1201/835/1137 1198/831/1134
f 1197/831/1133 1200/834/1136 1201/835/1137
f 1202/836/1138 1198/831/1134 1201/835/1137
f 1203/837/1139 1198/831/1134 1202/836/1138
f 1198/831/1134 1203/837/1139 1199/833/1135
f 1201/835/1137 1200/834/1136 1204/838/1140
f 1201/835/1137 1204/838/1140 1205/836/1141
f 1202/836/1138 1201/835/1137 1205/836/1141
f 1202/836/1138 1206/839/1142 1203/837/1139
f 1205/836/1141 1206/839/1142 1202/836/1138
f 1207/840/1143 1204/838/1140 1200/834/1136
f 1204/838/1140 1208/841/1144 1205/836/1141
f 1208/841/1144 1204/838/1140 1209/842/1145
f 1207/840/1143 1209/842/1145 1204/838/1140
f 1205/836/1141 1210/843/1146 1206/839/1142
f 1210/843/1146 1205/836/1141 1208/841/1144
f 1211/844/1147 1209/842/1145 1207/840/1143
f 1209/842/1145 1212/845/1148 1208/841/1144
f 1209/842/1145 1211/844/1147 1212/845/1148
f 1208/841/1144 1212/845/1148 1213/845/1144
f 1213/845/1144 1210/843/1146 1208/841/1144
f 1210/843/1146 1213/845/1144 1214/846/1146
f 1215/847/1149 1212/845/1148 1211/844/1147
f 1212/845/1148 1215/847/1149 1216/845/1150
f 1032/706/973 1033/704/974 1217/848/1151
f 1031/705/972 1218/849/1152 1033/704/974
f 1219/850/1153 1033/704/974 1218/849/1152
f 1033/704/974 1219/850/1153 1217/848/1151
f 1031/705/972 1220/851/1154 1218/849/1152
f 1221/852/1155 1219/850/1153 1218/849/1152
f 1220/851/1154 1221/852/1155 1218/849/1152
f 1219/850/1153 1221/852/1155 1222/853/1156
f 1221/852/1155 1223/854/1157 1222/853/1156
f 1220/851/1154 1224/855/1158 1221/852/1155
f 1223/854/1157 1221/852/1155 1224/855/1158
f 1225/856/1159 1224/855/1158 1220/851/1154
f 1224/855/1158 1226/857/1160 1223/854/1157
f 1224/855/1158 1225/856/1159 1226/857/1160
f 1223/854/1157 1226/857/1160 1227/858/1161
f 1226/857/1160 1225/856/1159 1228/859/952
f 1227/858/1161 1226/857/1160 1229/860/1162
f 1230/861/1163 1226/857/1160 1228/859/952
f 1230/861/1163 1229/860/1162 1226/857/1160
f 1227/858/1161 1229/860/1162 1231/862/1164
f 1232/863/1165 1229/860/1162 1230/861/1163
f 1229/860/1162 1232/863/1165 1231/862/1164
f 1233/683/1166 1234/864/1167 1235/684/1168
f 1233/683/1166 1236/865/1169 1234/864/1167
f 1237/866/1170 1234/864/1167 1236/865/1169
f 1236/865/1169 1238/867/1171 1237/866/1170
f 1238/867/1171 1236/865/1169 1239/868/1172
f 1233/683/1166 1239/868/1172 1236/865/1169
f 1239/868/1172 1233/683/1166 1240/689/1173
f 1240/689/1173 1241/869/1174 1239/868/1172
f 1242/870/1175 1239/868/1172 1241/869/1174
f 1239/868/1172 1242/870/1175 1238/867/1171
f 1238/867/1171 1242/870/1175 1243/871/1176
f 1241/869/1174 1240/689/1173 1244/693/1177
f 1242/870/1175 1241/869/1174 1245/872/1178
f 1244/693/1177 1245/872/1178 1241/869/1174
f 1245/872/1178 1244/693/1177 1246/695/1179
f 1247/696/1180 1245/872/1178 1246/695/1179
f 1245/872/1178 1247/696/1180 1242/870/1175
f 1242/870/1175 1248/873/1181 1243/871/1176
f 1242/870/1175 1249/698/1182 1248/873/1181
f 1249/698/1182 1242/870/1175 1247/696/1180
f 1250/874/1183 1243/871/1176 1248/873/1181
f 1251/873/1184 1250/874/1183 1248/873/1181
f 1249/698/1182 1251/873/1184 1248/873/1181
f 1251/873/1184 1249/698/1182 1252/700/1185
f 1251/873/1184 1253/875/1186 1250/874/1183
f 1254/876/1187 1253/875/1186 1251/873/1184
f 1251/873/1184 1252/700/1185 1254/876/1187
f 1255/703/1188 1254/876/1187 1252/700/1185
f 1254/876/1187 1255/703/1188 1256/877/1189
f 1254/876/1187 1256/877/1189 1253/875/1186
f 1256/877/1189 1257/878/1190 1253/875/1186
f 1258/706/1191 1256/877/1189 1255/703/1188
f 1257/878/1190 1256/877/1189 1259/877/1192
f 1258/706/1191 1259/877/1192 1256/877/1189
f 1259/877/1192 1258/706/1191 1260/848/1193
f 1259/877/1192 1261/879/1194 1257/878/1190
f 1259/877/1192 1262/850/1195 1261/879/1194
f 1260/848/1193 1262/850/1195 1259/877/1192
f 1263/880/1196 1257/878/1190 1261/879/1194
f 1261/879/1194 1262/850/1195 1264/881/1197
f 1263/880/1196 1261/879/1194 1264/881/1197
f 1265/853/1198 1264/881/1197 1262/850/1195
f 1266/854/1199 1264/881/1197 1265/853/1198
f 1263/880/1196 1264/881/1197 1267/882/1200
f 1264/881/1197 1266/854/1199 1267/882/1200
f 1267/882/1200 1268/883/1201 1263/880/1196
f 1269/884/1202 1267/882/1200 1266/854/1199
f 1268/883/1201 1267/882/1200 1269/884/1202
f 1266/854/1199 1270/858/1203 1269/884/1202
f 1271/885/1170 1268/883/1201 1269/884/1202
f 1269/884/1202 1270/858/1203 1272/886/1204
f 1269/884/1202 1273/887/1205 1271/885/1170
f 1273/887/1205 1269/884/1202 1272/886/1204
f 1272/886/1204 1270/858/1203 1274/862/1206
f 1275/863/1207 1272/886/1204 1274/862/1206
f 1272/886/1204 1275/863/1207 1273/887/1205
f 1276/888/1208 1277/889/1209 1278/890/1210
f 1278/890/1210 1277/889/1209 1279/891/1211
f 1279/891/1211 1280/892/1212 1278/890/1210
f 1280/892/1212 1279/891/1211 1281/893/1213
f 1282/894/1214 1281/893/1213 1279/891/1211
f 1277/889/1209 1283/895/1215 1279/891/1211
f 1279/891/1211 1283/895/1215 1282/894/1214
f 1284/896/1216 1280/892/1212 1281/893/1213
f 1280/892/1212 1284/896/1216 1285/897/1217
f 1281/893/1213 1286/898/1218 1284/896/1216
f 1286/898/1218 1281/893/1213 1287/899/1219
f 1281/893/1213 1282/894/1214 1287/899/1219
f 1283/895/1215 1288/900/1220 1282/894/1214
f 1289/901/1221 1282/894/1214 1288/900/1220
f 1282/894/1214 1289/901/1221 1287/899/1219
f 1289/901/1221 1286/898/1218 1287/899/1219
f 1277/889/1209 1290/902/1222 1283/895/1215
f 1290/902/1222 1291/903/1223 1283/895/1215
f 1288/900/1220 1283/895/1215 1291/903/1223
f 1284/896/1216 1292/904/1224 1285/897/1217
f 1286/898/1218 1293/905/1225 1284/896/1216
f 1293/905/1225 1292/904/1224 1284/896/1216
f 1285/897/1217 1292/904/1224 1294/906/1226
f 1295/907/1227 1294/906/1226 1292/904/1224
f 1295/907/1227 1292/904/1224 1293/905/1225
f 1296/908/1228 1288/900/1220 1291/903/1223
f 1288/900/1220 1297/909/1229 1289/901/1221
f 1297/909/1229 1288/900/1220 1296/908/1228
f 1297/909/1229 1298/910/1230 1289/901/1221
f 1286/898/1218 1289/901/1221 1298/910/1230
f 1293/905/1225 1286/898/1218 1299/911/1231
f 1300/912/1232 1293/905/1225 1299/911/1231
f 1295/907/1227 1293/905/1225 1300/912/1232
f 1295/907/1227 1301/913/1233 1294/906/1226
f 1295/907/1227 1300/912/1232 1302/914/1234
f 1295/907/1227 1302/914/1234 1301/913/1233
f 1301/913/1233 1303/915/1235 1294/906/1226
f 1296/908/1228 1291/903/1223 1304/916/1236
f 1298/910/1230 1297/909/1229 1305/917/1237
f 1306/911/1238 1300/912/1232 1299/911/1231
f 1300/912/1232 1306/911/1238 1307/918/1239
f 1300/912/1232 1307/918/1239 1302/914/1234
f 1298/910/1230 1305/917/1237 1308/919/1240
f 1306/911/1238 1298/910/1230 1308/919/1240
f 1306/911/1238 1286/898/1218 1298/910/1230
f 1286/898/1218 1306/911/1238 1299/911/1231
f 1307/918/1239 1306/911/1238 1308/919/1240
f 1303/915/1235 1301/913/1233 1309/920/1241
f 1309/920/1241 1301/913/1233 1310/921/1242
f 1302/914/1234 1310/921/1242 1301/913/1233
f 1307/918/1239 1311/922/1243 1302/914/1234
f 1302/914/1234 1311/922/1243 1310/921/1242
f 1307/918/1239 1312/923/1244 1311/922/1243
f 1307/918/1239 1308/919/1240 1312/923/1244
f 1305/917/1237 1312/923/1244 1308/919/1240
f 1313/924/1245 1303/915/1235 1309/920/1241
f 1309/920/1241 1314/925/1246 1313/924/1245
f 1314/925/1246 1309/920/1241 1315/926/1247
f 1310/921/1242 1315/926/1247 1309/920/1241
f 1310/921/1242 1316/927/1248 1315/926/1247
f 1316/927/1248 1310/921/1242 1311/922/1243
f 1311/922/1243 1317/928/1249 1316/927/1248
f 1317/928/1249 1311/922/1243 1312/923/1244
f 1314/925/1246 1315/926/1247 1318/929/1250
f 1319/930/1251 1315/926/1247 1316/927/1248
f 1315/926/1247 1319/930/1251 1318/929/1250
f 1319/930/1251 1316/927/1248 1320/931/1252
f 1316/927/1248 1317/928/1249 1320/931/1252
f 1321/932/1253 1314/925/1246 1318/929/1250
f 1318/929/1250 1319/930/1251 1321/932/1253
f 1322/933/1254 1313/924/1245 1314/925/1246
f 1314/925/1246 1321/932/1253 1322/933/1254
f 1323/934/1255 1313/924/1245 1322/933/1254
f 1324/935/1256 1319/930/1251 1320/931/1252
f 1324/935/1256 1321/932/1253 1319/930/1251
f 1320/931/1252 1325/936/1257 1324/935/1256
f 1322/933/1254 1326/937/1258 1323/934/1255
f 1326/937/1258 1322/933/1254 1327/938/1259
f 1328/939/1260 1327/938/1259 1322/933/1254
f 1321/932/1253 1328/939/1260 1322/933/1254
f 1328/939/1260 1321/932/1253 1329/940/1261
f 1321/932/1253 1330/941/1262 1329/940/1261
f 1330/941/1262 1321/932/1253 1324/935/1256
f 1329/940/1261 1331/942/1263 1328/939/1260
f 1330/941/1262 1331/942/1263 1329/940/1261
f 1332/943/1264 1327/938/1259 1328/939/1260
f 1331/942/1263 1332/943/1264 1328/939/1260
f 1330/941/1262 1324/935/1256 1333/944/1265
f 1333/944/1265 1334/945/1266 1330/941/1262
f 1331/942/1263 1330/941/1262 1334/945/1266
f 1327/938/1259 1332/943/1264 1335/946/1267
f 1334/945/1266 1333/944/1265 1336/947/1268
f 1337/948/1269 1332/943/1264 1331/942/1263
f 1331/942/1263 1338/949/1218 1337/948/1269
f 1331/942/1263 1339/950/1270 1338/949/1218
f 1339/950/1270 1331/942/1263 1334/945/1266
f 1340/951/1271 1335/946/1267 1332/943/1264
f 1332/943/1264 1341/952/1272 1340/951/1271
f 1332/943/1264 1337/948/1269 1341/952/1272
f 1338/949/1218 1342/953/1273 1337/948/1269
f 1339/950/1270 1342/953/1273 1338/949/1218
f 1337/948/1269 1343/954/1274 1341/952/1272
f 1342/953/1273 1343/954/1274 1337/948/1269
f 1344/955/1275 1334/945/1266 1336/947/1268
f 1334/945/1266 1344/955/1275 1345/956/1276
f 1334/945/1266 1345/956/1276 1339/950/1270
f 1339/950/1270 1345/956/1276 1346/957/1277
f 1342/953/1273 1339/950/1270 1346/957/1277
f 1340/951/1271 1341/952/1272 1347/958/1278
f 1341/952/1272 1343/954/1274 1348/959/1279
f 1348/959/1279 1347/958/1278 1341/952/1272
f 1344/955/1275 1349/960/1280 1345/956/1276
f 1346/957/1277 1345/956/1276 1350/961/1281
f 1349/960/1280 1350/961/1281 1345/956/1276
f 1343/954/1274 1342/953/1273 1351/962/1282
f 1342/953/1273 1352/963/1283 1351/962/1282
f 1342/953/1273 1353/964/1284 1352/963/1283
f 1346/957/1277 1353/964/1284 1342/953/1273
f 1343/954/1274 1354/965/1285 1348/959/1279
f 1354/965/1285 1343/954/1274 1355/966/1286
f 1343/954/1274 1351/962/1282 1355/966/1286
f 1350/961/1281 1356/967/1287 1346/957/1277
f 1346/957/1277 1356/967/1287 1357/968/1288
f 1353/964/1284 1346/957/1277 1357/968/1288
f 1358/969/1289 1351/962/1282 1352/963/1283
f 1351/962/1282 1358/969/1289 1355/966/1286
f 1354/965/1285 1355/966/1286 1358/969/1289
f 1359/970/1290 1353/964/1284 1357/968/1288
f 1353/964/1284 1359/970/1290 1352/963/1283
f 1357/968/1288 1356/967/1287 1359/970/1290
f 1360/971/1291 1348/959/1279 1354/965/1285
f 1350/961/1281 1361/972/1292 1356/967/1287
f 1358/969/1289 1352/963/1283 1362/973/1293
f 1362/973/1293 1352/963/1283 1363/974/1294
f 1364/975/1295 1363/974/1294 1352/963/1283
f 1352/963/1283 1359/970/1290 1364/975/1295
f 1358/969/1289 1365/976/1296 1354/965/1285
f 1365/976/1296 1358/969/1289 1362/973/1293
f 1366/977/1297 1354/965/1285 1365/976/1296
f 1367/978/1298 1354/965/1285 1366/977/1297
f 1367/978/1298 1360/971/1291 1354/965/1285
f 1364/975/1295 1359/970/1290 1368/979/1299
f 1368/979/1299 1359/970/1290 1356/967/1287
f 1363/974/1294 1369/980/1300 1362/973/1293
f 1364/975/1295 1369/980/1300 1363/974/1294
f 1362/973/1293 1370/981/1301 1365/976/1296
f 1370/981/1301 1362/973/1293 1369/980/1300
f 1370/981/1301 1369/980/1300 1364/975/1295
f 1370/981/1301 1364/975/1295 1368/979/1299
f 1365/976/1296 1371/982/1302 1366/977/1297
f 1371/982/1302 1365/976/1296 1370/981/1301
f 1372/983/1303 1360/971/1291 1367/978/1298
f 1370/981/1301 1368/979/1299 1371/982/1302
f 1373/984/1304 1367/978/1298 1366/977/1297
f 1371/982/1302 1373/984/1304 1366/977/1297
f 1373/984/1304 1374/985/1305 1367/978/1298
f 1374/985/1305 1372/983/1303 1367/978/1298
f 1375/986/1306 1374/985/1305 1373/984/1304
f 1375/986/1306 1373/984/1304 1376/987/1307
f 1373/984/1304 1371/982/1302 1376/987/1307
f 1374/985/1305 1375/986/1306 1377/988/1308
f 1377/988/1308 1372/983/1303 1374/985/1305
f 1368/979/1299 1378/989/1309 1371/982/1302
f 1371/982/1302 1379/990/1310 1376/987/1307
f 1379/990/1310 1371/982/1302 1378/989/1309
f 1356/967/1287 1378/989/1309 1368/979/1299
f 1372/983/1303 1377/988/1308 1380/991/1311
f 1381/992/1312 1378/989/1309 1356/967/1287
f 1378/989/1309 1381/992/1312 1379/990/1310
f 1375/986/1306 1376/987/1307 1382/993/1313
f 1383/994/1314 1376/987/1307 1379/990/1310
f 1376/987/1307 1383/994/1314 1382/993/1313
f 1384/995/1315 1379/990/1310 1381/992/1312
f 1384/995/1315 1383/994/1314 1379/990/1310
f 1385/996/1316 1377/988/1308 1375/986/1306
f 1375/986/1306 1386/997/1317 1385/996/1316
f 1386/997/1317 1375/986/1306 1382/993/1313
f 1377/988/1308 1385/996/1316 1387/998/1318
f 1212/845/1148 1216/845/1150 1213/845/1144
f 1213/845/1144 1216/845/1150 1388/999/1319
f 1388/999/1319 1214/846/1146 1213/845/1144
f 1214/846/1146 1388/999/1319 1389/846/1320
f 1216/845/1150 1390/1000/1321 1388/999/1319
f 1390/1000/1321 1216/845/1150 1391/1001/1322
f 1391/1001/1322 1216/845/1150 1215/847/1149
f 1392/1000/1323 1388/999/1319 1390/1000/1321
f 1392/1000/1323 1389/846/1320 1388/999/1319
f 1393/1002/1324 1391/1001/1322 1215/847/1149
f 1389/846/1320 1392/1000/1323 1394/1003/1325
f 1395/1001/1326 1390/1000/1321 1391/1001/1322
f 1392/1000/1323 1390/1000/1321 1396/1000/1327
f 1390/1000/1321 1395/1001/1326 1396/1000/1327
f 1391/1001/1322 1393/1002/1324 1397/1004/1328
f 1391/1001/1322 1397/1004/1328 1395/1001/1326
f 1392/1000/1323 1398/1005/1329 1394/1003/1325
f 1398/1005/1329 1392/1000/1323 1396/1000/1327
f 1397/1004/1328 1399/1006/1330 1395/1001/1326
f 1396/1000/1327 1395/1001/1326 1399/1006/1330
f 1400/1007/1331 1398/1005/1329 1396/1000/1327
f 1400/1007/1331 1396/1000/1327 1399/1006/1330
f 1401/1008/1332 1397/1004/1328 1393/1002/1324
f 1399/1006/1330 1397/1004/1328 1402/1009/1333
f 1397/1004/1328 1401/1008/1332 1402/1009/1333
f 1402/1009/1333 1403/1006/1334 1399/1006/1330
f 1403/1006/1334 1400/1007/1331 1399/1006/1330
f 1401/1008/1332 1404/1009/1335 1402/1009/1333
f 1403/1006/1334 1402/1009/1333 1404/1009/1335
f 1400/1007/1331 1403/1006/1334 1405/1007/1336
f 1404/1009/1335 1401/1008/1332 1406/1010/1337
f 1404/1009/1335 1407/1011/1338 1403/1006/1334
f 1408/1012/1339 1405/1007/1336 1403/1006/1334
f 1403/1006/1334 1407/1011/1338 1408/1012/1339
f 1409/1013/1340 1404/1009/1335 1406/1010/1337
f 1409/1013/1340 1407/1011/1338 1404/1009/1335
f 1405/1007/1336 1408/1012/1339 1410/1014/1341
f 1408/1012/1339 1407/1011/1338 1411/1012/1342
f 1411/1012/1342 1410/1014/1341 1408/1012/1339
f 1412/1013/1343 1407/1011/1338 1409/1013/1340
f 1407/1011/1338 1412/1013/1343 1411/1012/1342
f 1409/1013/1340 1406/1010/1337 1413/1013/1344
f 1409/1013/1340 1413/1013/1344 1412/1013/1343
f 1414/1015/1345 1413/1013/1344 1406/1010/1337
f 1410/1014/1341 1411/1012/1342 1415/1014/1346
f 1415/1014/1346 1411/1012/1342 1416/1016/1347
f 1412/1013/1343 1416/1016/1347 1411/1012/1342
f 1413/1013/1344 1417/1017/1348 1412/1013/1343
f 1417/1017/1348 1416/1016/1347 1412/1013/1343
f 1417/1017/1348 1413/1013/1344 1418/1017/1349
f 1418/1017/1349 1413/1013/1344 1414/1015/1345
f 1414/1015/1345 1419/1018/1350 1418/1017/1349
f 1416/1016/1347 1417/1017/1348 1420/1019/1351
f 1417/1017/1348 1418/1017/1349 1421/1020/1352
f 1421/1020/1352 1420/1019/1351 1417/1017/1348
f 1418/1017/1349 1419/1018/1350 1422/1020/1353
f 1421/1020/1352 1418/1017/1349 1422/1020/1353
f 1423/1021/1354 1422/1020/1353 1419/1018/1350
f 1420/1019/1351 1421/1020/1352 1424/1022/1355
f 1422/1020/1353 1425/1023/1352 1421/1020/1352
f 1425/1023/1352 1424/1022/1355 1421/1020/1352
f 1425/1023/1352 1422/1020/1353 1426/1024/1356
f 1426/1024/1356 1422/1020/1353 1423/1021/1354
f 1423/1021/1354 1427/1025/1357 1426/1024/1356
f 1425/1023/1352 1426/1024/1356 1428/1026/1358
f 1428/1026/1358 1426/1024/1356 1427/1025/1357
f 1429/1027/1359 1424/1022/1355 1425/1023/1352
f 1428/1026/1358 1429/1027/1359 1425/1023/1352
f 1427/1025/1357 1430/1028/1360 1428/1026/1358
f 1428/1026/1358 1430/1028/1360 1431/1028/1361
f 1432/828/1362 1433/1029/1363 1434/829/1363
f 1433/1029/1363 1432/828/1362 1435/1030/1364
f 1435/1030/1364 1432/828/1362 1436/1030/1365
f 1437/833/1366 1436/1030/1365 1432/828/1362
f 1438/837/1367 1436/1030/1365 1437/833/1366
f 1436/1030/1365 1438/837/1367 1439/1031/1368
f 1440/839/1369 1439/1031/1368 1438/837/1367
f 1439/1031/1368 1440/839/1369 1441/1031/1370
f 1442/843/1146 1441/1031/1370 1440/839/1369
f 1441/1031/1370 1442/843/1146 1443/1032/1146
f 1442/843/1146 1444/1033/1146 1443/1032/1146
f 1444/1033/1146 1442/843/1146 1445/846/1146
f 1444/1033/1146 1445/846/1146 1446/1034/1371
f 1447/846/1372 1446/1034/1371 1445/846/1146
f 1446/1034/1371 1447/846/1372 1448/1035/1373
f 1448/1035/1373 1447/846/1372 1449/1003/1374
f 1450/1005/1375 1448/1035/1373 1449/1003/1374
f 1448/1035/1373 1450/1005/1375 1451/1035/1376
f 1452/1007/1377 1451/1035/1376 1450/1005/1375
f 1451/1035/1376 1452/1007/1377 1453/1036/1378
f 1451/1035/1376 1453/1036/1378 1454/1037/1379
f 1453/1036/1378 1452/1007/1377 1455/1036/1380
f 1455/1036/1380 1452/1007/1377 1456/1007/1381
f 1455/1036/1380 1456/1007/1381 1457/1038/1382
f 1457/1038/1382 1456/1007/1381 1458/1014/1383
f 1458/1014/1383 1459/1038/1384 1457/1038/1382
f 1459/1038/1384 1458/1014/1383 1460/1014/1385
f 1461/1016/1386 1459/1038/1384 1460/1014/1385
f 1459/1038/1384 1461/1016/1386 1462/1039/1387
f 1463/1040/1386 1462/1039/1387 1461/1016/1386
f 1461/1016/1386 1464/1019/1388 1463/1040/1386
f 1463/1040/1386 1464/1019/1388 1465/1040/1389
f 1466/1022/1390 1465/1040/1389 1464/1019/1388
f 1467/1041/1391 1465/1040/1389 1466/1022/1390
f 1466/1022/1390 1468/1027/1392 1467/1041/1391
f 1469/1026/1393 1467/1041/1391 1468/1027/1392
f 1470/1026/1394 1471/1028/1395 1472/1042/1396
f 1472/1042/1396 1473/1043/1397 1470/1026/1394
f 1474/1044/1398 1470/1026/1394 1473/1043/1397
f 1475/1041/1399 1470/1026/1394 1474/1044/1398
f 1473/1043/1397 1476/1045/1400 1474/1044/1398
f 1474/1044/1398 1477/1046/1401 1475/1041/1399
f 1477/1046/1401 1474/1044/1398 1476/1045/1400
f 1478/1040/1402 1475/1041/1399 1477/1046/1401
f 1477/1046/1401 1476/1045/1400 1479/1047/1403
f 1479/1047/1403 1480/1048/1404 1477/1046/1401
f 1478/1040/1402 1477/1046/1401 1480/1048/1404
f 1481/1040/1405 1478/1040/1402 1480/1048/1404
f 1479/1047/1403 1482/1049/1406 1480/1048/1404
f 1483/1050/1407 1481/1040/1405 1480/1048/1404
f 1483/1050/1407 1480/1048/1404 1482/1049/1406
f 1481/1040/1405 1483/1050/1407 1484/1039/1408
f 1485/1051/1409 1483/1050/1407 1482/1049/1406
f 1483/1050/1407 1485/1051/1409 1486/1050/1410
f 1486/1050/1410 1484/1039/1408 1483/1050/1407
f 1487/1038/1411 1484/1039/1408 1486/1050/1410
f 1486/1050/1410 1488/1036/1412 1487/1038/1411
f 1486/1050/1410 1485/1051/1409 1488/1036/1412
f 1484/1039/1408 1487/1038/1411 1489/1038/1413
f 1488/1036/1412 1485/1051/1409 1490/1052/1414
f 1491/1036/1415 1487/1038/1411 1488/1036/1412
f 1487/1038/1411 1491/1036/1415 1492/1038/1416
f 1492/1038/1416 1489/1038/1413 1487/1038/1411
f 1490/1052/1414 1493/1036/1417 1488/1036/1412
f 1493/1036/1417 1491/1036/1415 1488/1036/1412
f 1491/1036/1415 1493/1036/1417 1494/1036/1418
f 1495/1037/1419 1494/1036/1418 1493/1036/1417
f 1490/1052/1414 1495/1037/1419 1493/1036/1417
f 1495/1037/1419 1490/1052/1414 1496/1053/1420
f 1494/1036/1418 1495/1037/1419 1497/1037/1421
f 1496/1053/1420 1498/1037/1422 1495/1037/1419
f 1498/1037/1422 1497/1037/1421 1495/1037/1419
f 1498/1037/1422 1496/1053/1420 1499/1054/1423
f 1500/1035/1424 1497/1037/1421 1498/1037/1422
f 1500/1035/1424 1498/1037/1422 1501/1055/1425
f 1498/1037/1422 1499/1054/1423 1501/1055/1425
f 1497/1037/1421 1500/1035/1424 1502/1035/1426
f 1500/1035/1424 1501/1055/1425 1503/1034/1427
f 1504/1035/1428 1502/1035/1426 1500/1035/1424
f 1503/1034/1427 1504/1035/1428 1500/1035/1424
f 1499/1054/1423 1505/1056/1429 1501/1055/1425
f 1506/1033/1430 1503/1034/1427 1501/1055/1425
f 1505/1056/1429 1506/1033/1430 1501/1055/1425
f 1505/1056/1429 1499/1054/1423 1507/1057/1431
f 1508/1032/1432 1506/1033/1430 1505/1056/1429
f 1509/1058/1433 1505/1056/1429 1507/1057/1431
f 1508/1032/1432 1505/1056/1429 1509/1058/1433
f 1507/1057/1431 1510/1059/1434 1509/1058/1433
f 1511/1060/1435 1508/1032/1432 1509/1058/1433
f 1510/1059/1434 1511/1060/1435 1509/1058/1433
f 1508/1032/1432 1511/1060/1435 1512/1031/1436
f 1511/1060/1435 1510/1059/1434 1513/1061/1437
f 1513/1061/1437 1514/1031/1438 1511/1060/1435
f 1511/1060/1435 1514/1031/1438 1512/1031/1436
f 1515/1031/1439 1512/1031/1436 1514/1031/1438
f 1516/1030/1440 1515/1031/1439 1514/1031/1438
f 1513/1061/1437 1517/1062/1441 1514/1031/1438
f 1514/1031/1438 1517/1062/1441 1516/1030/1440
f 1513/1061/1437 1518/1063/1442 1517/1062/1441
f 1518/1063/1442 1519/1030/1443 1517/1062/1441
f 1519/1030/1443 1516/1030/1440 1517/1062/1441
f 1519/1030/1443 1518/1063/1442 1520/1029/1444
f 1521/1064/1445 1522/1065/1446 1523/1064/1447
f 1523/1064/1447 1522/1065/1446 1524/1065/1448
f 1524/1065/1448 1522/1065/1446 1525/1066/1449
f 1525/1066/1449 1526/1067/1450 1524/1065/1448
f 1527/1068/1451 1523/1064/1447 1524/1065/1448
f 1527/1068/1451 1524/1065/1448 1526/1067/1450
f 1523/1064/1447 1527/1068/1451 1528/1064/1452
f 1526/1067/1450 1525/1066/1449 1529/1069/1453
f 1530/1069/1454 1527/1068/1451 1526/1067/1450
f 1530/1069/1454 1526/1067/1450 1529/1069/1453
f 1531/1070/1455 1528/1064/1452 1527/1068/1451
f 1531/1070/1455 1527/1068/1451 1532/1071/1456
f 1527/1068/1451 1530/1069/1454 1532/1071/1456
f 1531/1070/1455 1533/1072/1457 1528/1064/1452
f 1529/1069/1453 1534/1073/1458 1530/1069/1454
f 1535/1074/1459 1530/1069/1454 1534/1073/1458
f 1530/1069/1454 1535/1074/1459 1532/1071/1456
f 1536/1075/1460 1531/1070/1455 1532/1071/1456
f 1536/1075/1460 1532/1071/1456 1535/1074/1459
f 1531/1070/1455 1536/1075/1460 1537/1075/1461
f 1533/1072/1457 1531/1070/1455 1537/1075/1461
f 1534/1073/1458 1529/1069/1453 1538/1073/1462
f 1536/1075/1460 1539/1076/1463 1537/1075/1461
f 1539/1076/1463 1533/1072/1457 1537/1075/1461
f 1533/1072/1457 1539/1076/1463 1540/1077/1464
f 1541/1078/1465 1534/1073/1458 1538/1073/1462
f 1534/1073/1458 1542/1079/1466 1535/1074/1459
f 1534/1073/1458 1541/1078/1465 1542/1079/1466
f 1539/1076/1463 1536/1075/1460 1543/1076/1467
f 1543/1076/1467 1536/1075/1460 1544/1080/1468
f 1536/1075/1460 1535/1074/1459 1544/1080/1468
f 1543/1076/1467 1545/1081/1469 1539/1076/1463
f 1545/1081/1469 1540/1077/1464 1539/1076/1463
f 1535/1074/1459 1542/1079/1466 1546/1082/1470
f 1535/1074/1459 1546/1082/1470 1547/1083/1471
f 1544/1080/1468 1535/1074/1459 1547/1083/1471
f 1540/1077/1464 1545/1081/1469 1548/1084/1472
f 1542/1079/1466 1549/1082/1473 1546/1082/1470
f 1542/1079/1466 1541/1078/1465 1550/1079/1474
f 1549/1082/1473 1542/1079/1466 1550/1079/1474
f 1551/1082/1475 1547/1083/1471 1546/1082/1470
f 1551/1082/1475 1546/1082/1470 1549/1082/1473
f 1552/1085/1476 1550/1079/1474 1541/1078/1465
f 1545/1081/1469 1543/1076/1467 1553/1081/1477
f 1553/1081/1477 1543/1076/1467 1554/1086/1478
f 1543/1076/1467 1544/1080/1468 1554/1086/1478
f 1547/1083/1471 1555/1087/1479 1544/1080/1468
f 1554/1086/1478 1544/1080/1468 1555/1087/1479
f 1556/1081/1480 1548/1084/1472 1545/1081/1469
f 1545/1081/1469 1553/1081/1477 1557/1081/1481
f 1545/1081/1469 1557/1081/1481 1556/1081/1480
f 1550/1079/1474 1552/1085/1476 1558/1085/1482
f 1549/1082/1473 1550/1079/1474 1558/1085/1482
f 1547/1083/1471 1559/1087/1483 1555/1087/1479
f 1547/1083/1471 1551/1082/1475 1560/1083/1484
f 1559/1087/1483 1547/1083/1471 1560/1083/1484
f 1561/1088/1485 1557/1081/1481 1553/1081/1477
f 1553/1081/1477 1554/1086/1478 1561/1088/1485
f 1561/1088/1485 1554/1086/1478 1562/1089/1486
f 1554/1086/1478 1555/1087/1479 1562/1089/1486
f 1555/1087/1479 1563/1089/1487 1562/1089/1486
f 1563/1089/1487 1555/1087/1479 1559/1087/1483
f 1558/1085/1482 1552/1085/1476 1564/1090/1488
f 1551/1082/1475 1565/1091/1489 1560/1083/1484
f 1565/1091/1489 1559/1087/1483 1560/1083/1484
f 1559/1087/1483 1565/1091/1489 1566/1092/1490
f 1566/1092/1490 1563/1089/1487 1559/1087/1483
f 1557/1081/1481 1561/1088/1485 1567/1088/1491
f 1567/1088/1491 1568/1093/1492 1557/1081/1481
f 1557/1081/1481 1568/1093/1492 1556/1081/1480
f 1561/1088/1485 1562/1089/1486 1569/1089/1493
f 1561/1088/1485 1569/1089/1493 1567/1088/1491
f 1563/1089/1487 1569/1089/1493 1562/1089/1486
f 1563/1089/1487 1566/1092/1490 1570/1094/1494
f 1570/1094/1494 1571/1089/1495 1563/1089/1487
f 1563/1089/1487 1571/1089/1495 1569/1089/1493
f 1572/1095/1496 1569/1089/1493 1571/1089/1495
f 1572/1095/1496 1567/1088/1491 1569/1089/1493
f 1568/1093/1492 1567/1088/1491 1573/1096/1491
f 1567/1088/1491 1572/1095/1496 1573/1096/1491
f 1571/1089/1495 1570/1094/1494 1574/1097/1497
f 1571/1089/1495 1575/1095/1498 1572/1095/1496
f 1575/1095/1498 1571/1089/1495 1574/1097/1497
f 1576/1098/1499 1572/1095/1496 1575/1095/1498
f 1387/998/1318 1380/991/1311 1377/988/1308
f 1383/994/1314 1386/997/1317 1382/993/1313
f 1381/992/1312 1356/967/1287 1361/972/1292
f 1577/1099/1500 1381/992/1312 1361/972/1292
f 1384/995/1315 1381/992/1312 1577/1099/1500
f 1383/994/1314 1384/995/1315 1578/1100/1501
f 1577/1099/1500 1578/1100/1501 1384/995/1315
f 1578/1100/1501 1579/1101/1502 1383/994/1314
f 1386/997/1317 1383/994/1314 1579/1101/1502
f 1580/1102/1503 1380/991/1311 1387/998/1318
f 1387/998/1318 1385/996/1316 1581/998/1504
f 1581/998/1504 1580/1102/1503 1387/998/1318
f 1386/997/1317 1582/1103/1505 1385/996/1316
f 1582/1103/1505 1581/998/1504 1385/996/1316
f 1386/997/1317 1583/1104/1506 1582/1103/1505
f 1386/997/1317 1584/1105/1507 1583/1104/1506
f 1584/1105/1507 1386/997/1317 1579/1101/1502
f 1585/1106/1508 1581/998/1504 1582/1103/1505
f 1585/1106/1508 1582/1103/1505 1583/1104/1506
f 1578/1100/1501 1577/1099/1500 1586/1107/1509
f 1579/1101/1502 1578/1100/1501 1587/1108/1510
f 1587/1108/1510 1578/1100/1501 1586/1107/1509
f 1579/1101/1502 1587/1108/1510 1588/1109/1511
f 1579/1101/1502 1588/1109/1511 1584/1105/1507
f 1588/1109/1511 1589/1110/1512 1584/1105/1507
f 1589/1110/1512 1583/1104/1506 1584/1105/1507
f 1590/1111/1513 1585/1106/1508 1583/1104/1506
f 1590/1111/1513 1583/1104/1506 1589/1110/1512
f 1580/1102/1503 1581/998/1504 1591/1112/1514
f 1592/1113/1515 1588/1109/1511 1587/1108/1510
f 1586/1107/1509 1592/1113/1515 1587/1108/1510
f 1581/998/1504 1585/1106/1508 1593/1114/1516
f 1590/1111/1513 1594/1115/1517 1585/1106/1508
f 1585/1106/1508 1594/1115/1517 1593/1114/1516
f 1589/1110/1512 1588/1109/1511 1595/1116/1518
f 1590/1111/1513 1589/1110/1512 1596/1117/1519
f 1589/1110/1512 1595/1116/1518 1596/1117/1519
f 1597/1118/1520 1594/1115/1517 1590/1111/1513
f 1596/1117/1519 1597/1118/1520 1590/1111/1513
f 1598/1119/1521 1593/1114/1516 1594/1115/1517
f 1594/1115/1517 1597/1118/1520 1598/1119/1521
f 1595/1116/1518 1599/1120/1522 1596/1117/1519
f 1597/1118/1520 1596/1117/1519 1599/1120/1522
f 1588/1109/1511 1592/1113/1515 1600/1113/1523
f 1595/1116/1518 1588/1109/1511 1601/1121/1523
f 1599/1120/1522 1595/1116/1518 1602/1122/1524
f 1601/1121/1523 1603/1123/1525 1595/1116/1518
f 1603/1123/1525 1602/1122/1524 1595/1116/1518
f 1604/1124/1526 1599/1120/1522 1602/1122/1524
f 1605/1125/1527 1597/1118/1520 1599/1120/1522
f 1599/1120/1522 1604/1124/1526 1605/1125/1527
f 1598/1119/1521 1597/1118/1520 1606/1126/1528
f 1606/1126/1528 1597/1118/1520 1607/1127/1529
f 1597/1118/1520 1605/1125/1527 1607/1127/1529
f 1608/1128/1530 1605/1125/1527 1604/1124/1526
f 1608/1128/1530 1607/1127/1529 1605/1125/1527
f 1602/1122/1524 1603/1123/1525 1609/1129/1531
f 1609/1129/1531 1610/1130/1532 1602/1122/1524
f 1604/1124/1526 1602/1122/1524 1610/1130/1532
f 1611/1131/1533 1608/1128/1530 1604/1124/1526
f 1611/1131/1533 1604/1124/1526 1610/1130/1532
f 1612/1132/1534 1598/1119/1521 1606/1126/1528
f 1606/1126/1528 1607/1127/1529 1613/1133/1535
f 1613/1133/1535 1612/1132/1534 1606/1126/1528
f 1607/1127/1529 1614/1134/1536 1613/1133/1535
f 1607/1127/1529 1608/1128/1530 1614/1134/1536
f 1608/1128/1530 1611/1131/1533 1615/1135/1537
f 1616/1136/1538 1608/1128/1530 1615/1135/1537
f 1616/1136/1538 1614/1134/1536 1608/1128/1530
f 1615/1135/1537 1617/1137/1539 1616/1136/1538
f 1611/1131/1533 1617/1137/1539 1615/1135/1537
f 1618/1138/1540 1616/1136/1538 1617/1137/1539
f 1618/1138/1540 1614/1134/1536 1616/1136/1538
f 1618/1138/1540 1619/1139/1541 1614/1134/1536
f 1619/1139/1541 1613/1133/1535 1614/1134/1536
f 1613/1133/1535 1620/1140/1542 1612/1132/1534
f 1619/1139/1541 1621/1141/1543 1613/1133/1535
f 1620/1140/1542 1613/1133/1535 1621/1141/1543
f 1621/1141/1543 1619/1139/1541 1622/1142/1544
f 1618/1138/1540 1622/1142/1544 1619/1139/1541
f 1622/1142/1544 1620/1140/1542 1621/1141/1543
f 1623/1143/1545 1622/1142/1544 1618/1138/1540
f 1623/1143/1545 1618/1138/1540 1617/1137/1539
f 1617/1137/1539 1611/1131/1533 1624/1144/1546
f 1617/1137/1539 1624/1144/1546 1623/1143/1545
f 1620/1140/1542 1622/1142/1544 1625/1145/1547
f 1622/1142/1544 1623/1143/1545 1625/1145/1547
f 1626/1146/1548 1625/1145/1547 1623/1143/1545
f 1626/1146/1548 1623/1143/1545 1624/1144/1546
f 1625/1145/1547 1627/1147/1549 1620/1140/1542
f 1627/1147/1549 1625/1145/1547 1628/1148/1550
f 1625/1145/1547 1626/1146/1548 1628/1148/1550
f 1629/1149/1551 1628/1148/1550 1626/1146/1548
f 1630/1150/1552 1629/1149/1551 1626/1146/1548
f 1626/1146/1548 1624/1144/1546 1630/1150/1552
f 1631/1151/1553 1627/1147/1549 1628/1148/1550
f 1628/1148/1550 1629/1149/1551 1631/1151/1553
f 1627/1147/1549 1631/1151/1553 1632/1152/1554
f 1629/1149/1551 1633/1153/1555 1631/1151/1553
f 1634/1154/1556 1633/1153/1555 1629/1149/1551
f 1630/1150/1552 1634/1154/1556 1629/1149/1551
f 1624/1144/1546 1635/1155/1557 1630/1150/1552
f 1635/1155/1557 1634/1154/1556 1630/1150/1552
f 1635/1155/1557 1624/1144/1546 1611/1131/1533
f 1636/1156/1558 1632/1152/1554 1631/1151/1553
f 1636/1156/1558 1631/1151/1553 1633/1153/1555
f 1632/1152/1554 1636/1156/1558 1637/1157/1559
f 1636/1156/1558 1633/1153/1555 1638/1158/1560
f 1633/1153/1555 1639/1159/1561 1638/1158/1560
f 1639/1159/1561 1633/1153/1555 1634/1154/1556
f 1634/1154/1556 1635/1155/1557 1640/1160/1562
f 1640/1160/1562 1639/1159/1561 1634/1154/1556
f 1641/1161/1563 1636/1156/1558 1638/1158/1560
f 1641/1161/1563 1638/1158/1560 1639/1159/1561
f 1642/1162/1564 1637/1157/1559 1636/1156/1558
f 1636/1156/1558 1641/1161/1563 1642/1162/1564
f 1637/1157/1559 1642/1162/1564 1643/1163/1565
f 1639/1159/1561 1640/1160/1562 1644/1164/1566
f 1644/1164/1566 1645/1165/1567 1639/1159/1561
f 1641/1161/1563 1639/1159/1561 1645/1165/1567
f 1642/1162/1564 1646/1166/1568 1643/1163/1565
f 1646/1166/1568 1642/1162/1564 1647/1167/1569
f 1647/1167/1569 1642/1162/1564 1641/1161/1563
f 1647/1167/1569 1641/1161/1563 1648/1168/1302
f 1641/1161/1563 1649/1169/1570 1648/1168/1302
f 1649/1169/1570 1641/1161/1563 1645/1165/1567
f 1645/1165/1567 1644/1164/1566 1650/1170/1571
f 1651/1171/1572 1645/1165/1567 1650/1170/1571
f 1645/1165/1567 1651/1171/1572 1649/1169/1570
f 1647/1167/1569 1652/1172/1573 1646/1166/1568
f 1652/1172/1573 1647/1167/1569 1653/1173/1574
f 1648/1168/1302 1653/1173/1574 1647/1167/1569
f 1653/1173/1574 1648/1168/1302 1654/1174/1575
f 1655/1175/1576 1648/1168/1302 1649/1169/1570
f 1648/1168/1302 1655/1175/1576 1654/1174/1575
f 1656/1176/1577 1655/1175/1576 1649/1169/1570
f 1656/1176/1577 1649/1169/1570 1651/1171/1572
f 1654/1174/1575 1657/1177/1578 1653/1173/1574
f 1655/1175/1576 1657/1177/1578 1654/1174/1575
f 1658/1178/1579 1653/1173/1574 1657/1177/1578
f 1653/1173/1574 1658/1178/1579 1652/1172/1573
f 1655/1175/1576 1659/1179/1580 1657/1177/1578
f 1659/1179/1580 1655/1175/1576 1656/1176/1577
f 1657/1177/1578 1660/1180/1581 1658/1178/1579
f 1657/1177/1578 1659/1179/1580 1661/1181/1582
f 1662/1180/1583 1660/1180/1581 1657/1177/1578
f 1663/1182/1584 1657/1177/1578 1661/1181/1582
f 1620/1140/1542 1664/1183/1585 1612/1132/1534
f 1612/1132/1534 1664/1183/1585 1665/1184/1586
f 1664/1183/1585 1666/1185/1587 1665/1184/1586
f 1598/1119/1521 1612/1132/1534 1665/1184/1586
f 1593/1114/1516 1598/1119/1521 1665/1184/1586
f 1667/1186/1588 1665/1184/1586 1666/1185/1587
f 1665/1184/1586 1667/1186/1588 1593/1114/1516
f 1668/1187/1514 1593/1114/1516 1667/1186/1588
f 1593/1114/1516 1668/1187/1514 1581/998/1504
f 1669/1188/1589 1670/1189/1590 1277/889/1209
f 1670/1189/1590 1671/1190/1591 1277/889/1209
f 1672/1191/1592 1671/1190/1591 1670/1189/1590
f 1671/1190/1591 1290/902/1222 1277/889/1209
f 1671/1190/1591 1672/1191/1592 1673/1192/1593
f 1673/1192/1593 1290/902/1222 1671/1190/1591
f 1672/1191/1592 1674/1193/1594 1673/1192/1593
f 1672/1191/1592 1675/1194/1595 1674/1193/1594
f 1290/902/1222 1673/1192/1593 1676/1195/1596
f 1673/1192/1593 1677/1196/1597 1676/1195/1596
f 1673/1192/1593 1674/1193/1594 1677/1196/1597
f 1290/902/1222 1676/1195/1596 1678/1197/1598
f 1677/1196/1597 1678/1197/1598 1676/1195/1596
f 1674/1193/1594 1675/1194/1595 1679/1198/1599
f 1679/1198/1599 1680/1199/1600 1674/1193/1594
f 1677/1196/1597 1674/1193/1594 1680/1199/1600
f 1680/1199/1600 1681/1200/1601 1677/1196/1597
f 1678/1197/1598 1677/1196/1597 1681/1200/1601
f 1682/1201/1602 1679/1198/1599 1675/1194/1595
f 1290/902/1222 1678/1197/1598 1683/1202/1603
f 1291/903/1223 1290/902/1222 1683/1202/1603
f 1684/1203/1604 1683/1202/1603 1678/1197/1598
f 1678/1197/1598 1681/1200/1601 1684/1203/1604
f 1683/1202/1603 1684/1203/1604 1685/1204/1605
f 1291/903/1223 1683/1202/1603 1685/1204/1605
f 1682/1201/1602 1686/1205/1606 1679/1198/1599
f 1679/1198/1599 1686/1205/1606 1687/1206/1607
f 1679/1198/1599 1687/1206/1607 1680/1199/1600
f 1681/1200/1601 1680/1199/1600 1688/1207/1608
f 1687/1206/1607 1688/1207/1608 1680/1199/1600
f 1689/1208/1609 1681/1200/1601 1688/1207/1608
f 1689/1208/1609 1684/1203/1604 1681/1200/1601
f 1686/1205/1606 1682/1201/1602 1690/1209/1610
f 1690/1209/1610 1691/1210/1611 1686/1205/1606
f 1691/1210/1611 1687/1206/1607 1686/1205/1606
f 1692/1211/1612 1687/1206/1607 1691/1210/1611
f 1688/1207/1608 1687/1206/1607 1692/1211/1612
f 1688/1207/1608 1693/1212/1613 1689/1208/1609
f 1692/1211/1612 1693/1212/1613 1688/1207/1608
f 1291/903/1223 1685/1204/1605 1694/1213/1614
f 1693/1212/1613 1692/1211/1612 1695/1214/1615
f 1691/1210/1611 1695/1214/1615 1692/1211/1612
f 1691/1210/1611 1690/1209/1610 1696/1215/1616
f 1695/1214/1615 1691/1210/1611 1696/1215/1616
f 1697/933/1617 1698/937/1618 1699/938/1265
f 1698/937/1618 1697/933/1617 1700/934/1619
f 1701/1216/1620 1702/1217/1621 1703/1217/1622
f 1704/1218/1623 1701/1216/1620 1703/1217/1622
f 1701/1216/1620 1704/1218/1623 1705/1219/1624
f 1706/1218/1625 1705/1219/1624 1704/1218/1623
f 1705/1219/1624 1706/1218/1625 1707/1218/1626
f 1708/1219/1627 1705/1219/1624 1707/1218/1626
f 1708/1219/1627 1701/1216/1620 1705/1219/1624
f 1701/1216/1620 1708/1219/1627 1709/1220/1628
f 1709/1220/1628 1710/1216/1629 1701/1216/1620
f 1702/1217/1621 1701/1216/1620 1710/1216/1629
f 1706/1218/1625 1711/1221/1630 1707/1218/1626
f 1712/1222/1631 1707/1218/1626 1711/1221/1630
f 1707/1218/1626 1712/1222/1631 1713/1219/1632
f 1713/1219/1632 1708/1219/1627 1707/1218/1626
f 1710/1216/1629 1714/1223/1633 1702/1217/1621
f 1715/1224/1634 1702/1217/1621 1714/1223/1633
f 1713/1219/1632 1716/1225/1635 1708/1219/1627
f 1708/1219/1627 1716/1225/1635 1717/1225/1636
f 1708/1219/1627 1717/1225/1636 1709/1220/1628
f 1718/1222/1637 1713/1219/1632 1712/1222/1631
f 1718/1222/1637 1716/1225/1635 1713/1219/1632
f 1710/1216/1629 1709/1220/1628 1719/1220/1638
f 1717/1225/1636 1720/1226/1639 1709/1220/1628
f 1709/1220/1628 1720/1226/1639 1719/1220/1638
f 1719/1220/1638 1721/1227/1640 1710/1216/1629
f 1714/1223/1633 1710/1216/1629 1721/1227/1640
f 1712/1222/1631 1722/1228/1641 1718/1222/1637
f 1711/1221/1630 1723/1229/1642 1712/1222/1631
f 1722/1228/1641 1712/1222/1631 1723/1229/1642
f 1711/1221/1630 1724/1230/1643 1723/1229/1642
f 1721/1227/1640 1725/1231/1644 1714/1223/1633
f 1726/1232/1645 1714/1223/1633 1725/1231/1644
f 1714/1223/1633 1726/1232/1645 1715/1224/1634
f 1727/1226/1646 1721/1227/1640 1719/1220/1638
f 1727/1226/1646 1719/1220/1638 1720/1226/1639
f 1725/1231/1644 1721/1227/1640 1728/1233/1647
f 1728/1233/1647 1721/1227/1640 1727/1226/1646
f 1720/1226/1639 1728/1233/1647 1727/1226/1646
f 1728/1233/1647 1720/1226/1639 1729/1234/1648
f 1717/1225/1636 1729/1234/1648 1720/1226/1639
f 1716/1225/1635 1730/1235/1649 1717/1225/1636
f 1729/1234/1648 1717/1225/1636 1730/1235/1649
f 1729/1234/1648 1725/1231/1644 1728/1233/1647
f 1726/1232/1645 1725/1231/1644 1731/1234/1650
f 1725/1231/1644 1729/1234/1648 1731/1234/1650
f 1730/1235/1649 1731/1234/1650 1729/1234/1648
f 1723/1229/1642 1732/1236/1651 1722/1228/1641
f 1733/1237/1652 1723/1229/1642 1724/1230/1643
f 1732/1236/1651 1723/1229/1642 1733/1237/1652
f 1726/1232/1645 1731/1234/1650 1734/1232/1653
f 1733/1237/1652 1735/1238/1654 1732/1236/1651
f 1724/1230/1643 1735/1238/1654 1733/1237/1652
f 1735/1238/1654 1724/1230/1643 1736/1239/1655
f 1737/1240/1656 1736/1239/1655 1724/1230/1643
f 1576/1098/1499 1573/1096/1491 1572/1095/1496
f 1573/1096/1491 1738/1241/1657 1568/1093/1492
f 1573/1096/1491 1576/1098/1499 1739/1242/1658
f 1738/1241/1657 1573/1096/1491 1739/1242/1658
f 1738/1241/1657 1740/1093/1659 1568/1093/1492
f 1556/1081/1480 1568/1093/1492 1740/1093/1659
f 1574/1097/1497 1741/1243/1660 1575/1095/1498
f 1576/1098/1499 1575/1095/1498 1742/1098/1661
f 1741/1243/1660 1742/1098/1661 1575/1095/1498
f 1743/1244/1662 1576/1098/1499 1742/1098/1661
f 1576/1098/1499 1744/1244/1663 1739/1242/1658
f 1576/1098/1499 1743/1244/1662 1744/1244/1663
f 1745/1245/1664 1743/1244/1662 1742/1098/1661
f 1742/1098/1661 1741/1243/1660 1745/1245/1664
f 1738/1241/1657 1739/1242/1658 1746/1246/1665
f 1747/1247/1666 1739/1242/1658 1744/1244/1663
f 1739/1242/1658 1747/1247/1666 1746/1246/1665
f 1740/1093/1659 1738/1241/1657 1748/1241/1667
f 1749/1248/1668 1738/1241/1657 1746/1246/1665
f 1738/1241/1657 1749/1248/1668 1748/1241/1667
f 1556/1081/1480 1740/1093/1659 1750/1084/1669
f 1748/1241/1667 1751/1249/1670 1740/1093/1659
f 1740/1093/1659 1751/1249/1670 1750/1084/1669
f 1548/1084/1472 1556/1081/1480 1750/1084/1669
f 1749/1248/1668 1752/1250/1671 1748/1241/1667
f 1751/1249/1670 1748/1241/1667 1752/1250/1671
f 1747/1247/1666 1744/1244/1663 1753/1247/1672
f 1743/1244/1662 1745/1245/1664 1754/1251/1673
f 1754/1251/1673 1753/1247/1674 1743/1244/1662
f 1755/1252/1675 1754/1251/1673 1745/1245/1664
f 1756/1253/1676 1749/1248/1668 1747/1247/1666
f 1757/1247/1677 1747/1247/1666 1753/1247/1672
f 1757/1247/1677 1756/1253/1676 1747/1247/1666
f 1752/1250/1671 1749/1248/1668 1758/1254/1678
f 1756/1253/1676 1758/1254/1678 1749/1248/1668
f 1758/1254/1678 1759/1255/1679 1752/1250/1671
f 1754/1251/1673 1755/1252/1675 1760/1256/1680
f 1760/1256/1680 1761/1257/1681 1754/1251/1673
f 1753/1247/1674 1754/1251/1673 1761/1257/1681
f 1759/1255/1679 1758/1254/1678 1762/1258/1682
f 1763/1259/1683 1762/1258/1682 1758/1254/1678
f 1758/1254/1678 1756/1253/1676 1763/1259/1683
f 1763/1259/1683 1756/1253/1676 1764/1247/1684
f 1765/1260/1685 1764/1247/1686 1753/1247/1687
f 1761/1257/1681 1760/1256/1680 1766/1261/1688
f 1765/1260/1685 1761/1257/1681 1766/1261/1688
f 1762/1258/1682 1763/1259/1683 1767/1262/1689
f 1763/1259/1683 1765/1260/1685 1767/1262/1689
f 1755/1252/1675 1768/1263/1690 1760/1256/1680
f 1760/1256/1680 1769/1264/1691 1766/1261/1688
f 1768/1263/1690 1769/1264/1691 1760/1256/1680
f 1766/1261/1688 1769/1264/1691 1765/1260/1685
f 1770/1265/1692 1759/1255/1679 1762/1258/1682
f 1762/1258/1682 1767/1262/1689 1771/1266/1693
f 1770/1265/1692 1762/1258/1682 1771/1266/1693
f 1765/1260/1685 1772/1267/1694 1767/1262/1689
f 1768/1263/1690 1773/1264/1695 1769/1264/1691
f 1772/1267/1696 1769/1264/1691 1773/1264/1695
f 1774/1266/1697 1770/1265/1692 1771/1266/1693
f 1771/1266/1693 1772/1267/1696 1774/1266/1697
f 1775/1267/1698 1774/1266/1697 1772/1267/1696
f 1773/1264/1695 1775/1267/1698 1772/1267/1696
f 1776/1268/1699 1774/1266/1697 1775/1267/1698
f 1773/1264/1695 1776/1268/1699 1775/1267/1698
f 1773/1264/1695 1768/1263/1690 1777/1269/1700
f 1773/1264/1695 1777/1269/1700 1776/1268/1699
f 1770/1265/1692 1774/1266/1697 1778/1265/1701
f 1778/1265/1701 1774/1266/1697 1776/1268/1699
f 1779/1270/1702 1778/1265/1701 1776/1268/1699
f 1777/1269/1700 1779/1270/1702 1776/1268/1699
f 1780/1271/1703 1777/1269/1700 1768/1263/1690
f 1779/1270/1702 1777/1269/1700 1780/1271/1703
f 1781/1272/1704 1770/1265/1692 1778/1265/1701
f 1778/1265/1701 1779/1270/1702 1781/1272/1704
f 1770/1265/1692 1781/1272/1704 1782/1272/1705
f 1759/1255/1679 1770/1265/1692 1782/1272/1705
f 1781/1272/1704 1783/1273/1706 1782/1272/1705
f 1783/1273/1706 1781/1272/1704 1784/1273/1707
f 1779/1270/1702 1784/1273/1707 1781/1272/1704
f 1782/1272/1705 1783/1273/1706 1785/1274/1708
f 1782/1272/1705 1785/1274/1708 1759/1255/1679
f 1784/1273/1707 1779/1270/1702 1786/1275/1709
f 1779/1270/1702 1780/1271/1703 1787/1276/1710
f 1787/1276/1710 1786/1275/1709 1779/1270/1702
f 1788/1277/1711 1784/1273/1707 1786/1275/1709
f 1787/1276/1710 1788/1277/1711 1786/1275/1709
f 1784/1273/1707 1789/1278/1712 1783/1273/1706
f 1783/1273/1706 1790/1279/1445 1785/1274/1708
f 1783/1273/1706 1789/1278/1712 1790/1279/1445
f 1789/1278/1712 1784/1273/1707 1791/1280/1449
f 1784/1273/1707 1788/1277/1711 1791/1280/1449
f 1780/1271/1703 1792/1281/1713 1787/1276/1710
f 1793/1282/1714 1787/1276/1710 1792/1281/1713
f 1787/1276/1710 1793/1282/1714 1794/1283/1715
f 1788/1277/1711 1787/1276/1710 1794/1283/1715
f 1788/1277/1711 1795/1284/1716 1791/1280/1449
f 1795/1284/1716 1788/1277/1711 1796/1285/1717
f 1797/1286/1718 1788/1277/1711 1794/1283/1715
f 1788/1277/1711 1797/1286/1718 1796/1285/1717
f 1793/1282/1714 1792/1281/1713 1798/1287/1719
f 1798/1287/1719 1792/1281/1713 1799/1288/1720
f 1800/1289/1721 1799/1288/1720 1792/1281/1713
f 1792/1281/1713 1780/1271/1703 1800/1289/1721
f 1800/1289/1721 1755/1252/1675 1799/1288/1720
f 1768/1263/1690 1800/1289/1721 1780/1271/1703
f 1768/1263/1690 1755/1252/1675 1800/1289/1721
f 1564/1090/1488 1801/1290/1722 1802/1290/1723
f 1802/1290/1723 1558/1085/1482 1564/1090/1488
f 1802/1290/1723 1549/1082/1473 1558/1085/1482
f 1549/1082/1473 1802/1290/1723 1803/1290/1724
f 1803/1290/1724 1551/1082/1475 1549/1082/1473
f 1803/1290/1724 1565/1091/1489 1551/1082/1475
f 1804/1291/1725 1805/1292/1726 1806/1291/1727
f 1805/1292/1726 1804/1291/1725 1807/1292/1728
f 1807/1292/1728 1808/1293/1729 1805/1292/1726
f 1809/1294/1730 1807/1292/1728 1804/1291/1725
f 1804/1291/1725 1810/1295/1731 1809/1294/1730
f 1810/1295/1731 1804/1291/1725 1811/1296/1732
f 1810/1295/1731 1811/1296/1732 1812/1295/1733
f 1813/1297/1734 1809/1294/1730 1810/1295/1731
f 1812/1295/1733 1813/1297/1734 1810/1295/1731
f 1807/1292/1728 1809/1294/1730 1814/1298/1735
f 1815/1299/1736 1814/1298/1735 1809/1294/1730
f 1809/1294/1730 1813/1297/1734 1815/1299/1736
f 1808/1293/1729 1807/1292/1728 1816/1300/1737
f 1814/1298/1735 1817/1301/1738 1807/1292/1728
f 1817/1301/1738 1816/1300/1737 1807/1292/1728
f 1818/1296/1739 1812/1295/1733 1811/1296/1732
f 1813/1297/1734 1812/1295/1733 1819/1297/1740
f 1818/1296/1739 1820/1302/1741 1812/1295/1733
f 1820/1302/1741 1819/1297/1740 1812/1295/1733
f 1814/1298/1735 1815/1299/1736 1821/1303/1742
f 1822/1304/1743 1814/1298/1735 1821/1303/1742
f 1814/1298/1735 1822/1304/1743 1817/1301/1738
f 1816/1300/1737 1817/1301/1738 1823/1305/1744
f 1822/1304/1743 1823/1305/1744 1817/1301/1738
f 1815/1299/1736 1824/1306/1745 1821/1303/1742
f 1813/1297/1734 1825/1307/1746 1815/1299/1736
f 1824/1306/1745 1815/1299/1736 1825/1307/1746
f 1824/1306/1745 1822/1304/1743 1821/1303/1742
f 1820/1302/1741 1818/1296/1739 1826/1308/1747
f 1827/1309/1748 1826/1308/1747 1818/1296/1739
f 1819/1297/1740 1820/1302/1741 1828/1310/1749
f 1820/1302/1741 1829/1311/256 1828/1310/1749
f 1829/1311/256 1820/1302/1741 1826/1308/1747
f 1830/1312/1750 1819/1297/1740 1828/1310/1749
f 1829/1311/256 1830/1312/1750 1828/1310/1749
f 1825/1307/1746 1831/1313/1751 1824/1306/1745
f 1824/1306/1745 1831/1313/1751 1832/1314/1752
f 1822/1304/1743 1824/1306/1745 1832/1314/1752
f 1823/1305/1744 1822/1304/1743 1833/1315/1753
f 1822/1304/1743 1834/1316/1754 1833/1315/1753
f 1834/1316/1754 1822/1304/1743 1832/1314/1752
f 1826/1308/1747 1827/1309/1748 1835/1317/1755
f 1835/1317/1755 1836/1317/1756 1826/1308/1747
f 1836/1317/1756 1829/1311/256 1826/1308/1747
f 1837/1318/1757 1832/1314/1752 1831/1313/1751
f 1832/1314/1752 1837/1318/1757 1834/1316/1754
f 1838/1319/1758 1835/1317/1755 1827/1309/1748
f 1835/1317/1755 1839/1320/1759 1836/1317/1756
f 1835/1317/1755 1838/1319/1758 1839/1320/1759
f 1829/1311/256 1836/1317/1756 1840/1321/1760
f 1830/1312/1750 1829/1311/256 1841/1322/1761
f 1841/1322/1761 1829/1311/256 1842/1322/1762
f 1842/1322/1762 1829/1311/256 1840/1321/1760
f 1843/1323/1763 1836/1317/1756 1839/1320/1759
f 1843/1323/1763 1840/1321/1760 1836/1317/1756
f 1844/1324/1764 1834/1316/1754 1837/1318/1757
f 1834/1316/1754 1845/1325/1765 1833/1315/1753
f 1845/1325/1765 1834/1316/1754 1844/1324/1764
f 1845/1325/1765 1823/1305/1744 1833/1315/1753
f 1839/1320/1759 1838/1319/1758 1846/1320/1766
f 1843/1323/1763 1839/1320/1759 1846/1320/1766
f 1846/1320/1766 1847/1326/1767 1843/1323/1763
f 1840/1321/1760 1843/1323/1763 1847/1326/1767
f 1848/1319/1768 1846/1320/1766 1838/1319/1758
f 1847/1326/1767 1846/1320/1766 1849/1326/1769
f 1848/1319/1768 1849/1326/1769 1846/1320/1766
f 1840/1321/1760 1847/1326/1767 1850/1327/1770
f 1840/1321/1760 1851/1328/1771 1842/1322/1762
f 1851/1328/1771 1840/1321/1760 1852/1329/1772
f 1840/1321/1760 1850/1327/1770 1852/1329/1772
f 1853/1330/1773 1850/1327/1770 1847/1326/1767
f 1847/1326/1767 1849/1326/1769 1853/1330/1773
f 1849/1326/1769 1848/1319/1768 1854/1331/1774
f 1855/1332/1775 1853/1330/1773 1849/1326/1769
f 1856/1333/1776 1849/1326/1769 1854/1331/1774
f 1849/1326/1769 1856/1333/1776 1855/1332/1775
f 1850/1327/1770 1853/1330/1773 1857/1327/1777
f 1858/1334/1778 1850/1327/1770 1857/1327/1777
f 1850/1327/1770 1858/1334/1778 1852/1329/1772
f 1859/1332/1779 1853/1330/1773 1855/1332/1775
f 1853/1330/1773 1859/1332/1779 1857/1327/1777
f 1852/1329/1772 1860/1335/1780 1851/1328/1771
f 1860/1335/1780 1852/1329/1772 1861/1336/1781
f 1852/1329/1772 1858/1334/1778 1861/1336/1781
f 1862/1337/1782 1855/1332/1775 1856/1333/1776
f 1855/1332/1775 1862/1337/1782 1863/1332/1783
f 1859/1332/1779 1855/1332/1775 1863/1332/1783
f 1863/1332/1783 1864/1338/1784 1859/1332/1779
f 1859/1332/1779 1864/1338/1784 1857/1327/1777
f 1857/1327/1777 1864/1338/1784 1865/1339/1785
f 1857/1327/1777 1865/1339/1785 1858/1334/1778
f 1858/1334/1778 1865/1339/1785 1866/1340/1786
f 1858/1334/1778 1866/1340/1786 1861/1336/1781
f 1864/1338/1784 1867/1341/1787 1865/1339/1785
f 1865/1339/1785 1867/1341/1787 1866/1340/1786
f 1864/1338/1784 1863/1332/1783 1868/1338/1788
f 1867/1341/1787 1864/1338/1784 1868/1338/1788
f 1863/1332/1783 1869/1342/1789 1868/1338/1788
f 1869/1342/1789 1863/1332/1783 1862/1337/1782
f 1869/1342/1789 1867/1341/1787 1868/1338/1788
f 1870/1343/1790 1866/1340/1786 1867/1341/1787
f 1867/1341/1787 1869/1342/1789 1870/1343/1790
f 1866/1340/1786 1870/1343/1790 1871/1343/1791
f 1871/1343/1791 1861/1336/1781 1866/1340/1786
f 1860/1335/1780 1861/1336/1781 1872/1344/1792
f 1861/1336/1781 1871/1343/1791 1873/1345/1793
f 1861/1336/1781 1873/1345/1793 1872/1344/1792
f 1860/1335/1780 1872/1344/1792 1874/1346/1794
f 1874/1346/1794 1875/1335/1795 1860/1335/1780
f 1874/1346/1794 1876/1347/1796 1875/1335/1795
f 1876/1347/1796 1874/1346/1794 1877/1348/1797
f 1842/1322/1762 1875/1335/1795 1876/1347/1796
f 1851/1328/1771 1860/1335/1780 1875/1335/1795
f 1842/1322/1762 1851/1328/1771 1875/1335/1795
f 1877/1348/1797 1841/1322/1761 1876/1347/1796
f 1876/1347/1796 1841/1322/1761 1842/1322/1762
f 1841/1322/1761 1877/1348/1797 1878/1349/1798
f 1878/1349/1798 1830/1312/1750 1841/1322/1761
f 1830/1312/1750 1878/1349/1798 1879/1350/1799
f 1879/1350/1799 1878/1349/1798 1880/1351/1800
f 1819/1297/1740 1830/1312/1750 1879/1350/1799
f 1880/1351/1800 1881/1350/1801 1879/1350/1799
f 1813/1297/1734 1879/1350/1799 1881/1350/1801
f 1879/1350/1799 1813/1297/1734 1819/1297/1740
f 1882/1352/1802 1881/1350/1801 1880/1351/1800
f 1825/1307/1746 1813/1297/1734 1881/1350/1801
f 1881/1350/1801 1882/1352/1802 1825/1307/1746
f 1831/1313/1751 1825/1307/1746 1882/1352/1802
f 1831/1313/1751 1882/1352/1802 1883/1313/1803
f 1884/1353/1804 1831/1313/1751 1883/1313/1803
f 1831/1313/1751 1884/1353/1804 1837/1318/1757
f 1884/1353/1804 1885/1354/1805 1837/1318/1757
f 1885/1354/1805 1884/1353/1804 1886/1355/1806
f 1844/1324/1764 1837/1318/1757 1885/1354/1805
f 1844/1324/1764 1885/1354/1805 1887/1356/1807
f 1886/1355/1806 1888/1357/1808 1885/1354/1805
f 1887/1356/1807 1885/1354/1805 1888/1357/1808
f 1888/1357/1808 1886/1355/1806 1889/1355/1809
f 1887/1356/1807 1845/1325/1765 1844/1324/1764
f 1845/1325/1765 1887/1356/1807 1890/1358/1810
f 1888/1357/1808 1891/1359/1811 1887/1356/1807
f 1891/1359/1811 1890/1358/1810 1887/1356/1807
f 1892/1360/1812 1888/1357/1808 1889/1355/1809
f 1891/1359/1811 1888/1357/1808 1892/1360/1812
f 1731/1234/1650 1730/1235/1649 1893/1361/1813
f 1894/1362/1814 1731/1234/1650 1893/1361/1813
f 1731/1234/1650 1894/1362/1814 1734/1232/1653
f 1895/1363/1815 1735/1238/1654 1736/1239/1655
f 1736/1239/1655 1896/1364/1816 1895/1363/1815
f 1736/1239/1655 1737/1240/1656 1896/1364/1816
f 1735/1238/1654 1895/1363/1815 1897/1365/1817
f 1735/1238/1654 1897/1365/1817 1898/1366/1818
f 1732/1236/1651 1735/1238/1654 1898/1366/1818
f 1898/1366/1818 1899/1367/1819 1732/1236/1651
f 1899/1367/1819 1722/1228/1641 1732/1236/1651
f 1900/1368/1820 1898/1366/1818 1897/1365/1817
f 1895/1363/1815 1900/1368/1820 1897/1365/1817
f 1895/1363/1815 1896/1364/1816 1901/1369/1821
f 1895/1363/1815 1901/1369/1821 1900/1368/1820
f 1893/1361/1813 1902/1362/1822 1894/1362/1814
f 1901/1369/1821 1903/1370/1823 1900/1368/1820
f 1903/1370/1823 1898/1366/1818 1900/1368/1820
f 1903/1370/1823 1904/1371/1646 1898/1366/1818
f 1899/1367/1819 1898/1366/1818 1904/1371/1646
f 1905/1364/1824 1903/1370/1823 1901/1369/1821
f 1905/1364/1824 1901/1369/1821 1896/1364/1816
f 1905/1364/1824 1906/1372/1825 1903/1370/1823
f 1903/1370/1823 1906/1372/1825 1907/1373/1826
f 1904/1371/1646 1903/1370/1823 1907/1373/1826
f 1896/1364/1816 1908/1374/1827 1905/1364/1824
f 1908/1374/1827 1906/1372/1825 1905/1364/1824
f 1906/1372/1825 1909/1375/1828 1907/1373/1826
f 1909/1375/1828 1904/1371/1646 1907/1373/1826
f 1910/1376/1829 1904/1371/1646 1909/1375/1828
f 1910/1376/1829 1899/1367/1819 1904/1371/1646
f 1911/1377/1830 1722/1228/1641 1899/1367/1819
f 1911/1377/1830 1718/1222/1637 1722/1228/1641
f 1906/1372/1825 1908/1374/1827 1912/1378/1831
f 1909/1375/1828 1906/1372/1825 1913/1379/1832
f 1914/1380/1833 1913/1379/1832 1906/1372/1825
f 1906/1372/1825 1912/1378/1831 1914/1380/1833
f 1915/1381/1834 1912/1378/1831 1908/1374/1827
f 1915/1381/1834 1914/1380/1833 1912/1378/1831
f 1909/1375/1828 1913/1379/1832 1916/1382/1835
f 1910/1376/1829 1909/1375/1828 1917/1383/1836
f 1909/1375/1828 1916/1382/1835 1917/1383/1836
f 1914/1380/1833 1918/1384/1837 1913/1379/1832
f 1913/1379/1832 1918/1384/1837 1916/1382/1835
f 1919/1385/1838 1916/1382/1835 1918/1384/1837
f 1916/1382/1835 1919/1385/1838 1917/1383/1836
f 1917/1383/1836 1920/1376/1839 1910/1376/1829
f 1917/1383/1836 1919/1385/1838 1920/1376/1839
f 1918/1384/1837 1914/1380/1833 1921/1386/1840
f 1922/1387/1841 1921/1386/1840 1914/1380/1833
f 1914/1380/1833 1915/1381/1834 1922/1387/1841
f 1911/1377/1830 1923/1388/1842 1718/1222/1637
f 1716/1225/1635 1718/1222/1637 1923/1388/1842
f 1918/1384/1837 1924/1389/1843 1919/1385/1838
f 1925/1390/1844 1924/1389/1843 1918/1384/1837
f 1921/1386/1840 1925/1390/1844 1918/1384/1837
f 1919/1385/1838 1926/1391/1845 1920/1376/1839
f 1926/1391/1845 1919/1385/1838 1924/1389/1843
f 1924/1389/1843 1925/1390/1844 1927/1392/1846
f 1927/1392/1846 1926/1391/1845 1924/1389/1843
f 1926/1391/1845 1910/1376/1829 1920/1376/1839
f 1921/1386/1840 1922/1387/1841 1928/1393/1847
f 1929/1394/1848 1921/1386/1840 1928/1393/1847
f 1925/1390/1844 1921/1386/1840 1929/1394/1848
f 1930/1395/1849 1910/1376/1829 1926/1391/1845
f 1926/1391/1845 1927/1392/1846 1931/1396/1850
f 1926/1391/1845 1931/1396/1850 1930/1395/1849
f 1932/1397/1851 1928/1393/1847 1922/1387/1841
f 1932/1397/1851 1922/1387/1841 1915/1381/1834
f 1933/1398/1852 1930/1395/1849 1931/1396/1850
f 1931/1396/1850 1927/1392/1846 1933/1398/1852
f 1927/1392/1846 1934/1399/1853 1933/1398/1852
f 1930/1395/1849 1899/1367/1819 1910/1376/1829
f 1930/1395/1849 1933/1398/1852 1935/1400/1854
f 1935/1400/1854 1899/1367/1819 1930/1395/1849
f 1928/1393/1847 1932/1397/1851 1936/1401/1855
f 1928/1393/1847 1937/1402/1856 1929/1394/1848
f 1937/1402/1856 1928/1393/1847 1936/1401/1855
f 1938/1403/1857 1935/1400/1854 1933/1398/1852
f 1933/1398/1852 1934/1399/1853 1938/1403/1857
f 1939/1404/1858 1936/1401/1855 1932/1397/1851
f 1936/1401/1855 1939/1404/1858 1937/1402/1856
f 1932/1397/1851 1940/1405/1859 1939/1404/1858
f 1940/1405/1859 1932/1397/1851 1941/1406/1860
f 1941/1406/1860 1932/1397/1851 1915/1381/1834
f 1899/1367/1819 1935/1400/1854 1911/1377/1830
f 1935/1400/1854 1938/1403/1857 1942/1403/1861
f 1942/1403/1861 1911/1377/1830 1935/1400/1854
f 1938/1403/1857 1943/1407/1862 1942/1403/1861
f 1943/1407/1862 1938/1403/1857 1944/1407/1863
f 1934/1399/1853 1944/1407/1863 1938/1403/1857
f 1944/1407/1863 1934/1399/1853 1902/1362/1822
f 1945/1408/1864 1939/1404/1858 1940/1405/1859
f 1937/1402/1856 1939/1404/1858 1946/1409/1865
f 1939/1404/1858 1945/1408/1864 1946/1409/1865
f 1940/1405/1859 1947/1410/1866 1945/1408/1864
f 1948/1411/1867 1940/1405/1859 1941/1406/1860
f 1947/1410/1866 1940/1405/1859 1948/1411/1867
f 1911/1377/1830 1942/1403/1861 1923/1388/1842
f 1943/1407/1862 1716/1225/1635 1942/1403/1861
f 1942/1403/1861 1716/1225/1635 1923/1388/1842
f 1730/1235/1649 1943/1407/1862 1944/1407/1863
f 1730/1235/1649 1716/1225/1635 1943/1407/1862
f 1902/1362/1822 1893/1361/1813 1944/1407/1863
f 1944/1407/1863 1893/1361/1813 1730/1235/1649
f 1949/1412/1868 1946/1409/1865 1945/1408/1864
f 1945/1408/1864 1950/1413/1869 1949/1412/1868
f 1950/1413/1869 1945/1408/1864 1947/1410/1866
f 1946/1409/1865 1949/1412/1868 1937/1402/1856
f 1948/1411/1867 1951/1414/1870 1947/1410/1866
f 1941/1406/1860 1951/1414/1870 1948/1411/1867
f 1952/1415/1871 1947/1410/1866 1951/1414/1870
f 1953/1416/1872 1947/1410/1866 1952/1415/1871
f 1954/1417/1873 1950/1413/1869 1947/1410/1866
f 1947/1410/1866 1953/1416/1872 1954/1417/1873
f 1949/1412/1868 1955/1418/1874 1937/1402/1856
f 1956/1419/1875 1949/1412/1868 1950/1413/1869
f 1949/1412/1868 1957/1419/1876 1955/1418/1874
f 1949/1412/1868 1956/1419/1875 1957/1419/1876
f 1958/1420/1877 1952/1415/1871 1951/1414/1870
f 1951/1414/1870 1941/1406/1860 1959/1421/1878
f 1951/1414/1870 1959/1421/1878 1958/1420/1877
f 1915/1381/1834 1959/1421/1878 1941/1406/1860
f 1953/1416/1872 1952/1415/1871 1960/1422/1879
f 1952/1415/1871 1958/1420/1877 1961/1423/1880
f 1960/1422/1879 1952/1415/1871 1961/1423/1880
f 1957/1419/1876 1962/1424/1881 1955/1418/1874
f 1963/1425/1882 1957/1419/1876 1956/1419/1875
f 1962/1424/1881 1957/1419/1876 1964/1426/1883
f 1957/1419/1876 1963/1425/1882 1964/1426/1883
f 1961/1423/1880 1965/1427/1884 1960/1422/1879
f 1958/1420/1877 1965/1427/1884 1961/1423/1880
f 1966/1428/1885 1958/1420/1877 1959/1421/1878
f 1965/1427/1884 1958/1420/1877 1966/1428/1885
f 1959/1421/1878 1967/1429/1886 1966/1428/1885
f 1959/1421/1878 1915/1381/1834 1968/1430/1887
f 1967/1429/1886 1959/1421/1878 1968/1430/1887
f 1965/1427/1884 1966/1428/1885 1967/1429/1886
f 1969/1431/1888 1964/1426/1883 1963/1425/1882
f 1964/1426/1883 1969/1431/1888 1962/1424/1881
f 1968/1430/1887 1915/1381/1834 1908/1374/1827
f 1970/1432/1889 1968/1430/1887 1908/1374/1827
f 1968/1430/1887 1970/1432/1889 1967/1429/1886
f 1971/1433/1890 1967/1429/1886 1970/1432/1889
f 1967/1429/1886 1971/1433/1890 1965/1427/1884
f 1960/1422/1879 1965/1427/1884 1972/1434/1891
f 1973/1435/1892 1962/1424/1881 1969/1431/1888
f 1973/1435/1892 1974/1436/1893 1962/1424/1881
f 1963/1425/1882 1975/1437/1894 1969/1431/1888
f 1975/1437/1894 1973/1435/1892 1969/1431/1888
f 1908/1374/1827 1896/1364/1816 1970/1432/1889
f 1737/1240/1656 1970/1432/1889 1896/1364/1816
f 1970/1432/1889 1737/1240/1656 1971/1433/1890
f 1975/1437/1894 1976/1438/1895 1973/1435/1892
f 1974/1436/1893 1973/1435/1892 1977/1439/1896
f 1976/1438/1895 1977/1439/1896 1973/1435/1892
f 1978/1440/1897 1974/1436/1893 1977/1439/1896
f 1977/1439/1896 1976/1438/1895 1979/1441/1898
f 1978/1440/1897 1977/1439/1896 1980/1442/1899
f 1981/1443/1900 1977/1439/1896 1979/1441/1898
f 1977/1439/1896 1981/1443/1900 1980/1442/1899
f 1982/1444/1901 1980/1442/1899 1981/1443/1900
f 1982/1444/1901 1978/1440/1897 1980/1442/1899
f 1976/1438/1895 1983/1445/1902 1979/1441/1898
f 1979/1441/1898 1984/1446/1903 1981/1443/1900
f 1984/1446/1903 1979/1441/1898 1983/1445/1902
f 1976/1438/1895 1975/1437/1894 1985/1447/1904
f 1986/1448/1905 1976/1438/1895 1985/1447/1904
f 1983/1445/1902 1976/1438/1895 1986/1448/1905
f 1981/1443/1900 1987/1449/1906 1982/1444/1901
f 1988/1450/1907 1981/1443/1900 1984/1446/1903
f 1981/1443/1900 1988/1450/1907 1987/1449/1906
f 1985/1447/1904 1989/1451/1908 1986/1448/1905
f 1989/1451/1908 1983/1445/1902 1986/1448/1905
f 1990/1452/1909 1983/1445/1902 1989/1451/1908
f 1990/1452/1909 1984/1446/1903 1983/1445/1902
f 1984/1446/1903 1990/1452/1909 1991/1453/1910
f 1991/1453/1910 1988/1450/1907 1984/1446/1903
f 1989/1451/1908 1992/1452/1911 1990/1452/1909
f 1992/1452/1911 1991/1453/1910 1990/1452/1909
f 1988/1450/1907 1993/1449/1912 1987/1449/1906
f 1994/1451/1913 1992/1452/1911 1989/1451/1908
f 1995/1454/1914 1994/1451/1913 1989/1451/1908
f 1989/1451/1908 1985/1447/1904 1995/1454/1914
f 1996/1455/1915 1995/1454/1914 1985/1447/1904
f 1985/1447/1904 1975/1437/1894 1996/1455/1915
f 1988/1450/1907 1991/1453/1910 1997/1456/1916
f 1993/1449/1912 1988/1450/1907 1998/1450/1912
f 1999/1457/1917 1988/1450/1907 1997/1456/1916
f 1988/1450/1907 1999/1457/1917 1998/1450/1912
f 1997/1456/1916 1991/1453/1910 2000/1458/1918
f 1991/1453/1910 1992/1452/1911 2001/1453/1919
f 2000/1458/1918 1991/1453/1910 2001/1453/1919
f 2001/1453/1919 1992/1452/1911 2002/1459/1920
f 2002/1459/1920 1992/1452/1911 2003/1460/1921
f 1994/1451/1913 2003/1460/1921 1992/1452/1911
f 2000/1458/1918 2001/1453/1919 2002/1459/1920
f 2004/1461/1922 1993/1449/1912 1998/1450/1912
f 2004/1461/1922 1998/1450/1912 1999/1457/1917
f 1994/1451/1913 1995/1454/1914 2005/1454/1923
f 2003/1460/1921 1994/1451/1913 2006/1462/1924
f 2006/1462/1924 1994/1451/1913 2005/1454/1923
f 1995/1454/1914 2007/1463/1925 2005/1454/1923
f 1995/1454/1914 1996/1455/1915 2007/1463/1925
f 1996/1455/1915 1975/1437/1894 1963/1425/1882
f 2005/1454/1923 2007/1463/1925 2008/1463/1926
f 2005/1454/1923 2008/1463/1926 2006/1462/1924
f 2007/1463/1925 2009/1464/1927 2008/1463/1926
f 2009/1464/1927 2006/1462/1924 2008/1463/1926
f 2006/1462/1924 2009/1464/1927 1972/1434/1891
f 2009/1464/1927 2007/1463/1925 2010/1464/1928
f 2010/1464/1928 1960/1422/1879 2009/1464/1927
f 1960/1422/1879 1972/1434/1891 2009/1464/1927
f 2010/1464/1928 2007/1463/1925 1996/1455/1915
f 1956/1419/1875 1996/1455/1915 1963/1425/1882
f 2010/1464/1928 1996/1455/1915 2011/1465/1929
f 1996/1455/1915 1956/1419/1875 2011/1465/1929
f 1960/1422/1879 2010/1464/1928 1953/1416/1872
f 1953/1416/1872 2010/1464/1928 2011/1465/1929
f 1950/1413/1869 2011/1465/1929 1956/1419/1875
f 1953/1416/1872 2011/1465/1929 2012/1466/1873
f 2011/1465/1929 1950/1413/1869 2012/1466/1873
f 2013/1467/1930 2014/1468/1931 2015/1469/1932
f 2013/1467/1930 2016/1470/1933 2014/1468/1931
f 2017/1470/1934 2014/1468/1931 2016/1470/1933
f 2014/1468/1931 2018/1471/1935 2015/1469/1932
f 2019/1472/1936 2014/1468/1931 2017/1470/1934
f 2018/1471/1935 2014/1468/1931 2019/1472/1936
f 2017/1470/1934 2020/1473/1937 2019/1472/1936
f 2021/1472/1938 2018/1471/1935 2019/1472/1936
f 2019/1472/1936 2020/1473/1937 2022/1472/1939
f 2019/1472/1936 2022/1472/1939 2021/1472/1938
f 2023/1474/1940 2018/1471/1935 2021/1472/1938
f 2018/1471/1935 2023/1474/1940 2024/1475/1941
f 2024/1475/1941 2015/1469/1932 2018/1471/1935
f 2023/1474/1940 2025/1476/1942 2024/1475/1941
f 2025/1476/1942 2015/1469/1932 2024/1475/1941
f 2025/1476/1942 2026/1477/1943 2015/1469/1932
f 2027/1467/1944 2015/1469/1932 2026/1477/1943
f 2028/1478/1945 2022/1472/1939 2020/1473/1937
f 2022/1472/1939 2029/1479/1946 2021/1472/1938
f 2029/1479/1946 2022/1472/1939 2028/1478/1945
f 2021/1472/1938 2029/1479/1946 2030/1480/1947
f 2021/1472/1938 2030/1480/1947 2023/1474/1940
f 2025/1476/1942 2023/1474/1940 2031/1481/1948
f 2025/1476/1942 2031/1481/1948 2032/1482/1949
f 2026/1477/1943 2025/1476/1942 2032/1482/1949
f 2026/1477/1943 2032/1482/1949 2033/1483/1950
f 2033/1483/1950 2027/1467/1944 2026/1477/1943
f 2034/1484/1951 2023/1474/1940 2030/1480/1947
f 2035/1485/1952 2023/1474/1940 2034/1484/1951
f 2023/1474/1940 2035/1485/1952 2031/1481/1948
f 2036/1486/1953 2030/1480/1947 2029/1479/1946
f 2036/1486/1953 2034/1484/1951 2030/1480/1947
f 2028/1478/1945 2037/1487/1954 2029/1479/1946
f 2038/1488/1955 2029/1479/1946 2037/1487/1954
f 1890/1358/1810 2039/1489/1956 1845/1325/1765
f 1891/1359/1811 2039/1489/1956 1890/1358/1810
f 1891/1359/1811 2040/1490/1957 2039/1489/1956
f 2040/1490/1957 1891/1359/1811 1892/1360/1812
f 1889/1355/1809 2041/1491/1958 1892/1360/1812
f 2040/1490/1957 1892/1360/1812 2042/1492/1959
f 2041/1491/1958 2042/1492/1959 1892/1360/1812
f 2043/1493/1960 2039/1489/1956 2040/1490/1957
f 2039/1489/1956 2043/1493/1960 2044/1489/1961
f 2044/1489/1961 1845/1325/1765 2039/1489/1956
f 2043/1493/1960 2040/1490/1957 2045/1492/1962
f 2040/1490/1957 2042/1492/1959 2045/1492/1962
f 2044/1489/1961 1823/1305/1744 1845/1325/1765
f 2043/1493/1960 1816/1300/1737 2044/1489/1961
f 1823/1305/1744 2044/1489/1961 1816/1300/1737
f 2045/1492/1962 1808/1293/1729 2043/1493/1960
f 1816/1300/1737 2043/1493/1960 1808/1293/1729
f 2046/1494/1963 2047/1495/1964 2048/1496/1965
f 2047/1495/1964 2046/1494/1963 2049/1497/1966
f 2050/1498/1967 2049/1497/1966 2046/1494/1963
f 2049/1497/1966 2051/1497/1968 2047/1495/1964
f 2051/1497/1968 2049/1497/1966 2052/1499/1969
f 2049/1497/1966 2050/1498/1967 2053/1500/1970
f 2049/1497/1966 2053/1500/1970 2052/1499/1969
f 2052/1499/1969 2054/1501/1971 2051/1497/1968
f 2052/1499/1969 2053/1500/1970 2055/1502/1972
f 2054/1501/1971 2052/1499/1969 2056/1503/1971
f 2055/1502/1972 2056/1503/1971 2052/1499/1969
f 2057/1500/1973 2055/1502/1972 2053/1500/1970
f 2058/1504/1974 2055/1502/1972 2057/1500/1973
f 2056/1503/1971 2055/1502/1972 2058/1504/1974
f 2054/1501/1971 2056/1503/1971 2059/1505/1975
f 2059/1505/1975 2056/1503/1971 2058/1504/1974
f 2057/1500/1973 2060/1506/1976 2058/1504/1974
f 2058/1504/1974 2061/1507/1977 2059/1505/1975
f 2061/1507/1977 2058/1504/1974 2060/1506/1976
f 2057/1500/1973 2053/1500/1970 2062/1500/1978
f 2060/1506/1976 2057/1500/1973 2063/1508/1979
f 2057/1500/1973 2064/1509/1980 2063/1508/1979
f 2062/1500/1978 2064/1509/1980 2057/1500/1973
f 2053/1500/1970 2065/1510/1981 2062/1500/1978
f 2065/1510/1981 2053/1500/1970 2066/1511/1982
f 2062/1500/1978 2067/1512/1983 2064/1509/1980
f 2067/1512/1983 2062/1500/1978 2065/1510/1981
f 2064/1509/1980 2068/1513/1984 2063/1508/1979
f 2068/1513/1984 2064/1509/1980 2067/1512/1983
f 2069/1514/1985 2063/1508/1979 2068/1513/1984
f 2069/1514/1985 2060/1506/1976 2063/1508/1979
f 2060/1506/1976 2069/1514/1985 2070/1515/1986
f 2061/1507/1977 2060/1506/1976 2070/1515/1986
f 2071/1516/1987 2061/1507/1977 2070/1515/1986
f 2072/1517/1988 2068/1513/1984 2067/1512/1983
f 2068/1513/1984 2072/1517/1988 2073/1513/1989
f 2073/1513/1989 2069/1514/1985 2068/1513/1984
f 2069/1514/1985 2073/1513/1989 2074/1514/1990
f 2074/1514/1990 2070/1515/1986 2069/1514/1985
f 2073/1513/1989 2075/1518/1991 2074/1514/1990
f 2075/1518/1991 2073/1513/1989 2072/1517/1988
f 2070/1515/1986 2074/1514/1990 2076/1515/1992
f 2070/1515/1986 2077/1516/1993 2071/1516/1987
f 2077/1516/1993 2070/1515/1986 2076/1515/1992
f 2078/1519/1994 2075/1518/1991 2072/1517/1988
f 2079/1518/1995 2074/1514/1990 2075/1518/1991
f 2074/1514/1990 2080/1520/1996 2076/1515/1992
f 2080/1520/1996 2074/1514/1990 2079/1518/1995
f 2075/1518/1991 2081/1521/1997 2079/1518/1995
f 2075/1518/1991 2078/1519/1994 2081/1521/1997
f 2082/1522/1998 2076/1515/1992 2080/1520/1996
f 2076/1515/1992 2082/1522/1998 2077/1516/1993
f 2083/1521/1999 2079/1518/1995 2081/1521/1997
f 2083/1521/1999 2080/1520/1996 2079/1518/1995
f 2080/1520/1996 2083/1521/1999 2084/1523/2000
f 2080/1520/1996 2084/1523/2000 2082/1522/1998
f 2081/1521/1997 2078/1519/1994 2085/1521/2001
f 2085/1521/2001 2086/1521/2002 2081/1521/1997
f 2083/1521/1999 2081/1521/1997 2086/1521/2002
f 2084/1523/2000 2083/1521/1999 2087/1523/2003
f 2087/1523/2003 2083/1521/1999 2086/1521/2002
f 2088/1524/2004 2085/1521/2001 2078/1519/1994
f 2089/1525/2005 2084/1523/2000 2087/1523/2003
f 2090/1525/2006 2082/1522/1998 2084/1523/2000
f 2084/1523/2000 2089/1525/2005 2090/1525/2006
f 2085/1521/2001 2091/1526/2007 2086/1521/2002
f 2091/1526/2007 2085/1521/2001 2092/1527/2008
f 2092/1527/2008 2085/1521/2001 2088/1524/2004
f 2093/1528/2007 2086/1521/2002 2091/1526/2007
f 2086/1521/2002 2093/1528/2007 2087/1523/2003
f 2094/1529/2009 2087/1523/2003 2093/1528/2007
f 2087/1523/2003 2094/1529/2009 2089/1525/2005
f 2095/1530/2010 2092/1527/2008 2088/1524/2004
f 2092/1527/2008 2096/1531/2011 2091/1526/2007
f 2092/1527/2008 2095/1530/2010 2096/1531/2011
f 2097/1532/2012 2091/1526/2007 2096/1531/2011
f 2091/1526/2007 2098/1533/2012 2093/1528/2007
f 2098/1533/2012 2091/1526/2007 2097/1532/2012
f 2099/1534/2013 2093/1528/2007 2098/1533/2012
f 2093/1528/2007 2099/1534/2013 2094/1529/2009
f 2100/1535/2014 2096/1531/2011 2095/1530/2010
f 2096/1531/2011 2100/1535/2014 2101/1536/2015
f 2101/1536/2015 2097/1532/2012 2096/1531/2011
f 2097/1532/2012 2101/1536/2015 2102/1537/2016
f 2098/1533/2012 2097/1532/2012 2103/1533/2017
f 2103/1533/2017 2097/1532/2012 2102/1537/2016
f 2104/1534/2018 2098/1533/2012 2103/1533/2017
f 2098/1533/2012 2104/1534/2018 2099/1534/2013
f 2105/1538/2019 2101/1536/2015 2100/1535/2014
f 2101/1536/2015 2106/1539/2020 2102/1537/2016
f 2101/1536/2015 2105/1538/2019 2106/1539/2020
f 2107/1539/2021 2102/1537/2016 2106/1539/2020
f 2102/1537/2016 2108/1540/2022 2103/1533/2017
f 2108/1540/2022 2102/1537/2016 2107/1539/2021
f 2109/1541/2018 2103/1533/2017 2108/1540/2022
f 2103/1533/2017 2109/1541/2018 2104/1534/2018
f 2110/1538/2023 2106/1539/2020 2105/1538/2019
f 2106/1539/2020 2110/1538/2023 2111/1542/2024
f 2111/1542/2024 2107/1539/2021 2106/1539/2020
f 2107/1539/2021 2111/1542/2024 2112/1542/2025
f 2107/1539/2021 2113/1543/2026 2108/1540/2022
f 2113/1543/2026 2107/1539/2021 2112/1542/2025
f 2114/1544/2027 2108/1540/2022 2113/1543/2026
f 2108/1540/2022 2114/1544/2027 2109/1541/2018
f 2111/1542/2024 2115/1545/2025 2112/1542/2025
f 2115/1545/2025 2111/1542/2024 2116/1545/2028
f 2116/1545/2028 2111/1542/2024 2110/1538/2023
f 2117/1546/2029 2112/1542/2025 2115/1545/2025
f 2112/1542/2025 2117/1546/2029 2113/1543/2026
f 2118/1546/2030 2113/1543/2026 2117/1546/2029
f 2113/1543/2026 2118/1546/2030 2114/1544/2027
f 2110/1538/2023 2119/1547/2031 2116/1545/2028
f 2120/1545/2032 2115/1545/2025 2116/1545/2028
f 2117/1546/2029 2115/1545/2025 2121/1548/2033
f 2121/1548/2033 2115/1545/2025 2120/1545/2032
f 2116/1545/2028 2119/1547/2031 2122/1545/2034
f 2122/1545/2034 2120/1545/2032 2116/1545/2028
f 2123/1546/2035 2117/1546/2029 2121/1548/2033
f 2117/1546/2029 2123/1546/2035 2118/1546/2030
f 2122/1545/2034 2119/1547/2031 2124/1547/2036
f 2122/1545/2034 2125/1549/2037 2120/1545/2032
f 2120/1545/2032 2126/1550/2033 2121/1548/2033
f 2126/1550/2033 2120/1545/2032 2125/1549/2037
f 2127/1550/2035 2121/1548/2033 2126/1550/2033
f 2121/1548/2033 2127/1550/2035 2123/1546/2035
f 2125/1549/2037 2122/1545/2034 2128/1549/2038
f 2128/1549/2038 2122/1545/2034 2124/1547/2036
f 2124/1547/2036 2129/1551/2039 2128/1549/2038
f 2130/1549/2040 2125/1549/2037 2128/1549/2038
f 2125/1549/2037 2131/1550/2041 2126/1550/2033
f 2131/1550/2041 2125/1549/2037 2130/1549/2040
f 2132/1550/2042 2126/1550/2033 2131/1550/2041
f 2126/1550/2033 2132/1550/2042 2127/1550/2035
f 2128/1549/2038 2129/1551/2039 2133/1552/2043
f 2133/1552/2043 2130/1549/2040 2128/1549/2038
f 2133/1552/2043 2134/1553/2044 2130/1549/2040
f 2134/1553/2044 2131/1550/2041 2130/1549/2040
f 2135/1554/2045 2131/1550/2041 2134/1553/2044
f 2135/1554/2045 2132/1550/2042 2131/1550/2041
f 2136/1555/2046 2133/1552/2043 2129/1551/2039
f 2134/1553/2044 2133/1552/2043 2137/1556/2047
f 2137/1556/2047 2133/1552/2043 2136/1555/2046
f 2138/1557/2048 2132/1550/2042 2135/1554/2045
f 2139/1558/2049 2134/1553/2044 2137/1556/2047
f 2134/1553/2044 2139/1558/2049 2140/1559/2050
f 2140/1559/2050 2135/1554/2045 2134/1553/2044
f 2135/1554/2045 2140/1559/2050 2141/1554/2051
f 2141/1554/2051 2138/1557/2048 2135/1554/2045
f 2139/1558/2049 2142/1560/2052 2140/1559/2050
f 2141/1554/2051 2140/1559/2050 2142/1560/2052
f 2141/1554/2051 2143/1557/2053 2138/1557/2048
f 2142/1560/2052 2143/1557/2053 2141/1554/2051
f 2137/1556/2047 2136/1555/2046 2144/1561/2054
f 2137/1556/2047 2145/1562/2055 2139/1558/2049
f 2145/1562/2055 2137/1556/2047 2144/1561/2054
f 2142/1560/2052 2139/1558/2049 2146/1560/2056
f 2147/1563/2057 2139/1558/2049 2145/1562/2055
f 2139/1558/2049 2147/1563/2057 2146/1560/2056
f 2142/1560/2052 2146/1560/2056 2148/1564/2058
f 2148/1564/2058 2143/1557/2053 2142/1560/2052
f 2146/1560/2056 2147/1563/2057 2149/1565/2059
f 2146/1560/2056 2149/1565/2059 2148/1564/2058
f 2147/1563/2057 2150/1565/2060 2149/1565/2059
f 2151/1495/2061 2152/1566/2062 2153/1496/2063
f 2152/1566/2062 2151/1495/2061 2154/1567/2064
f 2155/1497/2065 2154/1567/2064 2151/1495/2061
f 2154/1567/2064 2156/1568/2066 2152/1566/2062
f 2154/1567/2064 2155/1497/2065 2157/1569/2067
f 2156/1568/2066 2154/1567/2064 2158/1570/2068
f 2158/1570/2068 2154/1567/2064 2157/1569/2067
f 2054/1501/1971 2157/1569/2067 2155/1497/2065
f 2158/1570/2068 2157/1569/2067 2159/1570/2069
f 2157/1569/2067 2054/1501/1971 2160/1571/2070
f 2159/1570/2069 2157/1569/2067 2160/1571/2070
f 2160/1571/2070 2054/1501/1971 2161/1505/2071
f 2159/1570/2069 2160/1571/2070 2162/1572/2072
f 2161/1505/2071 2162/1572/2072 2160/1571/2070
f 2158/1570/2068 2159/1570/2069 2163/1573/2073
f 2162/1572/2072 2163/1573/2073 2159/1570/2069
f 2164/1507/2074 2162/1572/2072 2161/1505/2071
f 2165/1574/2075 2163/1573/2073 2162/1572/2072
f 2162/1572/2072 2164/1507/2074 2165/1574/2075
f 2166/1573/2076 2158/1570/2068 2163/1573/2073
f 2167/1575/2077 2158/1570/2068 2166/1573/2076
f 2158/1570/2068 2167/1575/2077 2168/1576/2078
f 2163/1573/2073 2169/1577/2079 2166/1573/2076
f 2163/1573/2073 2170/1578/2080 2169/1577/2079
f 2163/1573/2073 2165/1574/2075 2170/1578/2080
f 2166/1573/2076 2169/1577/2079 2171/1579/2081
f 2171/1579/2081 2167/1575/2077 2166/1573/2076
f 2172/1580/2082 2169/1577/2079 2170/1578/2080
f 2172/1580/2082 2171/1579/2081 2169/1577/2079
f 2170/1578/2080 2165/1574/2075 2173/1581/2083
f 2174/1582/2084 2165/1574/2075 2164/1507/2074
f 2173/1581/2083 2165/1574/2075 2174/1582/2084
f 2170/1578/2080 2173/1581/2083 2172/1580/2082
f 2174/1582/2084 2164/1507/2074 2175/1516/2085
f 2172/1580/2082 2176/1583/2086 2171/1579/2081
f 2176/1583/2086 2172/1580/2082 2177/1580/2087
f 2173/1581/2083 2177/1580/2087 2172/1580/2082
f 2177/1580/2087 2173/1581/2083 2178/1581/2088
f 2174/1582/2084 2178/1581/2088 2173/1581/2083
f 2179/1584/2089 2177/1580/2087 2178/1581/2088
f 2179/1584/2089 2176/1583/2086 2177/1580/2087
f 2178/1581/2088 2174/1582/2084 2180/1582/2090
f 2077/1516/1993 2174/1582/2084 2175/1516/2085
f 2174/1582/2084 2077/1516/1993 2180/1582/2090
f 2179/1584/2089 2181/1585/2091 2176/1583/2086
f 2178/1581/2088 2182/1584/2092 2179/1584/2089
f 2183/1586/2093 2178/1581/2088 2180/1582/2090
f 2178/1581/2088 2183/1586/2093 2182/1584/2092
f 2184/1587/2094 2179/1584/2089 2182/1584/2092
f 2181/1585/2091 2179/1584/2089 2184/1587/2094
f 2180/1582/2090 2082/1522/1998 2183/1586/2093
f 2082/1522/1998 2180/1582/2090 2077/1516/1993
f 2184/1587/2094 2182/1584/2092 2185/1588/2095
f 2185/1588/2095 2182/1584/2092 2183/1586/2093
f 2185/1588/2095 2183/1586/2093 2186/1589/2096
f 2186/1589/2096 2183/1586/2093 2082/1522/1998
f 2181/1585/2091 2184/1587/2094 2187/1587/2097
f 2188/1588/2098 2187/1587/2097 2184/1587/2094
f 2185/1588/2095 2188/1588/2098 2184/1587/2094
f 2189/1589/2099 2188/1588/2098 2185/1588/2095
f 2185/1588/2095 2186/1589/2096 2189/1589/2099
f 2187/1587/2097 2190/1585/2100 2181/1585/2091
f 2186/1589/2096 2082/1522/1998 2191/1525/2101
f 2186/1589/2096 2192/1525/2102 2189/1589/2099
f 2192/1525/2102 2186/1589/2096 2191/1525/2101
f 2193/1590/2103 2187/1587/2097 2188/1588/2098
f 2187/1587/2097 2193/1590/2103 2194/1591/2104
f 2194/1591/2104 2190/1585/2100 2187/1587/2097
f 2188/1588/2098 2195/1592/2103 2193/1590/2103
f 2195/1592/2103 2188/1588/2098 2189/1589/2099
f 2196/1529/2105 2189/1589/2099 2192/1525/2102
f 2189/1589/2099 2196/1529/2105 2195/1592/2103
f 2194/1591/2104 2197/1593/2106 2190/1585/2100
f 2193/1590/2103 2198/1594/2107 2194/1591/2104
f 2197/1593/2106 2194/1591/2104 2198/1594/2107
f 2198/1594/2107 2193/1590/2103 2199/1595/2108
f 2029/1479/1946 2038/1488/1955 2200/1596/2109
f 2036/1486/1953 2029/1479/1946 2200/1596/2109
f 2201/1597/2110 2032/1482/1949 2031/1481/1948
f 2202/1485/2111 2201/1597/2110 2031/1481/1948
f 2031/1481/1948 2035/1485/1952 2202/1485/2111
f 2203/1598/2112 2032/1482/1949 2201/1597/2110
f 2203/1598/2112 2033/1483/1950 2032/1482/1949
f 2204/1485/2113 2202/1485/2111 2035/1485/1952
f 2034/1484/1951 2204/1485/2113 2035/1485/1952
f 2034/1484/1951 2036/1486/1953 2205/1484/2114
f 2204/1485/2113 2034/1484/1951 2205/1484/2114
f 2200/1596/2109 2206/1599/2115 2036/1486/1953
f 2206/1599/2115 2205/1484/2114 2036/1486/1953
f 2206/1599/2115 2200/1596/2109 2207/1600/2116
f 2207/1600/2116 2200/1596/2109 2038/1488/1955
f 2201/1597/2110 2208/1601/2117 2203/1598/2112
f 2201/1597/2110 2202/1485/2111 2208/1601/2117
f 2207/1600/2116 2038/1488/1955 2209/1602/2118
f 2202/1485/2111 2204/1485/2113 2210/1485/2119
f 2205/1484/2114 2211/1603/2120 2204/1485/2113
f 2211/1603/2120 2210/1485/2119 2204/1485/2113
f 2205/1484/2114 2206/1599/2115 2212/1604/2121
f 2211/1603/2120 2205/1484/2114 2212/1604/2121
f 2207/1600/2116 2213/1605/2122 2206/1599/2115
f 2213/1605/2122 2212/1604/2121 2206/1599/2115
f 2214/1606/2123 2202/1485/2111 2210/1485/2119
f 2202/1485/2111 2214/1606/2123 2215/1606/2124
f 2208/1601/2117 2202/1485/2111 2215/1606/2124
f 2213/1605/2122 2207/1600/2116 2216/1605/2125
f 2216/1605/2125 2207/1600/2116 2209/1602/2118
f 2210/1485/2119 2211/1603/2120 2217/1607/2126
f 2210/1485/2119 2217/1607/2126 2214/1606/2123
f 2218/1608/2127 2217/1607/2126 2211/1603/2120
f 2218/1608/2127 2211/1603/2120 2212/1604/2121
f 2212/1604/2121 2213/1605/2122 2219/1609/2128
f 2219/1609/2128 2218/1608/2127 2212/1604/2121
f 2216/1605/2125 2209/1602/2118 2220/1610/2129
f 2216/1605/2125 2221/1611/2130 2213/1605/2122
f 2213/1605/2122 2222/1612/2131 2219/1609/2128
f 2222/1612/2131 2213/1605/2122 2221/1611/2130
f 2222/1612/2131 2218/1608/2127 2219/1609/2128
f 2221/1611/2130 2216/1605/2125 2223/1613/2132
f 2223/1613/2132 2216/1605/2125 2220/1610/2129
f 2224/1614/2133 2214/1606/2123 2217/1607/2126
f 2217/1607/2126 2218/1608/2127 2225/1615/2134
f 2217/1607/2126 2225/1615/2134 2224/1614/2133
f 2226/1616/2135 2225/1615/2134 2218/1608/2127
f 2222/1612/2131 2226/1616/2135 2218/1608/2127
f 2221/1611/2130 2227/1617/1478 2222/1612/2131
f 2227/1617/1478 2226/1616/2135 2222/1612/2131
f 2228/1610/2136 2223/1613/2132 2220/1610/2129
f 2223/1613/2132 2228/1610/2136 2229/1613/2137
f 2229/1613/2137 2221/1611/2130 2223/1613/2132
f 2221/1611/2130 2229/1613/2137 2230/1611/2138
f 2230/1611/2138 2227/1617/1478 2221/1611/2130
f 2231/1618/2139 2224/1614/2133 2225/1615/2134
f 2225/1615/2134 2226/1616/2135 2232/1616/2140
f 2232/1616/2140 2231/1618/2139 2225/1615/2134
f 2226/1616/2135 2233/1619/2141 2232/1616/2140
f 2233/1619/2141 2226/1616/2135 2234/1619/2142
f 2227/1617/1478 2234/1619/2142 2226/1616/2135
f 2230/1611/2138 2235/1620/2143 2227/1617/1478
f 2235/1620/2143 2234/1619/2142 2227/1617/1478
f 2229/1613/2137 2236/1621/2144 2230/1611/2138
f 2236/1621/2144 2235/1620/2143 2230/1611/2138
f 2236/1621/2144 2229/1613/2137 2237/1622/2145
f 2228/1610/2136 2237/1622/2145 2229/1613/2137
f 2238/1623/2146 2232/1616/2140 2233/1619/2141
f 2232/1616/2140 2238/1623/2146 2231/1618/2139
f 2237/1622/2145 2228/1610/2136 2239/1624/2147
f 2240/1625/2148 2233/1619/2141 2234/1619/2142
f 2234/1619/2142 2235/1620/2143 2240/1625/2148
f 2233/1619/2141 2240/1625/2148 2241/1625/2149
f 2241/1625/2149 2238/1623/2146 2233/1619/2141
f 2236/1621/2144 2242/1626/2150 2235/1620/2143
f 2242/1626/2150 2240/1625/2148 2235/1620/2143
f 2237/1622/2145 2243/1627/2151 2236/1621/2144
f 2236/1621/2144 2243/1627/2151 2242/1626/2150
f 2243/1627/2151 2237/1622/2145 2244/1627/2152
f 2239/1624/2147 2244/1627/2152 2237/1622/2145
f 2245/1628/2153 2241/1625/2149 2240/1625/2148
f 2240/1625/2148 2242/1626/2150 2245/1628/2153
f 2243/1627/2151 2246/1629/2154 2242/1626/2150
f 2246/1629/2154 2245/1628/2153 2242/1626/2150
f 2238/1623/2146 2241/1625/2149 2247/1630/2155
f 2241/1625/2149 2245/1628/2153 2248/1631/2156
f 2248/1631/2156 2247/1630/2155 2241/1625/2149
f 2239/1624/2147 2249/1632/2157 2244/1627/2152
f 2244/1627/2152 2250/1633/2158 2243/1627/2151
f 2251/1634/2159 2243/1627/2151 2250/1633/2158
f 2246/1629/2154 2243/1627/2151 2251/1634/2159
f 2252/1635/2160 2244/1627/2152 2249/1632/2157
f 2244/1627/2152 2252/1635/2160 2250/1633/2158
f 2245/1628/2153 2253/1636/2161 2248/1631/2156
f 2245/1628/2153 2254/1637/2162 2253/1636/2161
f 2245/1628/2153 2246/1629/2154 2254/1637/2162
f 2251/1634/2159 2255/1638/2163 2246/1629/2154
f 2255/1638/2163 2254/1637/2162 2246/1629/2154
f 2247/1630/2155 2248/1631/2156 2256/1639/2164
f 2248/1631/2156 2257/1640/2165 2256/1639/2164
f 2257/1640/2165 2248/1631/2156 2253/1636/2161
f 2258/1635/2166 2250/1633/2158 2252/1635/2160
f 2259/1641/2167 2251/1634/2159 2250/1633/2158
f 2250/1633/2158 2258/1635/2166 2259/1641/2167
f 2251/1634/2159 2259/1641/2167 2260/1642/2168
f 2260/1642/2168 2255/1638/2163 2251/1634/2159
f 2253/1636/2161 2261/1643/2169 2257/1640/2165
f 2261/1643/2169 2253/1636/2161 2262/1636/2170
f 2254/1637/2162 2262/1636/2170 2253/1636/2161
f 2262/1636/2170 2254/1637/2162 2263/1637/2171
f 2254/1637/2162 2255/1638/2163 2263/1637/2171
f 2260/1642/2168 2264/1644/2172 2255/1638/2163
f 2264/1644/2172 2263/1637/2171 2255/1638/2163
f 2265/1645/2173 2259/1641/2167 2258/1635/2166
f 2259/1641/2167 2266/1646/2174 2260/1642/2168
f 2259/1641/2167 2265/1645/2173 2266/1646/2174
f 2267/1647/2175 2260/1642/2168 2266/1646/2174
f 2260/1642/2168 2267/1647/2175 2264/1644/2172
f 2262/1636/2170 2268/1648/2176 2261/1643/2169
f 2269/1649/2177 2262/1636/2170 2263/1637/2171
f 2268/1648/2176 2262/1636/2170 2269/1649/2177
f 2263/1637/2171 2270/1650/2178 2269/1649/2177
f 2263/1637/2171 2264/1644/2172 2270/1650/2178
f 2271/1651/2179 2266/1646/2174 2265/1645/2173
f 2272/1652/2180 2267/1647/2175 2266/1646/2174
f 2266/1646/2174 2271/1651/2179 2272/1652/2180
f 2267/1647/2175 2272/1652/2180 2273/1652/2181
f 2273/1652/2181 2264/1644/2172 2267/1647/2175
f 2264/1644/2172 2273/1652/2181 2274/1653/2182
f 2274/1653/2182 2275/1650/2183 2264/1644/2172
f 2270/1650/2178 2264/1644/2172 2275/1650/2183
f 2276/1649/2184 2270/1650/2178 2275/1650/2183
f 2270/1650/2178 2276/1649/2184 2269/1649/2177
f 2277/1654/2185 2269/1649/2177 2276/1649/2184
f 2269/1649/2177 2277/1654/2185 2268/1648/2176
f 2278/1655/1215 2274/1653/2182 2273/1652/2181
f 2278/1655/1215 2275/1650/2183 2274/1653/2182
f 2272/1652/2180 2279/1656/2186 2273/1652/2181
f 2278/1655/1215 2273/1652/2181 2279/1656/2186
f 2280/1657/2187 2272/1652/2180 2271/1651/2179
f 2272/1652/2180 2280/1657/2187 2279/1656/2186
f 2281/1655/2188 2276/1649/2184 2275/1650/2183
f 2275/1650/2183 2278/1655/1215 2281/1655/2188
f 2282/1658/2189 2276/1649/2184 2281/1655/2188
f 2276/1649/2184 2282/1658/2189 2277/1654/2185
f 2279/1656/2186 2283/1655/2190 2278/1655/1215
f 2281/1655/2188 2278/1655/1215 2283/1655/2190
f 2279/1656/2186 2280/1657/2187 2283/1655/2190
f 2283/1655/2190 2282/1658/2189 2281/1655/2188
f 2282/1658/2189 2283/1655/2190 2284/1659/2191
f 2283/1655/2190 2280/1657/2187 2284/1659/2191
f 2285/1660/2192 2286/1661/2193 2287/1662/2194
f 2287/1662/2194 2288/1663/2195 2285/1660/2192
f 2289/1664/2196 2287/1662/2194 2286/1661/2193
f 2288/1663/2195 2287/1662/2194 2290/1665/2197
f 2291/1666/2198 2288/1663/2195 2290/1665/2197
f 2289/1664/2196 2286/1661/2193 2292/1667/2199
f 2293/1668/2200 2292/1667/2199 2286/1661/2193
f 2290/1665/2197 2294/1669/2201 2291/1666/2198
f 2295/1670/2202 2294/1669/2201 2290/1665/2197
f 2296/1671/2203 2291/1666/2198 2294/1669/2201
f 2294/1669/2201 2295/1670/2202 2297/1672/2204
f 2297/1672/2204 2298/1673/2205 2294/1669/2201
f 2294/1669/2201 2298/1673/2205 2296/1671/2203
f 2299/1674/2206 2296/1671/2203 2298/1673/2205
f 2298/1673/2205 2297/1672/2204 2300/1675/2207
f 2300/1675/2207 2301/1676/2208 2298/1673/2205
f 2298/1673/2205 2301/1676/2208 2299/1674/2206
f 2302/1677/2209 2299/1674/2206 2301/1676/2208
f 2301/1676/2208 2300/1675/2207 2303/1678/2210
f 2304/1679/2211 2303/1678/2210 2300/1675/2207
f 2297/1672/2204 2304/1679/2211 2300/1675/2207
f 2305/1680/2212 2301/1676/2208 2303/1678/2210
f 2301/1676/2208 2305/1680/2212 2302/1677/2209
f 2306/1681/2213 2297/1672/2204 2295/1670/2202
f 2297/1672/2204 2306/1681/2213 2307/1682/2214
f 2304/1679/2211 2297/1672/2204 2307/1682/2214
f 2307/1682/2214 2306/1681/2213 2308/1683/2215
f 2308/1683/2215 2304/1679/2211 2307/1682/2214
f 2305/1680/2212 2309/1684/2216 2302/1677/2209
f 2303/1678/2210 2310/1685/2217 2305/1680/2212
f 2305/1680/2212 2310/1685/2217 2311/1686/2218
f 2309/1684/2216 2305/1680/2212 2311/1686/2218
f 2303/1678/2210 2304/1679/2211 2312/1687/2219
f 2303/1678/2210 2313/1688/2220 2310/1685/2217
f 2313/1688/2220 2303/1678/2210 2312/1687/2219
f 2304/1679/2211 2308/1683/2215 2314/1689/2221
f 2315/1690/2222 2304/1679/2211 2314/1689/2221
f 2315/1690/2222 2312/1687/2219 2304/1679/2211
f 2315/1690/2222 2313/1688/2220 2312/1687/2219
f 2316/1691/2223 2310/1685/2217 2313/1688/2220
f 2317/1692/2224 2311/1686/2218 2310/1685/2217
f 2310/1685/2217 2316/1691/2223 2317/1692/2224
f 2318/1693/2225 2316/1691/2223 2313/1688/2220
f 2313/1688/2220 2315/1690/2222 2318/1693/2225
f 2319/1694/2226 2309/1684/2216 2311/1686/2218
f 2320/1695/2227 2311/1686/2218 2317/1692/2224
f 2311/1686/2218 2320/1695/2227 2319/1694/2226
f 2309/1684/2216 2319/1694/2226 2321/1696/2228
f 2317/1692/2224 2322/1697/2229 2320/1695/2227
f 2322/1697/2229 2317/1692/2224 2316/1691/2223
f 2323/1698/2230 2322/1697/2229 2316/1691/2223
f 2316/1691/2223 2318/1693/2225 2323/1698/2230
f 2318/1693/2225 2315/1690/2222 2324/1699/2231
f 2315/1690/2222 2314/1689/2221 2325/1700/2232
f 2324/1699/2231 2315/1690/2222 2325/1700/2232
f 2326/1701/2233 2323/1698/2230 2318/1693/2225
f 2326/1701/2233 2318/1693/2225 2324/1699/2231
f 2322/1697/2229 2323/1698/2230 2327/1702/2234
f 2326/1701/2233 2327/1702/2234 2323/1698/2230
f 2319/1694/2226 2328/1703/2235 2321/1696/2228
f 2320/1695/2227 2329/1704/2236 2319/1694/2226
f 2328/1703/2235 2319/1694/2226 2329/1704/2236
f 2320/1695/2227 2322/1697/2229 2330/1705/2237
f 2329/1704/2236 2320/1695/2227 2330/1705/2237
f 2330/1705/2237 2322/1697/2229 2331/1697/2238
f 2322/1697/2229 2332/1702/2239 2331/1697/2238
f 2332/1702/2239 2322/1697/2229 2327/1702/2234
f 2324/1699/2231 2333/1706/2240 2326/1701/2233
f 2333/1706/2240 2324/1699/2231 2334/1707/2241
f 2324/1699/2231 2325/1700/2232 2334/1707/2241
f 2333/1706/2240 2335/1708/2242 2326/1701/2233
f 2327/1702/2234 2326/1701/2233 2335/1708/2242
f 2327/1702/2234 2336/1709/2243 2332/1702/2239
f 2336/1709/2243 2327/1702/2234 2335/1708/2242
f 2329/1704/2236 2337/1710/2244 2328/1703/2235
f 2329/1704/2236 2338/1711/2245 2337/1710/2244
f 2338/1711/2245 2329/1704/2236 2330/1705/2237
f 2331/1697/2238 2339/1712/2246 2330/1705/2237
f 2330/1705/2237 2339/1712/2246 2338/1711/2245
f 2339/1712/2246 2331/1697/2238 2340/1713/2247
f 2341/1714/2248 2331/1697/2238 2332/1702/2239
f 2331/1697/2238 2341/1714/2248 2340/1713/2247
f 2336/1709/2243 2342/1715/2249 2332/1702/2239
f 2341/1714/2248 2332/1702/2239 2342/1715/2249
f 2343/1716/2250 2338/1711/2245 2339/1712/2246
f 2338/1711/2245 2343/1716/2250 2337/1710/2244
f 2335/1708/2242 2333/1706/2240 2344/1717/2251
f 2335/1708/2242 2345/1718/2252 2336/1709/2243
f 2345/1718/2252 2335/1708/2242 2344/1717/2251
f 2336/1709/2243 2346/1719/2253 2342/1715/2249
f 2336/1709/2243 2345/1718/2252 2346/1719/2253
f 2347/1720/2254 2339/1712/2246 2340/1713/2247
f 2339/1712/2246 2347/1720/2254 2343/1716/2250
f 2341/1714/2248 2347/1720/2254 2340/1713/2247
f 2347/1720/2254 2341/1714/2248 2348/1721/2255
f 2342/1715/2249 2348/1721/2255 2341/1714/2248
f 2348/1721/2255 2342/1715/2249 2346/1719/2253
f 2334/1707/2241 2325/1700/2232 2349/1722/2256
f 2325/1700/2232 2350/1723/2257 2349/1722/2256
f 2350/1723/2257 2325/1700/2232 2314/1689/2221
f 2351/1724/2258 2349/1722/2256 2350/1723/2257
f 2314/1689/2221 2308/1683/2215 2350/1723/2257
f 2350/1723/2257 2352/1725/2259 2351/1724/2258
f 2350/1723/2257 2308/1683/2215 2352/1725/2259
f 2353/1726/2260 2351/1724/2258 2352/1725/2259
f 2193/1590/2103 2354/1534/2261 2199/1595/2108
f 2354/1534/2261 2193/1590/2103 2195/1592/2103
f 2355/1534/2262 2195/1592/2103 2196/1529/2105
f 2195/1592/2103 2355/1534/2262 2354/1534/2261
f 2198/1594/2107 2356/1727/2263 2197/1593/2106
f 2356/1727/2263 2198/1594/2107 2357/1595/2264
f 2199/1595/2108 2357/1595/2264 2198/1594/2107
f 2357/1595/2264 2199/1595/2108 2358/1595/2265
f 2359/1534/2266 2199/1595/2108 2354/1534/2261
f 2359/1534/2266 2358/1595/2265 2199/1595/2108
f 2360/1534/2267 2354/1534/2261 2355/1534/2262
f 2354/1534/2261 2360/1534/2267 2359/1534/2266
f 2357/1595/2264 2361/1728/2268 2356/1727/2263
f 2358/1595/2265 2362/1729/2269 2357/1595/2264
f 2361/1728/2268 2357/1595/2264 2362/1729/2269
f 2362/1729/2269 2358/1595/2265 2363/1729/2270
f 2358/1595/2265 2364/1541/2266 2363/1729/2270
f 2364/1541/2266 2358/1595/2265 2359/1534/2266
f 2365/1541/2271 2359/1534/2266 2360/1534/2267
f 2359/1534/2266 2365/1541/2271 2364/1541/2266
f 2362/1729/2269 2366/1728/2272 2361/1728/2268
f 2366/1728/2272 2362/1729/2269 2367/1730/2273
f 2363/1729/2270 2367/1730/2273 2362/1729/2269
f 2367/1730/2273 2363/1729/2270 2368/1730/2274
f 2369/1544/2275 2363/1729/2270 2364/1541/2266
f 2369/1544/2275 2368/1730/2274 2363/1729/2270
f 2370/1544/2276 2364/1541/2266 2365/1541/2271
f 2364/1541/2266 2370/1544/2276 2369/1544/2275
f 2371/1731/2277 2367/1730/2273 2368/1730/2274
f 2367/1730/2273 2371/1731/2277 2372/1731/2278
f 2372/1731/2278 2366/1728/2272 2367/1730/2273
f 2373/1732/2279 2368/1730/2274 2369/1544/2275
f 2368/1730/2274 2373/1732/2279 2371/1731/2277
f 2374/1546/2280 2369/1544/2275 2370/1544/2276
f 2369/1544/2275 2374/1546/2280 2373/1732/2279
f 2375/1733/2281 2366/1728/2272 2372/1731/2278
f 2376/1731/2282 2372/1731/2278 2371/1731/2277
f 2377/1734/2283 2371/1731/2277 2373/1732/2279
f 2377/1734/2283 2376/1731/2282 2371/1731/2277
f 2378/1731/2284 2375/1733/2281 2372/1731/2278
f 2378/1731/2284 2372/1731/2278 2376/1731/2282
f 2379/1546/2285 2373/1732/2279 2374/1546/2280
f 2373/1732/2279 2379/1546/2285 2377/1734/2283
f 2378/1731/2284 2380/1733/2286 2375/1733/2281
f 2381/1735/2287 2378/1731/2284 2376/1731/2282
f 2376/1731/2282 2382/1736/2288 2381/1735/2287
f 2382/1736/2288 2376/1731/2282 2377/1734/2283
f 2383/1550/2285 2377/1734/2283 2379/1546/2285
f 2377/1734/2283 2383/1550/2285 2382/1736/2288
f 2378/1731/2284 2381/1735/2287 2384/1735/2289
f 2378/1731/2284 2384/1735/2289 2380/1733/2286
f 2385/1737/2290 2380/1733/2286 2384/1735/2289
f 2386/1738/2291 2384/1735/2289 2381/1735/2287
f 2387/1736/2292 2381/1735/2287 2382/1736/2288
f 2387/1736/2292 2386/1738/2291 2381/1735/2287
f 2388/1550/2293 2382/1736/2288 2383/1550/2285
f 2382/1736/2288 2388/1550/2293 2387/1736/2292
f 2389/1738/2294 2385/1737/2290 2384/1735/2289
f 2389/1738/2294 2384/1735/2289 2386/1738/2291
f 2390/1739/2291 2389/1738/2294 2386/1738/2291
f 2390/1739/2291 2386/1738/2291 2387/1736/2292
f 2387/1736/2292 2391/1740/2295 2390/1739/2291
f 2388/1550/2293 2391/1740/2295 2387/1736/2292
f 2389/1738/2294 2392/1737/2296 2385/1737/2290
f 2389/1738/2294 2390/1739/2291 2393/1741/2297
f 2393/1741/2297 2392/1737/2296 2389/1738/2294
f 2391/1740/2295 2388/1550/2293 2394/1557/2298
f 2390/1739/2291 2395/1742/2299 2393/1741/2297
f 2395/1742/2299 2390/1739/2291 2396/1739/2300
f 2391/1740/2295 2396/1739/2300 2390/1739/2291
f 2396/1739/2300 2391/1740/2295 2397/1740/2301
f 2394/1557/2298 2397/1740/2301 2391/1740/2295
f 2398/1743/2302 2395/1742/2299 2396/1739/2300
f 2397/1740/2301 2398/1743/2302 2396/1739/2300
f 2397/1740/2301 2394/1557/2298 2399/1557/2303
f 2399/1557/2303 2398/1743/2302 2397/1740/2301
f 2400/1744/2304 2392/1737/2296 2393/1741/2297
f 2401/1745/2305 2393/1741/2297 2395/1742/2299
f 2393/1741/2297 2401/1745/2305 2400/1744/2304
f 2395/1742/2299 2398/1743/2302 2402/1743/2306
f 2395/1742/2299 2403/1746/2307 2401/1745/2305
f 2403/1746/2307 2395/1742/2299 2402/1743/2306
f 2398/1743/2302 2404/1564/2308 2402/1743/2306
f 2398/1743/2302 2399/1557/2303 2404/1564/2308
f 2402/1743/2306 2405/1565/2309 2403/1746/2307
f 2405/1565/2309 2402/1743/2306 2404/1564/2308
f 2406/1565/2310 2403/1746/2307 2405/1565/2309
f 2407/1747/2311 2408/1748/2312 2409/1749/2313
f 2409/1749/2313 2410/1750/2314 2407/1747/2311
f 2411/1751/2315 2407/1747/2311 2410/1750/2314
f 2409/1749/2313 2412/1752/2316 2410/1750/2314
f 2409/1749/2313 2413/1753/2317 2412/1752/2316
f 2410/1750/2314 2414/1754/2318 2411/1751/2315
f 2415/1755/2319 2410/1750/2314 2412/1752/2316
f 2415/1755/2319 2414/1754/2318 2410/1750/2314
f 2416/1756/2320 2415/1755/2319 2412/1752/2316
f 2413/1753/2317 2416/1756/2320 2412/1752/2316
f 2417/1757/2321 2411/1751/2315 2414/1754/2318
f 2417/1757/2321 2414/1754/2318 2418/1758/2322
f 2419/1759/2323 2414/1754/2318 2415/1755/2319
f 2419/1759/2323 2418/1758/2322 2414/1754/2318
f 2415/1755/2319 2416/1756/2320 2420/1760/2324
f 2421/1761/2325 2415/1755/2319 2420/1760/2324
f 2419/1759/2323 2415/1755/2319 2421/1761/2325
f 2422/1762/2326 2420/1760/2324 2416/1756/2320
f 2413/1753/2317 2422/1762/2326 2416/1756/2320
f 2422/1762/2326 2413/1753/2317 2423/1763/2327
f 2420/1760/2324 2422/1762/2326 2424/1764/2328
f 2420/1760/2324 2425/1765/2329 2421/1761/2325
f 2425/1765/2329 2420/1760/2324 2424/1764/2328
f 2426/1766/2330 2424/1764/2328 2422/1762/2326
f 2426/1766/2330 2422/1762/2326 2423/1763/2327
f 2427/1767/2331 2426/1766/2330 2423/1763/2327
f 2424/1764/2328 2426/1766/2330 2428/1768/2332
f 2424/1764/2328 2429/1769/2333 2425/1765/2329
f 2429/1769/2333 2424/1764/2328 2428/1768/2332
f 2430/1770/2334 2428/1768/2332 2426/1766/2330
f 2426/1766/2330 2431/1771/2335 2430/1770/2334
f 2431/1771/2335 2426/1766/2330 2427/1767/2331
f 2428/1768/2332 2430/1770/2334 2432/1772/2336
f 2432/1772/2336 2429/1769/2333 2428/1768/2332
f 2431/1771/2335 2427/1767/2331 2433/1773/2337
f 2434/1774/2338 2430/1770/2334 2431/1771/2335
f 2430/1770/2334 2435/1775/2339 2432/1772/2336
f 2435/1775/2339 2430/1770/2334 2434/1774/2338
f 2434/1774/2338 2431/1771/2335 2436/1776/2340
f 2437/1777/2341 2436/1776/2340 2431/1771/2335
f 2437/1777/2341 2431/1771/2335 2433/1773/2337
f 2434/1774/2338 2438/1778/2342 2435/1775/2339
f 2436/1776/2340 2439/1779/2343 2434/1774/2338
f 2438/1778/2342 2434/1774/2338 2440/1780/2344
f 2434/1774/2338 2439/1779/2343 2440/1780/2344
f 2437/1777/2341 2441/1781/2345 2436/1776/2340
f 2439/1779/2343 2436/1776/2340 2441/1781/2345
f 2437/1777/2341 2439/1779/2343 2441/1781/2345
f 2439/1779/2343 2437/1777/2341 2442/1782/2346
f 2443/1783/2347 2442/1782/2346 2437/1777/2341
f 2443/1783/2347 2437/1777/2341 2433/1773/2337
f 2433/1773/2337 2444/1784/2348 2443/1783/2347
f 2440/1780/2344 2439/1779/2343 2445/1785/2349
f 2442/1782/2346 2445/1785/2349 2439/1779/2343
f 2440/1780/2344 2446/1786/2350 2438/1778/2342
f 2446/1786/2350 2440/1780/2344 2445/1785/2349
f 2442/1782/2346 2443/1783/2347 2447/1787/2351
f 2444/1784/2348 2447/1787/2351 2443/1783/2347
f 2447/1787/2351 2448/1788/2352 2442/1782/2346
f 2445/1785/2349 2442/1782/2346 2448/1788/2352
f 2445/1785/2349 2448/1788/2352 2446/1786/2350
f 2446/1786/2350 2448/1788/2352 2449/1789/2353
f 2448/1788/2352 2447/1787/2351 2450/1790/2354
f 2451/1791/2355 2450/1790/2354 2447/1787/2351
f 2447/1787/2351 2444/1784/2348 2451/1791/2355
f 2448/1788/2352 2450/1790/2354 2452/1792/1910
f 2448/1788/2352 2452/1792/1910 2449/1789/2353
f 2444/1784/2348 2453/1793/2356 2451/1791/2355
f 2450/1790/2354 2451/1791/2355 2454/1794/2357
f 2455/1795/2358 2450/1790/2354 2454/1794/2357
f 2450/1790/2354 2455/1795/2358 2452/1792/1910
f 2456/1796/2359 2454/1794/2357 2451/1791/2355
f 2453/1793/2356 2456/1796/2359 2451/1791/2355
f 2454/1794/2357 2456/1796/2359 2457/1797/2360
f 2457/1797/2360 2455/1795/2358 2454/1794/2357
f 2456/1796/2359 2453/1793/2356 2458/1798/2361
f 2457/1797/2360 2456/1796/2359 2459/1799/2362
f 2458/1798/2361 2459/1799/2362 2456/1796/2359
f 2455/1795/2358 2457/1797/2360 2460/1800/2363
f 2459/1799/2362 2461/1801/2315 2457/1797/2360
f 2462/1802/2364 2457/1797/2360 2461/1801/2315
f 2457/1797/2360 2462/1802/2364 2460/1800/2363
f 2463/1803/2365 2464/1804/2366 2465/1805/2367
f 2464/1804/2366 2463/1803/2365 2466/1806/2368
f 2467/1807/2369 2466/1806/2368 2463/1803/2365
f 2468/1808/2370 2464/1804/2366 2466/1806/2368
f 2464/1804/2366 2468/1808/2370 2469/1809/2371
f 2466/1806/2368 2467/1807/2369 2470/1810/2372
f 2471/1811/2373 2466/1806/2368 2470/1810/2372
f 2466/1806/2368 2471/1811/2373 2468/1808/2370
f 2471/1811/2373 2472/1812/2374 2468/1808/2370
f 2472/1812/2374 2469/1809/2371 2468/1808/2370
f 2467/1807/2369 2473/1757/2375 2470/1810/2372
f 2470/1810/2372 2473/1757/2375 2474/1758/2376
f 2475/1759/2377 2470/1810/2372 2474/1758/2376
f 2470/1810/2372 2475/1759/2377 2471/1811/2373
f 2472/1812/2374 2471/1811/2373 2476/1813/2378
f 2477/1761/2325 2471/1811/2373 2475/1759/2377
f 2471/1811/2373 2477/1761/2325 2476/1813/2378
f 2476/1813/2378 2478/1814/2379 2472/1812/2374
f 2469/1809/2371 2472/1812/2374 2478/1814/2379
f 2478/1814/2379 2479/1815/2380 2469/1809/2371
f 2476/1813/2378 2480/1816/2381 2478/1814/2379
f 2476/1813/2378 2481/1765/2382 2480/1816/2381
f 2481/1765/2382 2476/1813/2378 2477/1761/2325
f 2480/1816/2381 2482/1817/2383 2478/1814/2379
f 2479/1815/2380 2478/1814/2379 2482/1817/2383
f 2483/1818/2384 2479/1815/2380 2482/1817/2383
f 2482/1817/2383 2480/1816/2381 2484/1819/2385
f 2480/1816/2381 2485/1769/2386 2484/1819/2385
f 2485/1769/2386 2480/1816/2381 2481/1765/2382
f 2486/1820/2387 2482/1817/2383 2484/1819/2385
f 2487/1821/2388 2482/1817/2383 2486/1820/2387
f 2482/1817/2383 2487/1821/2388 2483/1818/2384
f 2486/1820/2387 2484/1819/2385 2488/1772/2389
f 2488/1772/2389 2484/1819/2385 2485/1769/2386
f 2487/1821/2388 2489/1822/2390 2483/1818/2384
f 2486/1820/2387 2490/1823/2391 2487/1821/2388
f 2486/1820/2387 2491/1775/2392 2490/1823/2391
f 2491/1775/2392 2486/1820/2387 2488/1772/2389
f 2492/1824/2393 2487/1821/2388 2490/1823/2391
f 2492/1824/2393 2493/1825/2394 2487/1821/2388
f 2493/1825/2394 2489/1822/2390 2487/1821/2388
f 2494/1778/2395 2490/1823/2391 2491/1775/2392
f 2495/1826/2396 2492/1824/2393 2490/1823/2391
f 2490/1823/2391 2494/1778/2395 2496/1827/2397
f 2495/1826/2396 2490/1823/2391 2496/1827/2397
f 2493/1825/2394 2492/1824/2393 2497/1828/2398
f 2492/1824/2393 2495/1826/2396 2497/1828/2398
f 2495/1826/2396 2493/1825/2394 2497/1828/2398
f 2493/1825/2394 2498/1829/2399 2489/1822/2390
f 2499/1830/2400 2498/1829/2399 2493/1825/2394
f 2493/1825/2394 2495/1826/2396 2499/1830/2400
f 2500/1831/2401 2489/1822/2390 2498/1829/2399
f 2495/1826/2396 2496/1827/2397 2501/1832/2402
f 2501/1832/2402 2499/1830/2400 2495/1826/2396
f 2502/1786/2403 2496/1827/2397 2494/1778/2395
f 2496/1827/2397 2502/1786/2403 2501/1832/2402
f 2498/1829/2399 2499/1830/2400 2503/1833/2404
f 2503/1833/2404 2500/1831/2401 2498/1829/2399
f 2504/1834/2405 2503/1833/2404 2499/1830/2400
f 2499/1830/2400 2501/1832/2402 2504/1834/2405
f 2502/1786/2403 2504/1834/2405 2501/1832/2402
f 2504/1834/2405 2502/1786/2403 2505/1789/2406
f 2503/1833/2404 2504/1834/2405 2506/1835/2407
f 2506/1835/2407 2507/1836/2408 2503/1833/2404
f 2500/1831/2401 2503/1833/2404 2507/1836/2408
f 2506/1835/2407 2504/1834/2405 2508/1792/1900
f 2505/1789/2406 2508/1792/1900 2504/1834/2405
f 2500/1831/2401 2507/1836/2408 2509/1837/2409
f 2507/1836/2408 2506/1835/2407 2510/1838/2410
f 2511/1795/2411 2506/1835/2407 2508/1792/1900
f 2506/1835/2407 2511/1795/2411 2510/1838/2410
f 2510/1838/2410 2512/1839/2412 2507/1836/2408
f 2512/1839/2412 2509/1837/2409 2507/1836/2408
f 2512/1839/2412 2510/1838/2410 2513/1840/2413
f 2511/1795/2411 2513/1840/2413 2510/1838/2410
f 2509/1837/2409 2512/1839/2412 2514/1841/2414
f 2512/1839/2412 2513/1840/2413 2515/1842/2415
f 2514/1841/2414 2512/1839/2412 2515/1842/2415
f 2513/1840/2413 2511/1795/2411 2516/1800/2416
f 2515/1842/2415 2513/1840/2413 2517/1843/2369
f 2513/1840/2413 2518/1802/2375 2517/1843/2369
f 2518/1802/2375 2513/1840/2413 2516/1800/2416
f 2519/1844/2417 2520/1845/2418 2521/1844/2419
f 2520/1845/2418 2519/1844/2417 2522/1845/2420
f 2522/1845/2420 2523/1846/2421 2520/1845/2418
f 2523/1846/2421 2522/1845/2420 2524/1846/2422
f 2525/1847/2423 2524/1846/2422 2522/1845/2420
f 2352/1725/2259 2526/1848/2424 2353/1726/2260
f 2527/1849/2425 2352/1725/2259 2308/1683/2215
f 2352/1725/2259 2527/1849/2425 2526/1848/2424
f 2308/1683/2215 2306/1681/2213 2527/1849/2425
f 2528/1850/2426 2353/1726/2260 2526/1848/2424
f 2527/1849/2425 2306/1681/2213 2529/1851/2427
f 2527/1849/2425 2529/1851/2427 2530/1852/2428
f 2295/1670/2202 2529/1851/2427 2306/1681/2213
f 2529/1851/2427 2531/1853/2429 2530/1852/2428
f 2532/1854/2430 2528/1850/2426 2526/1848/2424
f 2528/1850/2426 2532/1854/2430 2533/1855/2431
f 2529/1851/2427 2295/1670/2202 2534/1856/2432
f 2535/1857/2433 2529/1851/2427 2534/1856/2432
f 2531/1853/2429 2529/1851/2427 2536/1858/2434
f 2529/1851/2427 2535/1857/2433 2536/1858/2434
f 2537/1859/2435 2533/1855/2431 2532/1854/2430
f 2532/1854/2430 2538/1860/2436 2537/1859/2435
f 2531/1853/2429 2539/1861/2437 2538/1860/2436
f 2538/1860/2436 2539/1861/2437 2537/1859/2435
f 2539/1861/2437 2540/1862/2438 2537/1859/2435
f 2541/1863/2439 2536/1858/2434 2535/1857/2433
f 2536/1858/2434 2541/1863/2439 2542/1864/2440
f 2536/1858/2434 2543/1865/2441 2531/1853/2429
f 2543/1865/2441 2536/1858/2434 2542/1864/2440
f 2539/1861/2437 2531/1853/2429 2543/1865/2441
f 2540/1862/2438 2539/1861/2437 2544/1866/2442
f 2544/1866/2442 2539/1861/2437 2545/1867/2443
f 2545/1867/2443 2539/1861/2437 2543/1865/2441
f 2541/1863/2439 2546/1868/2444 2542/1864/2440
f 2542/1864/2440 2546/1868/2444 2543/1865/2441
f 2543/1865/2441 2546/1868/2444 2545/1867/2443
f 2535/1857/2433 2292/1667/2199 2541/1863/2439
f 2292/1667/2199 2535/1857/2433 2289/1664/2196
f 2541/1863/2439 2547/1869/2445 2546/1868/2444
f 2547/1869/2445 2541/1863/2439 2292/1667/2199
f 2547/1869/2445 2548/1870/2446 2546/1868/2444
f 2545/1867/2443 2546/1868/2444 2548/1870/2446
f 2545/1867/2443 2549/1871/2447 2544/1866/2442
f 2545/1867/2443 2548/1870/2446 2549/1871/2447
f 2544/1866/2442 2550/1872/2448 2540/1862/2438
f 2550/1872/2448 2544/1866/2442 2551/1873/2449
f 2544/1866/2442 2549/1871/2447 2551/1873/2449
f 2549/1871/2447 2548/1870/2446 2552/1874/2450
f 2552/1874/2450 2551/1873/2449 2549/1871/2447
f 2553/1875/2451 2552/1874/2450 2548/1870/2446
f 2548/1870/2446 2547/1869/2445 2553/1875/2451
f 2554/1876/2452 2553/1875/2451 2547/1869/2445
f 2292/1667/2199 2554/1876/2452 2547/1869/2445
f 2292/1667/2199 2293/1668/2200 2554/1876/2452
f 2555/1877/2453 2550/1872/2448 2551/1873/2449
f 2555/1877/2453 2551/1873/2449 2552/1874/2450
f 2556/1878/2454 2552/1874/2450 2553/1875/2451
f 2556/1878/2454 2555/1877/2453 2552/1874/2450
f 2554/1876/2452 2556/1878/2454 2553/1875/2451
f 2557/1879/2455 2554/1876/2452 2293/1668/2200
f 2554/1876/2452 2557/1879/2455 2556/1878/2454
f 2557/1879/2455 2555/1877/2453 2556/1878/2454
f 2550/1872/2448 2555/1877/2453 2558/1880/2456
f 2555/1877/2453 2557/1879/2455 2558/1880/2456
f 2557/1879/2455 2559/1881/2457 2558/1880/2456
f 2559/1881/2457 2550/1872/2448 2558/1880/2456
f 2293/1668/2200 2560/1882/2458 2557/1879/2455
f 2559/1881/2457 2557/1879/2455 2561/1883/2459
f 2560/1882/2458 2561/1883/2459 2557/1879/2455
f 2559/1881/2457 2561/1883/2459 2562/1884/2460
f 2550/1872/2448 2559/1881/2457 2563/1885/2461
f 2562/1884/2460 2563/1885/2461 2559/1881/2457
f 2562/1884/2460 2561/1883/2459 2564/1886/2462
f 2561/1883/2459 2565/1887/2463 2564/1886/2462
f 2565/1887/2463 2561/1883/2459 2566/1888/2464
f 2561/1883/2459 2560/1882/2458 2566/1888/2464
f 2565/1887/2463 2567/1889/822 2564/1886/2462
f 2567/1889/822 2562/1884/2460 2564/1886/2462
f 2563/1885/2461 2562/1884/2460 2568/1890/2465
f 2567/1889/822 2568/1890/2465 2562/1884/2460
f 2568/1890/2465 2569/1891/2466 2563/1885/2461
f 2567/1889/822 2569/1891/2466 2568/1890/2465
f 2567/1889/822 2565/1887/2463 2570/1892/2467
f 2569/1891/2466 2567/1889/822 2570/1892/2467
f 2571/1893/2468 2565/1887/2463 2566/1888/2464
f 2571/1893/2468 2570/1892/2467 2565/1887/2463
f 2560/1882/2458 2572/1894/2469 2566/1888/2464
f 2566/1888/2464 2572/1894/2469 2571/1893/2468
f 2560/1882/2458 2573/1895/2470 2572/1894/2469
f 2574/1896/2471 2563/1885/2461 2569/1891/2466
f 2575/1897/2472 2574/1896/2471 2569/1891/2466
f 2570/1892/2467 2575/1897/2472 2569/1891/2466
f 2570/1892/2467 2571/1893/2468 2576/1898/38
f 2575/1897/2472 2570/1892/2467 2576/1898/38
f 2577/1899/2473 2576/1898/38 2571/1893/2468
f 2571/1893/2468 2578/1900/2474 2577/1899/2473
f 2572/1894/2469 2578/1900/2474 2571/1893/2468
f 2577/1899/2473 2575/1897/2472 2576/1898/38
f 2579/1901/2475 2572/1894/2469 2573/1895/2470
f 2578/1900/2474 2572/1894/2469 2579/1901/2475
f 2579/1901/2475 2573/1895/2470 2580/1902/2476
f 2581/1903/2477 2574/1896/2471 2575/1897/2472
f 2582/1904/2478 2581/1903/2477 2575/1897/2472
f 2582/1904/2478 2575/1897/2472 2577/1899/2473
f 2577/1899/2473 2578/1900/2474 2583/1905/2417
f 2583/1905/2417 2582/1904/2478 2577/1899/2473
f 2584/1906/2479 2578/1900/2474 2579/1901/2475
f 2584/1906/2479 2583/1905/2417 2578/1900/2474
f 2585/1907/2480 2579/1901/2475 2580/1902/2476
f 2579/1901/2475 2585/1907/2480 2584/1906/2479
f 2581/1903/2477 2586/1908/2481 2574/1896/2471
f 2586/1908/2481 2563/1885/2461 2574/1896/2471
f 2585/1907/2480 2580/1902/2476 2587/1909/2482
f 2586/1908/2481 2581/1903/2477 2588/1910/2483
f 2581/1903/2477 2582/1904/2478 2589/1911/2484
f 2581/1903/2477 2589/1911/2484 2588/1910/2483
f 2582/1904/2478 2590/1912/2485 2589/1911/2484
f 2583/1905/2417 2590/1912/2485 2582/1904/2478
f 2591/1913/2486 2583/1905/2417 2584/1906/2479
f 2591/1913/2486 2590/1912/2485 2583/1905/2417
f 2592/1914/2487 2584/1906/2479 2585/1907/2480
f 2584/1906/2479 2592/1914/2487 2591/1913/2486
f 2585/1907/2480 2593/1915/2488 2592/1914/2487
f 2593/1915/2488 2585/1907/2480 2587/1909/2482
f 2563/1885/2461 2586/1908/2481 2550/1872/2448
f 2540/1862/2438 2550/1872/2448 2586/1908/2481
f 2587/1909/2482 2594/1916/2489 2593/1915/2488
f 2595/1917/2490 2588/1910/2483 2589/1911/2484
f 2596/1918/2491 2595/1917/2490 2589/1911/2484
f 2596/1918/2491 2589/1911/2484 2590/1912/2485
f 2590/1912/2485 2597/1919/2492 2596/1918/2491
f 2597/1919/2492 2590/1912/2485 2591/1913/2486
f 2598/1920/2493 2591/1913/2486 2592/1914/2487
f 2598/1920/2493 2597/1919/2492 2591/1913/2486
f 2592/1914/2487 2599/1921/2494 2598/1920/2493
f 2593/1915/2488 2599/1921/2494 2592/1914/2487
f 2600/1922/2495 2593/1915/2488 2594/1916/2489
f 2599/1921/2494 2593/1915/2488 2600/1922/2495
f 2600/1922/2495 2594/1916/2489 2601/1923/2496
f 2602/1924/2497 2599/1921/2494 2600/1922/2495
f 2601/1923/2496 2602/1924/2497 2600/1922/2495
f 2596/1918/2491 2603/1925/2498 2595/1917/2490
f 2604/1926/2499 2596/1918/2491 2597/1919/2492
f 2603/1925/2498 2596/1918/2491 2604/1926/2499
f 2597/1919/2492 2598/1920/2493 2605/1927/2500
f 2605/1927/2500 2604/1926/2499 2597/1919/2492
f 2599/1921/2494 2606/1928/2501 2598/1920/2493
f 2606/1928/2501 2605/1927/2500 2598/1920/2493
f 2599/1921/2494 2602/1924/2497 2607/1929/2502
f 2606/1928/2501 2599/1921/2494 2607/1929/2502
f 2601/1923/2496 2608/1930/2503 2602/1924/2497
f 2609/1931/2504 2607/1929/2502 2602/1924/2497
f 2608/1930/2503 2609/1931/2504 2602/1924/2497
f 2607/1929/2502 2609/1931/2504 2610/1932/2505
f 2610/1932/2505 2606/1928/2501 2607/1929/2502
f 2611/1933/2506 2603/1925/2498 2604/1926/2499
f 2611/1933/2506 2604/1926/2499 2612/1934/2507
f 2604/1926/2499 2605/1927/2500 2612/1934/2507
f 2605/1927/2500 2613/1935/2508 2612/1934/2507
f 2605/1927/2500 2606/1928/2501 2614/1936/2509
f 2613/1935/2508 2605/1927/2500 2614/1936/2509
f 2606/1928/2501 2610/1932/2505 2615/1937/2510
f 2606/1928/2501 2616/1938/2511 2614/1936/2509
f 2616/1938/2511 2606/1928/2501 2615/1937/2510
f 2617/1939/2512 2611/1933/2506 2612/1934/2507
f 2617/1939/2512 2612/1934/2507 2613/1935/2508
f 2618/1940/2513 2609/1931/2504 2608/1930/2503
f 2609/1931/2504 2618/1940/2513 2619/1941/2514
f 2619/1941/2514 2610/1932/2505 2609/1931/2504
f 2620/1942/2515 2614/1936/2509 2616/1938/2511
f 2614/1936/2509 2620/1942/2515 2613/1935/2508
f 2621/1943/2516 2613/1935/2508 2620/1942/2515
f 2621/1943/2516 2617/1939/2512 2613/1935/2508
f 2622/1944/1734 2615/1937/2510 2610/1932/2505
f 2610/1932/2505 2623/1945/2517 2622/1944/1734
f 2610/1932/2505 2619/1941/2514 2623/1945/2517
f 2622/1944/1734 2616/1938/2511 2615/1937/2510
f 2624/1946/2518 2616/1938/2511 2622/1944/1734
f 2616/1938/2511 2625/1947/2519 2620/1942/2515
f 2625/1947/2519 2616/1938/2511 2624/1946/2518
f 2626/1948/2520 2620/1942/2515 2625/1947/2519
f 2620/1942/2515 2626/1948/2520 2621/1943/2516
f 2623/1945/2517 2627/1944/2521 2622/1944/1734
f 2627/1944/2521 2624/1946/2518 2622/1944/1734
f 2628/1940/2522 2619/1941/2514 2618/1940/2513
f 2619/1941/2514 2628/1940/2522 2629/1949/2244
f 2629/1949/2244 2623/1945/2517 2619/1941/2514
f 2627/1944/2521 2623/1945/2517 2630/1950/2523
f 2623/1945/2517 2629/1949/2244 2630/1950/2523
f 2624/1946/2518 2627/1944/2521 2631/1946/2524
f 2624/1946/2518 2632/1947/2525 2625/1947/2519
f 2632/1947/2525 2624/1946/2518 2631/1946/2524
f 2633/1951/2526 2625/1947/2519 2632/1947/2525
f 2625/1947/2519 2633/1951/2526 2626/1948/2520
f 2634/1856/2527 2295/1670/2202 2635/1662/2528
f 2635/1662/2528 2289/1664/2529 2634/1856/2527
f 2636/1854/2530 2526/1848/2531 2637/1852/2532
f 2637/1852/2532 2531/1853/2429 2636/1854/2530
f 2638/1952/2533 2639/1953/2534 2640/1954/993
f 2639/1953/2534 2641/1955/2535 2640/1954/993
f 2639/1953/2534 2638/1952/2533 2642/1956/2536
f 2642/1956/2536 2638/1952/2533 2643/1957/2537
f 2644/1958/2538 2639/1953/2534 2642/1956/2536
f 2645/1959/2539 2642/1956/2536 2643/1957/2537
f 2642/1956/2536 2645/1959/2539 2644/1958/2538
f 2639/1953/2534 2644/1958/2538 2646/1960/2540
f 2641/1955/2535 2639/1953/2534 2647/1961/2541
f 2639/1953/2534 2648/1962/2542 2647/1961/2541
f 2648/1962/2542 2639/1953/2534 2646/1960/2540
f 2644/1958/2538 2649/1963/2543 2646/1960/2540
f 2649/1963/2543 2648/1962/2542 2646/1960/2540
f 2649/1963/2543 2644/1958/2538 2650/1964/2544
f 2645/1959/2539 2650/1964/2544 2644/1958/2538
f 2647/1961/2541 2651/1965/2545 2641/1955/2535
f 2652/1966/2546 2647/1961/2541 2648/1962/2542
f 2647/1961/2541 2652/1966/2546 2651/1965/2545
f 2653/1967/2547 2648/1962/2542 2649/1963/2543
f 2653/1967/2547 2652/1966/2546 2648/1962/2542
f 2650/1964/2544 2654/1968/2548 2649/1963/2543
f 2654/1968/2548 2653/1967/2547 2649/1963/2543
f 2650/1964/2544 2645/1959/2539 2655/1969/2549
f 2654/1968/2548 2650/1964/2544 2656/1970/2550
f 2656/1970/2550 2650/1964/2544 2655/1969/2549
f 2657/1971/2551 2654/1968/2548 2656/1970/2550
f 2656/1970/2550 2655/1969/2549 2657/1971/2551
f 2652/1966/2546 2653/1967/2547 2658/1972/2552
f 2653/1967/2547 2654/1968/2548 2659/1973/2553
f 2659/1973/2553 2658/1972/2552 2653/1967/2547
f 2657/1971/2551 2660/1974/2554 2654/1968/2548
f 2660/1974/2554 2661/1975/2555 2654/1968/2548
f 2659/1973/2553 2654/1968/2548 2661/1975/2555
f 2659/1973/2553 2661/1975/2555 2658/1972/2552
f 2660/1974/2554 2657/1971/2551 2662/1976/2556
f 2660/1974/2554 2662/1976/2556 2661/1975/2555
f 2663/1977/2557 2657/1971/2551 2655/1969/2549
f 2657/1971/2551 2663/1977/2557 2662/1976/2556
f 2655/1969/2549 2664/1978/2558 2663/1977/2557
f 2661/1975/2555 2665/1979/2559 2658/1972/2552
f 2665/1979/2559 2661/1975/2555 2662/1976/2556
f 2666/1980/2560 2662/1976/2556 2663/1977/2557
f 2662/1976/2556 2666/1980/2560 2665/1979/2559
f 2667/1981/2561 2658/1972/2552 2665/1979/2559
f 2668/1982/2562 2663/1977/2557 2664/1978/2558
f 2669/1983/2563 2666/1980/2560 2663/1977/2557
f 2663/1977/2557 2668/1982/2562 2669/1983/2563
f 2665/1979/2559 2670/1984/2564 2667/1981/2561
f 2666/1980/2560 2671/1985/2565 2665/1979/2559
f 2670/1984/2564 2665/1979/2559 2671/1985/2565
f 2666/1980/2560 2669/1983/2563 2672/1986/2566
f 2671/1985/2565 2666/1980/2560 2672/1986/2566
f 2669/1983/2563 2673/1987/2567 2672/1986/2566
f 2673/1987/2567 2671/1985/2565 2672/1986/2566
f 2674/1988/2568 2669/1983/2563 2668/1982/2562
f 2673/1987/2567 2669/1983/2563 2674/1988/2568
f 2675/1989/2569 2670/1984/2564 2671/1985/2565
f 2671/1985/2565 2673/1987/2567 2675/1989/2569
f 2673/1987/2567 2674/1988/2568 2676/1987/2570
f 2675/1989/2569 2673/1987/2567 2676/1987/2570
f 2677/1990/2571 2674/1988/2568 2668/1982/2562
f 2674/1988/2568 2677/1990/2571 2678/1988/2572
f 2678/1988/2572 2676/1987/2570 2674/1988/2568
f 2522/1845/2420 2679/1991/2573 2525/1847/2423
f 2519/1844/2417 2679/1991/2573 2522/1845/2420
f 2524/1846/2422 2525/1847/2423 2680/1992/2574
f 2525/1847/2423 2681/1993/2575 2680/1992/2574
f 2682/1994/2576 2525/1847/2423 2679/1991/2573
f 2525/1847/2423 2682/1994/2576 2681/1993/2575
f 2683/1995/2577 2680/1992/2574 2681/1993/2575
f 2684/1996/2578 2683/1995/2577 2681/1993/2575
f 2681/1993/2575 2685/1997/2579 2684/1996/2578
f 2681/1993/2575 2682/1994/2576 2685/1997/2579
f 2683/1995/2577 2684/1996/2578 2686/1998/2580
f 2687/1999/2581 2683/1995/2577 2686/1998/2580
f 2685/1997/2579 2688/2000/2582 2684/1996/2578
f 2689/2001/2583 2684/1996/2578 2688/2000/2582
f 2684/1996/2578 2689/2001/2583 2686/1998/2580
f 2688/2000/2582 2685/1997/2579 2690/2002/2584
f 2688/2000/2582 2690/2002/2584 2691/2003/2585
f 2691/2003/2585 2689/2001/2583 2688/2000/2582
f 2692/2004/2586 2686/1998/2580 2689/2001/2583
f 2692/2004/2586 2689/2001/2583 2691/2003/2585
f 2686/1998/2580 2693/2005/2587 2687/1999/2581
f 2692/2004/2586 2693/2005/2587 2686/1998/2580
f 2687/1999/2581 2693/2005/2587 2694/2006/2588
f 2693/2005/2587 2692/2004/2586 2695/2007/2589
f 2696/2008/2590 2694/2006/2588 2693/2005/2587
f 2693/2005/2587 2695/2007/2589 2696/2008/2590
f 2694/2006/2588 2696/2008/2590 2697/2009/2591
f 2698/2007/2592 2696/2008/2590 2695/2007/2589
f 2697/2009/2591 2696/2008/2590 2699/2010/2593
f 2700/2011/2594 2696/2008/2590 2698/2007/2592
f 2700/2011/2594 2699/2010/2593 2696/2008/2590
f 2697/2009/2591 2699/2010/2593 2701/2009/2595
f 2702/2012/2596 2701/2009/2595 2699/2010/2593
f 2703/2013/2597 2699/2010/2593 2700/2011/2594
f 2699/2010/2593 2703/2013/2597 2702/2012/2596
f 2702/2012/2596 2704/2014/2598 2701/2009/2595
f 2704/2014/2598 2702/2012/2596 2705/2015/2599
f 2702/2012/2596 2706/2016/2600 2705/2015/2599
f 2706/2016/2600 2702/2012/2596 2703/2013/2597
f 2705/2015/2599 2707/2017/2601 2704/2014/2598
f 2708/2018/2602 2707/2017/2601 2705/2015/2599
f 2705/2015/2599 2706/2016/2600 2708/2018/2602
f 2709/2016/2603 2708/2018/2602 2706/2016/2600
f 2708/2018/2602 2710/2019/2604 2707/2017/2601
f 2710/2019/2604 2708/2018/2602 2711/2020/2605
f 2709/2016/2603 2711/2020/2605 2708/2018/2602
f 2711/2020/2605 2709/2016/2603 2712/2021/2606
f 2711/2020/2605 2712/2021/2606 2713/2022/2419
f 2713/2022/2419 2710/2019/2604 2711/2020/2605
f 2714/2023/2607 2519/1844/2417 2715/1844/2608
f 2519/1844/2417 2714/2023/2607 2716/2024/2609
f 2717/2025/2610 2716/2024/2609 2714/2023/2607
f 2718/1991/2611 2519/1844/2417 2716/2024/2609
f 2716/2024/2609 2717/2025/2610 2719/2026/2612
f 2716/2024/2609 2720/2027/2613 2718/1991/2611
f 2719/2026/2612 2720/2027/2613 2716/2024/2609
f 2720/2027/2613 2721/1994/2614 2718/1991/2611
f 2720/2027/2613 2719/2026/2612 2722/2028/2615
f 2722/2028/2615 2723/2029/2616 2720/2027/2613
f 2721/1994/2614 2720/2027/2613 2723/2029/2616
f 2721/1994/2614 2723/2029/2616 2724/1997/2617
f 2723/2029/2616 2722/2028/2615 2725/2030/2618
f 2725/2030/2618 2726/2031/2619 2723/2029/2616
f 2726/2031/2619 2724/1997/2617 2723/2029/2616
f 2727/2032/2620 2724/1997/2617 2726/2031/2619
f 2724/1997/2617 2727/2032/2620 2728/2002/2621
f 2726/2031/2619 2725/2030/2618 2729/2033/2622
f 2726/2031/2619 2730/2034/2623 2727/2032/2620
f 2729/2033/2622 2730/2034/2623 2726/2031/2619
f 2730/2034/2623 2731/2003/2624 2727/2032/2620
f 2727/2032/2620 2731/2003/2624 2728/2002/2621
f 2729/2033/2622 2732/2004/2625 2730/2034/2623
f 2730/2034/2623 2732/2004/2625 2731/2003/2624
f 2733/2035/2626 2729/2033/2622 2725/2030/2618
f 2734/2036/2627 2729/2033/2622 2733/2035/2626
f 2734/2036/2627 2732/2004/2625 2729/2033/2622
f 2732/2004/2625 2734/2036/2627 2735/2007/2628
f 2734/2036/2627 2733/2035/2626 2736/2037/2629
f 2736/2037/2629 2737/2036/2630 2734/2036/2627
f 2735/2007/2628 2734/2036/2627 2737/2036/2630
f 2737/2036/2630 2738/2007/2631 2735/2007/2628
f 2737/2036/2630 2736/2037/2629 2739/2038/2632
f 2739/2038/2632 2740/2039/2633 2737/2036/2630
f 2740/2039/2633 2741/2011/2634 2737/2036/2630
f 2738/2007/2631 2737/2036/2630 2741/2011/2634
f 2740/2039/2633 2739/2038/2632 2742/2040/2635
f 2742/2040/2635 2743/2039/2636 2740/2039/2633
f 2740/2039/2633 2744/2013/2637 2741/2011/2634
f 2744/2013/2637 2740/2039/2633 2743/2039/2636
f 2742/2040/2635 2745/2041/2638 2743/2039/2636
f 2746/2042/2639 2743/2039/2636 2745/2041/2638
f 2743/2039/2636 2747/2016/2640 2744/2013/2637
f 2747/2016/2640 2743/2039/2636 2746/2042/2639
f 2746/2042/2639 2745/2041/2638 2748/2043/2641
f 2748/2043/2641 2749/2044/2642 2746/2042/2639
f 2749/2044/2642 2747/2016/2640 2746/2042/2639
f 2747/2016/2640 2749/2044/2642 2750/2016/2643
f 2751/2045/2644 2749/2044/2642 2748/2043/2641
f 2749/2044/2642 2751/2045/2644 2752/2046/2645
f 2752/2046/2645 2750/2016/2643 2749/2044/2642
f 2750/2016/2643 2752/2046/2645 2753/2021/2646
f 2752/2046/2645 2754/2022/2608 2753/2021/2646
f 2754/2022/2608 2752/2046/2645 2751/2045/2644
f 2755/2047/2647 2756/2048/2648 2757/2049/2649
f 2756/2048/2648 2755/2047/2647 2758/2050/2650
f 2759/2051/2651 2758/2050/2650 2755/2047/2647
f 2758/2050/2650 2760/2052/2652 2756/2048/2648
f 2761/2053/2653 2760/2052/2652 2758/2050/2650
f 2758/2050/2650 2759/2051/2651 2761/2053/2653
f 2756/2048/2648 2760/2052/2652 2762/2054/2654
f 2760/2052/2652 2763/2055/2655 2762/2054/2654
f 2764/2056/2656 2763/2055/2655 2760/2052/2652
f 2760/2052/2652 2761/2053/2653 2764/2056/2656
f 2761/2053/2653 2759/2051/2651 2765/2057/2657
f 2765/2057/2657 2764/2056/2656 2761/2053/2653
f 2765/2057/2657 2759/2051/2651 2766/2058/2658
f 2762/2054/2654 2763/2055/2655 2767/2059/2
f 2764/2056/2656 2765/2057/2657 2768/2060/2659
f 2765/2057/2657 2769/2061/2660 2768/2060/2659
f 2766/2058/2658 2769/2061/2660 2765/2057/2657
f 2768/2060/2659 2770/2062/2661 2764/2056/2656
f 2763/2055/2655 2764/2056/2656 2771/2063/2662
f 2764/2056/2656 2770/2062/2661 2771/2063/2662
f 2768/2060/2659 2772/2064/2663 2770/2062/2661
f 2772/2064/2663 2768/2060/2659 2769/2061/2660
f 2773/2065/2664 2772/2064/2663 2769/2061/2660
f 2769/2061/2660 2766/2058/2658 2773/2065/2664
f 2770/2062/2661 2774/2066/2665 2771/2063/2662
f 2774/2066/2665 2763/2055/2655 2771/2063/2662
f 2763/2055/2655 2775/2067/2666 2767/2059/2
f 2775/2067/2666 2763/2055/2655 2776/2068/2667
f 2763/2055/2655 2774/2066/2665 2776/2068/2667
f 2774/2066/2665 2770/2062/2661 2777/2069/2668
f 2772/2064/2663 2777/2069/2668 2770/2062/2661
f 2766/2058/2658 2778/2070/2669 2773/2065/2664
f 2779/2071/2670 2772/2064/2663 2773/2065/2664
f 2773/2065/2664 2778/2070/2669 2779/2071/2670
f 2780/2072/2671 2774/2066/2665 2777/2069/2668
f 2781/2073/2672 2776/2068/2667 2774/2066/2665
f 2774/2066/2665 2780/2072/2671 2781/2073/2672
f 2777/2069/2668 2772/2064/2663 2782/2074/2673
f 2780/2072/2671 2777/2069/2668 2782/2074/2673
f 2776/2068/2667 2783/2075/2674 2775/2067/2666
f 2783/2075/2674 2776/2068/2667 2784/2076/2675
f 2776/2068/2667 2781/2073/2672 2784/2076/2675
f 2780/2072/2671 2785/2077/2676 2781/2073/2672
f 2785/2077/2676 2784/2076/2675 2781/2073/2672
f 2780/2072/2671 2786/2078/2677 2785/2077/2676
f 2782/2074/2673 2786/2078/2677 2780/2072/2671
f 2787/2079/2678 2783/2075/2674 2784/2076/2675
f 2784/2076/2675 2785/2077/2676 2787/2079/2678
f 2783/2075/2674 2787/2079/2678 2788/2080/2679
f 2786/2078/2677 2782/2074/2673 2789/2081/2680
f 2772/2064/2663 2789/2081/2680 2782/2074/2673
f 2789/2081/2680 2790/2082/2681 2786/2078/2677
f 2772/2064/2663 2791/2083/2682 2789/2081/2680
f 2790/2082/2681 2789/2081/2680 2791/2083/2682
f 2792/2084/2219 2772/2064/2663 2779/2071/2670
f 2792/2084/2219 2791/2083/2682 2772/2064/2663
f 2790/2082/2681 2791/2083/2682 2793/2085/2683
f 2791/2083/2682 2794/2086/2684 2793/2085/2683
f 2795/2087/2685 2791/2083/2682 2792/2084/2219
f 2791/2083/2682 2795/2087/2685 2796/2088/2686
f 2791/2083/2682 2796/2088/2686 2794/2086/2684
f 2779/2071/2670 2795/2087/2685 2792/2084/2219
f 2796/2088/2686 2797/2089/2687 2794/2086/2684
f 2795/2087/2685 2779/2071/2670 2798/2090/2688
f 2798/2090/2688 2799/2091/2211 2795/2087/2685
f 2799/2091/2211 2796/2088/2686 2795/2087/2685
f 2796/2088/2686 2799/2091/2211 2800/2092/2689
f 2797/2089/2687 2796/2088/2686 2800/2092/2689
f 2799/2091/2211 2798/2090/2688 2801/2093/2690
f 2801/2093/2690 2802/2094/2691 2799/2091/2211
f 2802/2094/2691 2800/2092/2689 2799/2091/2211
f 2798/2090/2688 2803/2095/2692 2801/2093/2690
f 2779/2071/2670 2804/2096/2693 2798/2090/2688
f 2803/2095/2692 2798/2090/2688 2804/2096/2693
f 2805/2097/2694 2804/2096/2693 2779/2071/2670
f 2800/2092/2689 2802/2094/2691 2806/2098/2695
f 2807/2099/2696 2800/2092/2689 2806/2098/2695
f 2807/2099/2696 2797/2089/2687 2800/2092/2689
f 2797/2089/2687 2807/2099/2696 2808/2100/2697
f 2802/2094/2691 2801/2093/2690 2809/2101/2698
f 2810/2102/2699 2809/2101/2698 2801/2093/2690
f 2803/2095/2692 2810/2102/2699 2801/2093/2690
f 2811/2103/2700 2807/2099/2696 2806/2098/2695
f 2806/2098/2695 2802/2094/2691 2811/2103/2700
f 2812/2104/2701 2802/2094/2691 2809/2101/2698
f 2813/2105/2702 2811/2103/2700 2802/2094/2691
f 2802/2094/2691 2812/2104/2701 2813/2105/2702
f 2810/2102/2699 2812/2104/2701 2809/2101/2698
f 2810/2102/2699 2803/2095/2692 2814/2106/2703
f 2807/2099/2696 2811/2103/2700 2815/2107/2704
f 2811/2103/2700 2813/2105/2702 2815/2107/2704
f 2816/2108/2705 2807/2099/2696 2815/2107/2704
f 2817/2109/2706 2807/2099/2696 2816/2108/2705
f 2817/2109/2706 2808/2100/2697 2807/2099/2696
f 2812/2104/2701 2810/2102/2699 2818/2110/2707
f 2813/2105/2702 2812/2104/2701 2818/2110/2707
f 2818/2110/2707 2819/2111/2708 2813/2105/2702
f 2815/2107/2704 2813/2105/2702 2819/2111/2708
f 2816/2108/2705 2815/2107/2704 2819/2111/2708
f 2808/2100/2697 2817/2109/2706 2820/2112/2709
f 2821/2113/2710 2818/2110/2707 2810/2102/2699
f 2821/2113/2710 2810/2102/2699 2822/2114/2711
f 2814/2106/2703 2822/2114/2711 2810/2102/2699
f 2821/2113/2710 2819/2111/2708 2818/2110/2707
f 2823/2115/2712 2819/2111/2708 2821/2113/2710
f 2819/2111/2708 2823/2115/2712 2816/2108/2705
f 2824/2116/2713 2817/2109/2706 2816/2108/2705
f 2824/2116/2713 2816/2108/2705 2823/2115/2712
f 2817/2109/2706 2824/2116/2713 2825/2117/2714
f 2817/2109/2706 2825/2117/2714 2820/2112/2709
f 2822/2114/2711 2814/2106/2703 2826/2118/2715
f 2822/2114/2711 2827/2119/2716 2821/2113/2710
f 2827/2119/2716 2823/2115/2712 2821/2113/2710
f 2827/2119/2716 2822/2114/2711 2828/2120/2717
f 2828/2120/2717 2822/2114/2711 2826/2118/2715
f 2823/2115/2712 2827/2119/2716 2829/2121/2718
f 2823/2115/2712 2829/2121/2718 2824/2116/2713
f 2820/2112/2709 2825/2117/2714 2830/2122/2719
f 2827/2119/2716 2831/2121/2720 2829/2121/2718
f 2831/2121/2720 2824/2116/2713 2829/2121/2718
f 2824/2116/2713 2832/2123/2721 2825/2117/2714
f 2832/2123/2721 2824/2116/2713 2833/2124/2722
f 2831/2121/2720 2833/2124/2722 2824/2116/2713
f 2834/2125/2723 2825/2117/2714 2832/2123/2721
f 2825/2117/2714 2834/2125/2723 2830/2122/2719
f 2826/2118/2715 2835/2126/2724 2828/2120/2717
f 2836/2127/2725 2827/2119/2716 2828/2120/2717
f 2831/2121/2720 2827/2119/2716 2837/2128/2726
f 2827/2119/2716 2836/2127/2725 2837/2128/2726
f 2838/2126/2727 2828/2120/2717 2835/2126/2724
f 2828/2120/2717 2838/2126/2727 2836/2127/2725
f 2837/2128/2726 2839/2129/2728 2831/2121/2720
f 2839/2129/2728 2833/2124/2722 2831/2121/2720
f 2840/2130/2729 2832/2123/2721 2833/2124/2722
f 2840/2130/2729 2833/2124/2722 2839/2129/2728
f 2841/2131/2730 2832/2123/2721 2840/2130/2729
f 2841/2131/2730 2834/2125/2723 2832/2123/2721
f 2842/2132/2731 2837/2128/2726 2836/2127/2725
f 2839/2129/2728 2837/2128/2726 2842/2132/2731
f 2836/2127/2725 2843/2133/2732 2842/2132/2731
f 2838/2126/2727 2843/2133/2732 2836/2127/2725
f 3/3/3 2839/2129/2728 2842/2132/2731
f 3/3/3 2840/2130/2729 2839/2129/2728
f 8/8/8 2834/2125/2723 2841/2131/2730
f 2840/2130/2729 6/6/6 2841/2131/2730
f 6/6/6 8/8/8 2841/2131/2730
f 6/6/6 2840/2130/2729 4/4/4
f 4/4/4 2840/2130/2729 3/3/3
f 2838/2126/2727 12/12/12 2843/2133/2732
f 2842/2132/2731 2843/2133/2732 9/9/9
f 9/9/9 2843/2133/2732 12/12/12
f 9/9/9 1/1/1 2842/2132/2731
f 1/1/1 3/3/3 2842/2132/2731
f 2675/1989/2569 2844/2134/2733 2670/1984/2564
f 2844/2134/2733 2675/1989/2569 2845/2135/2734
f 2675/1989/2569 2676/1987/2570 2845/2135/2734
f 2678/1988/2572 2846/2136/2735 2676/1987/2570
f 2846/2136/2735 2845/2135/2734 2676/1987/2570
f 2846/2136/2735 2678/1988/2572 2847/2137/2736
f 2677/1990/2571 2847/2137/2736 2678/1988/2572
f 2845/2135/2734 2846/2136/2735 2848/2138/2737
f 2845/2135/2734 2848/2138/2737 2844/2134/2733
f 2677/1990/2571 2849/2139/2738 2847/2137/2736
f 2848/2138/2737 2850/2140/2545 2844/2134/2733
f 2851/2141/2739 2846/2136/2735 2847/2137/2736
f 2847/2137/2736 2852/2142/2740 2851/2141/2739
f 2852/2142/2740 2847/2137/2736 2849/2139/2738
f 2846/2136/2735 2851/2141/2739 2853/2143/2741
f 2848/2138/2737 2846/2136/2735 2854/2144/2742
f 2853/2143/2741 2854/2144/2742 2846/2136/2735
f 2855/2145/2535 2848/2138/2737 2854/2144/2742
f 2848/2138/2737 2855/2145/2535 2850/2140/2545
f 2851/2141/2739 2856/2146/2743 2853/2143/2741
f 2856/2146/2743 2851/2141/2739 2852/2142/2740
f 2856/2146/2743 2854/2144/2742 2853/2143/2741
f 2854/2144/2742 2856/2146/2743 2855/2145/2535
f 2857/2147/2744 2858/2148/2745 2859/2149/2746
f 2860/2150/2747 2857/2147/2744 2859/2149/2746
f 2858/2148/2745 2857/2147/2744 2861/2151/2748
f 2857/2147/2744 2860/2150/2747 2862/2152/2749
f 2863/2153/2750 2857/2147/2744 2862/2152/2749
f 2857/2147/2744 2863/2153/2750 2861/2151/2748
f 2858/2148/2745 2861/2151/2748 2864/2154/2751
f 2863/2153/2750 2864/2154/2751 2861/2151/2748
f 2858/2148/2745 2864/2154/2751 2865/2155/2752
f 2866/2156/2753 2862/2152/2749 2860/2150/2747
f 2863/2153/2750 2862/2152/2749 2867/2157/2754
f 2868/2152/2755 2867/2157/2754 2862/2152/2749
f 2862/2152/2749 2866/2156/2753 2868/2152/2755
f 2863/2153/2750 2869/2158/2756 2864/2154/2751
f 2864/2154/2751 2870/2159/2757 2865/2155/2752
f 2869/2158/2756 2871/2160/2758 2864/2154/2751
f 2870/2159/2757 2864/2154/2751 2871/2160/2758
f 2872/2161/2759 2867/2157/2754 2868/2152/2755
f 2868/2152/2755 2873/2162/2760 2872/2161/2759
f 2866/2156/2753 2873/2162/2760 2868/2152/2755
f 2873/2162/2760 2866/2156/2753 2874/2163/2761
f 2871/2160/2758 2869/2158/2756 2875/2164/2762
f 2871/2160/2758 2876/2165/2763 2870/2159/2757
f 2876/2165/2763 2871/2160/2758 2877/2166/2764
f 2875/2164/2762 2877/2166/2764 2871/2160/2758
f 2878/2167/2765 2872/2161/2759 2873/2162/2760
f 2879/2168/2766 2873/2162/2760 2874/2163/2761
f 2873/2162/2760 2879/2168/2766 2880/2169/2767
f 2873/2162/2760 2880/2169/2767 2878/2167/2765
f 2879/2168/2766 2881/2170/2768 2880/2169/2767
f 2881/2170/2768 2878/2167/2765 2880/2169/2767
f 2875/2164/2762 2882/2171/2769 2877/2166/2764
f 2883/2172/2770 2876/2165/2763 2877/2166/2764
f 2883/2172/2770 2877/2166/2764 2882/2171/2769
f 2876/2165/2763 2883/2172/2770 2884/2173/2771
f 2885/2174/2772 2884/2173/2771 2883/2172/2770
f 2882/2171/2769 2885/2174/2772 2883/2172/2770
f 2878/2167/2765 2881/2170/2768 2886/2175/2773
f 2881/2170/2768 2879/2168/2766 2887/2176/2774
f 2888/2177/2775 2881/2170/2768 2887/2176/2774
f 2881/2170/2768 2888/2177/2775 2889/2178/2776
f 2889/2178/2776 2886/2175/2773 2881/2170/2768
f 2885/2174/2772 2882/2171/2769 2890/2179/2777
f 2884/2173/2771 2885/2174/2772 2891/2180/2778
f 2892/2181/2779 2885/2174/2772 2890/2179/2777
f 2885/2174/2772 2892/2181/2779 2891/2180/2778
f 2893/2182/2780 2889/2178/2776 2888/2177/2775
f 2887/2176/2774 2894/2183/2781 2888/2177/2775
f 2888/2177/2775 2895/2184/2782 2893/2182/2780
f 2895/2184/2782 2888/2177/2775 2894/2183/2781
f 2894/2183/2781 2896/2185/2783 2895/2184/2782
f 2897/2186/2784 2895/2184/2782 2896/2185/2783
f 2895/2184/2782 2897/2186/2784 2898/2187/2785
f 2898/2187/2785 2893/2182/2780 2895/2184/2782
f 2893/2182/2780 2898/2187/2785 2899/2188/2786
f 2897/2186/2784 2900/2189/2787 2898/2187/2785
f 2900/2189/2787 2899/2188/2786 2898/2187/2785
f 2900/2189/2787 2897/2186/2784 2901/2190/2788
f 2902/2191/2779 2900/2189/2787 2901/2190/2788
f 2899/2188/2786 2900/2189/2787 2903/2192/2789
f 2900/2189/2787 2902/2191/2779 2903/2192/2789
f 2904/2193/2790 2899/2188/2786 2903/2192/2789
f 2905/2194/2779 2903/2192/2789 2902/2191/2779
f 2903/2192/2789 2905/2194/2779 2906/2195/2777
f 2904/2193/2790 2903/2192/2789 2906/2195/2777
f 2907/2196/2791 2908/2168/2792 2874/2163/2793
f 2909/2156/2794 2907/2196/2791 2874/2163/2793
f 2908/2168/2792 2907/2196/2791 2910/2197/2795
f 2907/2196/2791 2909/2156/2794 2911/2198/2796
f 2907/2196/2791 2911/2198/2796 2912/2199/2797
f 2910/2197/2795 2907/2196/2791 2913/2200/2798
f 2912/2199/2797 2913/2200/2798 2907/2196/2791
f 2914/2201/2799 2908/2168/2792 2910/2197/2795
f 2914/2201/2799 2910/2197/2795 2913/2200/2798
f 2908/2168/2792 2914/2201/2799 2887/2176/2774
f 2909/2156/2794 2915/2198/2800 2911/2198/2796
f 2915/2198/2800 2916/2202/2801 2911/2198/2796
f 2916/2202/2801 2912/2199/2797 2911/2198/2796
f 2915/2198/2800 2909/2156/2794 2917/2150/2802
f 2914/2201/2799 2913/2200/2798 2918/2203/2803
f 2914/2201/2799 2919/2204/2804 2887/2176/2774
f 2919/2204/2804 2914/2201/2799 2920/2205/2805
f 2920/2205/2805 2914/2201/2799 2918/2203/2803
f 2887/2176/2774 2919/2204/2804 2921/2183/2806
f 2915/2198/2800 2922/2206/2807 2916/2202/2801
f 2915/2198/2800 2917/2150/2802 2923/2207/2808
f 2922/2206/2807 2915/2198/2800 2923/2207/2808
f 2924/2149/2809 2923/2207/2808 2917/2150/2802
f 2919/2204/2804 2925/2208/2810 2921/2183/2806
f 2925/2208/2810 2919/2204/2804 2926/2209/2811
f 2920/2205/2805 2926/2209/2811 2919/2204/2804
f 2921/2183/2806 2925/2208/2810 2927/2185/2812
f 2928/2148/2813 2923/2207/2808 2924/2149/2809
f 2929/2210/2814 2922/2206/2807 2923/2207/2808
f 2923/2207/2808 2928/2148/2813 2929/2210/2814
f 2929/2210/2814 2928/2148/2813 2930/2211/2815
f 2930/2211/2815 2922/2206/2807 2929/2210/2814
f 2922/2206/2807 2930/2211/2815 2931/2212/2816
f 2925/2208/2810 2932/2186/2817 2927/2185/2812
f 2926/2209/2811 2933/2213/2818 2925/2208/2810
f 2932/2186/2817 2925/2208/2810 2933/2213/2818
f 2933/2213/2818 2926/2209/2811 2934/2214/2819
f 2935/2215/2820 2932/2186/2817 2933/2213/2818
f 2934/2214/2819 2935/2215/2820 2933/2213/2818
f 2865/2155/2821 2930/2211/2815 2928/2148/2813
f 2865/2155/2821 2936/2159/2757 2930/2211/2815
f 2937/2216/2822 2931/2212/2816 2930/2211/2815
f 2930/2211/2815 2936/2159/2757 2937/2216/2822
f 2931/2212/2816 2937/2216/2822 2938/2217/2823
f 2932/2186/2817 2935/2215/2820 2939/2190/2824
f 2935/2215/2820 2940/2191/2825 2939/2190/2824
f 2935/2215/2820 2934/2214/2819 2941/2218/2826
f 2940/2191/2825 2935/2215/2820 2941/2218/2826
f 2934/2214/2819 2942/2219/2827 2941/2218/2826
f 2936/2159/2757 2943/2165/2828 2937/2216/2822
f 2937/2216/2822 2943/2165/2828 2944/2220/2829
f 2937/2216/2822 2944/2220/2829 2938/2217/2823
f 2945/2221/2830 2938/2217/2823 2944/2220/2829
f 2943/2165/2828 2946/2222/2831 2944/2220/2829
f 2946/2222/2831 2945/2221/2830 2944/2220/2829
f 2941/2218/2826 2947/2194/2825 2940/2191/2825
f 2947/2194/2825 2941/2218/2826 2948/2223/2832
f 2941/2218/2826 2942/2219/2827 2948/2223/2832
f 2946/2222/2831 2943/2165/2828 2949/2173/2833
f 2949/2173/2833 2950/2224/2834 2946/2222/2831
f 2950/2224/2834 2945/2221/2830 2946/2222/2831
f 2945/2221/2830 2950/2224/2834 2951/2225/2835
f 2950/2224/2834 2949/2173/2833 2952/2180/2836
f 2953/2181/2825 2950/2224/2834 2952/2180/2836
f 2950/2224/2834 2953/2181/2825 2951/2225/2835
