# Showcase copy; imported UVs/normals and original coordinates preserved.
# Source: user-exported Monster Hunter Wilds asset.
mtllib ../shatterseal.mtl
v -0.303768 -0.257758 0.037754
v -0.303830 -0.257947 0.037566
v -0.301067 -0.260597 0.037476
v -0.304118 -0.257656 0.037470
v -0.304189 -0.257354 0.037662
v -0.369374 -0.194199 0.000000
v -0.369759 -0.193591 0.000185
v -0.369965 -0.193550 0.000000
v -0.369950 -0.193237 0.000000
v -0.349214 -0.189552 0.014044
v -0.349336 -0.189271 0.013781
v -0.310708 -0.207346 0.039749
v -0.311095 -0.207082 0.039658
v -0.349007 -0.189307 0.014014
v -0.310982 -0.206741 0.039634
v -0.310659 -0.206923 0.039711
v -0.254817 -0.237966 0.037186
v -0.254983 -0.238346 0.037259
v -0.176071 -0.228690 0.036544
v -0.268013 -0.298099 0.035402
v -0.176123 -0.228213 0.036459
v -0.268234 -0.298404 0.035299
v -0.158259 -0.238222 0.035126
v -0.158514 -0.238498 0.035236
v -0.152364 -0.426559 0.018639
v -0.151891 -0.426508 0.018725
v -0.116185 -0.409335 0.021110
v -0.116447 -0.409673 0.021191
v -0.140667 -0.437936 0.017108
v -0.140369 -0.437506 0.017283
v -0.123789 -0.429449 0.017893
v -0.123571 -0.429749 0.017788
v -0.112707 -0.421854 0.019930
v -0.112400 -0.421918 0.019700
v -0.411317 -0.366487 0.000000
v -0.411260 -0.366145 0.000272
v -0.411393 -0.366057 0.000000
v -0.411176 -0.366620 0.000271
v -0.394622 -0.475038 0.000000
v -0.359161 -0.405696 0.036326
v -0.358928 -0.406627 0.036353
v -0.394485 -0.475038 0.000269
v -0.394468 -0.475413 0.000000
v -0.358050 -0.406085 0.036426
v -0.357667 -0.407015 0.036354
v -0.349018 -0.485740 0.036470
v -0.394326 -0.475425 0.000273
v -0.263590 -0.474223 0.021963
v -0.347278 -0.485701 0.037041
v -0.264556 -0.474492 0.022593
v -0.348471 -0.486146 0.036462
v -0.349056 -0.486123 0.036363
v -0.277786 -0.506610 0.024844
v -0.277896 -0.506251 0.025298
v -0.264220 -0.474779 0.022547
v -0.263261 -0.474508 0.021920
v -0.277484 -0.506368 0.025225
v -0.277378 -0.506724 0.024775
v -0.250772 -0.495525 0.020359
v -0.250995 -0.495787 0.020521
v -0.259960 -0.510969 0.022137
v -0.260155 -0.511248 0.022020
v -0.245354 -0.508217 0.019979
v -0.245753 -0.508238 0.020131
v -0.247495 -0.509657 0.020343
v -0.247406 -0.510033 0.020207
v -0.245545 -0.508534 0.020004
v -0.411260 -0.366145 -0.000272
v -0.411317 -0.366487 0.000000
v -0.411393 -0.366057 0.000000
v -0.411176 -0.366620 -0.000271
v -0.359161 -0.405696 -0.036326
v -0.394622 -0.475038 0.000000
v -0.358928 -0.406627 -0.036353
v -0.394485 -0.475038 -0.000269
v -0.358050 -0.406085 -0.036426
v -0.394468 -0.475413 0.000000
v -0.357667 -0.407015 -0.036354
v -0.349018 -0.485740 -0.036470
v -0.394326 -0.475425 -0.000273
v -0.263590 -0.474223 -0.021963
v -0.347278 -0.485701 -0.037041
v -0.264556 -0.474492 -0.022593
v -0.348471 -0.486146 -0.036462
v -0.349056 -0.486123 -0.036362
v -0.277786 -0.506610 -0.024844
v -0.277896 -0.506251 -0.025298
v -0.264220 -0.474779 -0.022547
v -0.263261 -0.474508 -0.021920
v -0.277484 -0.506368 -0.025224
v -0.277378 -0.506724 -0.024775
v -0.250772 -0.495525 -0.020359
v -0.250995 -0.495787 -0.020521
v -0.259960 -0.510969 -0.022137
v -0.260155 -0.511248 -0.022019
v -0.245354 -0.508217 -0.019979
v -0.245753 -0.508238 -0.020131
v -0.247495 -0.509657 -0.020343
v -0.247406 -0.510033 -0.020207
v -0.245545 -0.508534 -0.020004
v -0.330047 -0.515340 0.000000
v -0.329838 -0.515132 0.000256
v -0.329971 -0.515110 0.000000
v -0.329913 -0.515363 0.000260
v -0.282795 -0.523086 0.036477
v -0.282722 -0.523508 0.036488
v -0.309368 -0.610200 0.000265
v -0.309488 -0.610260 0.000000
v -0.282438 -0.523166 0.036565
v -0.282363 -0.523589 0.036576
v -0.270450 -0.590461 0.035544
v -0.309219 -0.610331 0.000285
v -0.309347 -0.610395 0.000000
v -0.189347 -0.544115 0.022243
v -0.270406 -0.590821 0.035388
v -0.270055 -0.590672 0.035479
v -0.270119 -0.590320 0.035632
v -0.189539 -0.544434 0.022416
v -0.198114 -0.564184 0.022018
v -0.198030 -0.564487 0.021822
v -0.189035 -0.544395 0.022179
v -0.197654 -0.563935 0.021952
v -0.189234 -0.544693 0.022350
v -0.197651 -0.564282 0.021767
v -0.184884 -0.554410 0.020796
v -0.184589 -0.554515 0.020522
v -0.330047 -0.515340 0.000000
v -0.329971 -0.515110 0.000000
v -0.329838 -0.515132 -0.000256
v -0.329913 -0.515363 -0.000260
v -0.282795 -0.523086 -0.036477
v -0.282722 -0.523508 -0.036488
v -0.309368 -0.610200 -0.000265
v -0.309488 -0.610260 0.000000
v -0.282438 -0.523166 -0.036565
v -0.282363 -0.523589 -0.036576
v -0.270450 -0.590461 -0.035544
v -0.309219 -0.610331 -0.000285
v -0.309347 -0.610395 0.000000
v -0.189347 -0.544115 -0.022243
v -0.270406 -0.590821 -0.035388
v -0.270055 -0.590672 -0.035479
v -0.270119 -0.590320 -0.035631
v -0.189539 -0.544434 -0.022416
v -0.198114 -0.564184 -0.022018
v -0.198030 -0.564487 -0.021822
v -0.189035 -0.544395 -0.022179
v -0.197654 -0.563935 -0.021952
v -0.189234 -0.544693 -0.022350
v -0.197651 -0.564282 -0.021767
v -0.184884 -0.554410 -0.020796
v -0.184589 -0.554515 -0.020522
v -0.298148 -0.905921 0.000193
v -0.298377 -0.905645 0.000000
v -0.298221 -0.906035 0.000000
v -0.298292 -0.905512 0.000225
v -0.279247 -0.876179 0.016228
v -0.303515 -0.773704 0.000000
v -0.279452 -0.875848 0.016295
v -0.303378 -0.773699 0.000277
v -0.258436 -0.842028 0.033050
v -0.303238 -0.773396 0.000000
v -0.258605 -0.841799 0.033221
v -0.287083 -0.773184 0.013800
v -0.303082 -0.773391 0.000317
v -0.257954 -0.841152 0.033412
v -0.258123 -0.840905 0.033616
v -0.261979 -0.744507 0.033708
v -0.287147 -0.772850 0.013632
v -0.162449 -0.677737 0.019971
v -0.162826 -0.677632 0.020073
v -0.261114 -0.743913 0.034000
v -0.262027 -0.744227 0.033504
v -0.166409 -0.665721 0.020024
v -0.166765 -0.665919 0.020112
v -0.186509 -0.664023 0.021658
v -0.261187 -0.743631 0.033801
v -0.169135 -0.660018 0.019932
v -0.186635 -0.663672 0.021561
v -0.168907 -0.659558 0.019843
v -0.298377 -0.905645 0.000000
v -0.298148 -0.905921 -0.000193
v -0.298221 -0.906035 0.000000
v -0.298292 -0.905512 -0.000225
v -0.303515 -0.773704 0.000000
v -0.279247 -0.876179 -0.016228
v -0.279452 -0.875848 -0.016295
v -0.303378 -0.773699 -0.000277
v -0.303238 -0.773396 0.000000
v -0.258436 -0.842028 -0.033050
v -0.258605 -0.841799 -0.033221
v -0.287083 -0.773184 -0.013800
v -0.213806 -0.172732 0.039649
v -0.171607 -0.158170 0.040242
v -0.215624 -0.158174 0.039043
v -0.170681 -0.173722 0.039971
v -0.217551 -0.188775 0.039504
v -0.218343 -0.189007 0.038772
v -0.217451 -0.189747 0.039035
v -0.168849 -0.225816 0.036434
v -0.093606 -0.158767 0.040196
v -0.093156 -0.179078 0.039492
v -0.168942 -0.226497 0.035850
v -0.089417 -0.231135 0.036512
v -0.089413 -0.230210 0.036918
v -0.077722 -0.177754 0.039352
v -0.072998 -0.242702 0.036014
v -0.077661 -0.157357 0.038854
v -0.076829 -0.177717 0.039349
v -0.073698 -0.243165 0.035481
v -0.072497 -0.243507 0.035951
v -0.076768 -0.157320 0.038821
v 0.091977 -0.178251 0.039900
v -0.073206 -0.244081 0.035405
v -0.061337 -0.423810 0.021007
v -0.010718 -0.431221 0.019652
v 0.098035 -0.158431 0.040321
v 0.092908 -0.178295 0.039900
v -0.001038 -0.435149 0.021580
v -0.062233 -0.423735 0.020675
v -0.061208 -0.435794 0.019262
v -0.059980 -0.436231 0.019573
v 0.098969 -0.158433 0.040323
v 0.231200 -0.191042 0.039474
v 0.016199 -0.443781 0.021252
v -0.019371 -0.452715 0.017640
v -0.010474 -0.432234 0.019464
v -0.002049 -0.435445 0.021416
v 0.005514 -0.453588 0.020259
v -0.003272 -0.452465 0.020223
v -0.042963 -0.458333 0.016926
v -0.042812 -0.457689 0.017305
v -0.030107 -0.457606 0.017204
v 0.232524 -0.158420 0.039710
v 0.015389 -0.445671 0.020890
v 0.019869 -0.452024 0.019991
v 0.005778 -0.454675 0.019904
v -0.004295 -0.452914 0.019930
v -0.018586 -0.453339 0.017223
v -0.029790 -0.458444 0.016743
v 0.018975 -0.452811 0.019424
v 0.009467 -0.481847 0.018759
v 0.008360 -0.482783 0.018388
v 0.026589 -0.492236 0.017967
v 0.027628 -0.491902 0.018247
v 0.219210 -0.420847 0.035184
v 0.026868 -0.505336 0.019615
v 0.036345 -0.515578 0.019902
v 0.025691 -0.505496 0.019338
v 0.035150 -0.515631 0.019559
v 0.040285 -0.527331 0.019270
v 0.041456 -0.527790 0.019573
v 0.226851 -0.416955 0.035055
v 0.220675 -0.607701 0.032191
v 0.214659 -0.605438 0.034817
v 0.236347 -0.190629 0.036421
v 0.040169 -0.528214 0.019246
v 0.041327 -0.528697 0.019544
v 0.214616 -0.606383 0.034805
v 0.250921 -0.409409 0.012347
v 0.240295 -0.614749 0.011621
v 0.220638 -0.608624 0.032178
v 0.237511 -0.158450 0.036292
v 0.259288 -0.188250 0.012579
v 0.018531 -0.555225 0.018395
v 0.019145 -0.556239 0.018503
v 0.052672 -0.605060 0.021147
v 0.206815 -0.776908 0.032105
v 0.262369 -0.402702 0.000523
v 0.249532 -0.618065 0.000308
v 0.240244 -0.615655 0.011621
v 0.213635 -0.783610 0.029659
v 0.261440 -0.158064 0.012062
v 0.268859 -0.187239 0.000892
v 0.010193 -0.567215 0.018147
v 0.010255 -0.568226 0.018363
v -0.004915 -0.636144 0.018601
v 0.195546 -1.109441 0.027177
v 0.262435 -0.403067 0.000155
v 0.269590 -0.187162 0.000000
v 0.249478 -0.618966 0.000308
v 0.230383 -0.801404 0.011052
v 0.199242 -1.119552 0.026652
v 0.269094 -0.158381 0.000543
v -0.015679 -0.576682 0.017588
v 0.000094 -0.559788 0.018048
v 0.000953 -0.559183 0.017800
v -0.005570 -0.637284 0.018359
v 0.194592 -1.110394 0.026404
v 0.223452 -1.168490 0.006453
v 0.238819 -0.811540 0.000306
v -0.010451 -0.548580 0.017650
v -0.007126 -0.558972 0.017767
v -0.011107 -0.547594 0.016898
v 0.198771 -1.120171 0.025538
v 0.198771 -1.120171 0.025538
v -0.019101 -0.564783 0.017143
v -0.020100 -0.564434 0.016750
v -0.016569 -0.577060 0.017241
v 0.223026 -1.169075 0.006130
v 0.229852 -1.171762 0.000298
v 0.229073 -1.172139 0.000335
v 0.229218 -1.172213 0.000000
v 0.229981 -1.171828 0.000000
v 0.238917 -0.811666 0.000000
v -0.005875 -0.636346 0.018338
v 0.249591 -0.619003 0.000000
v 0.249644 -0.618107 0.000000
v 0.249644 -0.618107 0.000000
v 0.194592 -1.110394 -0.026403
v 0.199242 -1.119552 -0.026652
v 0.198771 -1.120171 -0.025537
v 0.195546 -1.109441 -0.027176
v -0.005570 -0.637284 -0.018359
v -0.004915 -0.636144 -0.018601
v 0.206815 -0.776908 -0.032105
v 0.213635 -0.783610 -0.029659
v -0.005875 -0.636346 -0.018337
v -0.016569 -0.577060 -0.017241
v -0.015679 -0.576682 -0.017588
v 0.052672 -0.605060 -0.021147
v 0.010255 -0.568226 -0.018362
v 0.220638 -0.608624 -0.032178
v 0.214616 -0.606383 -0.034805
v 0.230383 -0.801404 -0.011052
v 0.240244 -0.615655 -0.011621
v 0.019145 -0.556239 -0.018503
v 0.041327 -0.528697 -0.019544
v 0.010193 -0.567215 -0.018147
v 0.000094 -0.559788 -0.018048
v -0.019101 -0.564783 -0.017143
v -0.007126 -0.558972 -0.017767
v 0.018531 -0.555225 -0.018395
v 0.220675 -0.607701 -0.032190
v 0.240295 -0.614749 -0.011621
v 0.214659 -0.605438 -0.034817
v 0.249532 -0.618065 -0.000308
v 0.249478 -0.618966 -0.000308
v -0.010451 -0.548580 -0.017650
v 0.000953 -0.559183 -0.017800
v 0.040169 -0.528214 -0.019246
v 0.226851 -0.416955 -0.035055
v 0.219210 -0.420847 -0.035184
v 0.250921 -0.409409 -0.012347
v -0.011107 -0.547594 -0.016898
v 0.041456 -0.527790 -0.019573
v 0.040285 -0.527331 -0.019270
v 0.036345 -0.515578 -0.019902
v 0.236347 -0.190629 -0.036421
v 0.231200 -0.191042 -0.039474
v 0.019869 -0.452024 -0.019991
v 0.027628 -0.491902 -0.018247
v 0.035150 -0.515631 -0.019559
v 0.026868 -0.505336 -0.019615
v 0.026589 -0.492236 -0.017967
v 0.009467 -0.481847 -0.018759
v 0.025691 -0.505496 -0.019338
v 0.016199 -0.443781 -0.021252
v 0.015389 -0.445671 -0.020890
v 0.018975 -0.452811 -0.019424
v 0.008360 -0.482783 -0.018388
v 0.005514 -0.453588 -0.020259
v 0.092908 -0.178295 -0.039900
v -0.001038 -0.435149 -0.021580
v 0.005778 -0.454675 -0.019904
v -0.003272 -0.452465 -0.020223
v -0.004295 -0.452914 -0.019929
v -0.002049 -0.435445 -0.021416
v -0.303082 -0.773391 -0.000317
v -0.257954 -0.841152 -0.033412
v -0.258123 -0.840905 -0.033616
v -0.261979 -0.744507 -0.033708
v -0.287147 -0.772850 -0.013632
v -0.162449 -0.677737 -0.019970
v -0.162826 -0.677632 -0.020073
v -0.261114 -0.743913 -0.034000
v -0.262027 -0.744227 -0.033504
v -0.166409 -0.665721 -0.020024
v -0.166765 -0.665919 -0.020112
v -0.186509 -0.664023 -0.021658
v -0.261187 -0.743631 -0.033801
v -0.169135 -0.660018 -0.019932
v -0.186635 -0.663672 -0.021561
v -0.168907 -0.659558 -0.019843
v 0.120576 -1.010130 0.025947
v 0.121053 -1.010258 0.025923
v 0.120871 -1.009853 0.025865
v 0.120739 -1.010485 0.025994
v 0.042028 -1.049689 0.031014
v 0.209682 -1.218758 0.029228
v 0.041988 -1.050134 0.031070
v 0.209664 -1.219540 0.029365
v 0.041685 -1.049730 0.030870
v 0.209955 -1.219489 0.029189
v 0.188646 -1.756599 0.023227
v 0.041685 -1.050157 0.030921
v 0.210005 -1.220247 0.029246
v 0.234446 -1.278365 0.009418
v 0.188731 -1.758407 0.023111
v 0.188977 -1.758566 0.023113
v 0.234418 -1.279096 0.009422
v 0.245388 -1.302291 0.000291
v 0.189010 -1.759261 0.022873
v 0.216614 -1.800083 0.006500
v 0.217124 -1.800358 0.006388
v 0.245481 -1.303056 0.000259
v 0.245484 -1.302500 0.000000
v 0.217067 -1.800551 0.006211
v 0.228286 -1.806183 0.000000
v 0.228626 -1.806139 0.000266
v 0.245566 -1.303242 0.000000
v 0.228790 -1.806222 0.000000
v 0.121053 -1.010258 -0.025923
v 0.120576 -1.010130 -0.025947
v 0.120871 -1.009853 -0.025865
v 0.120739 -1.010485 -0.025994
v 0.209682 -1.218758 -0.029228
v 0.042028 -1.049689 -0.031014
v 0.041988 -1.050134 -0.031070
v 0.209664 -1.219540 -0.029364
v 0.209955 -1.219489 -0.029188
v 0.041685 -1.049730 -0.030870
v 0.188646 -1.756599 -0.023226
v 0.041685 -1.050157 -0.030921
v 0.210005 -1.220247 -0.029246
v 0.234446 -1.278365 -0.009418
v 0.188731 -1.758407 -0.023111
v 0.188977 -1.758566 -0.023112
v 0.234418 -1.279096 -0.009422
v 0.245388 -1.302291 -0.000291
v 0.189010 -1.759261 -0.022873
v 0.216614 -1.800083 -0.006500
v 0.217124 -1.800358 -0.006388
v 0.245481 -1.303056 -0.000259
v 0.245484 -1.302500 0.000000
v 0.217067 -1.800551 -0.006211
v 0.228286 -1.806183 0.000000
v 0.228626 -1.806139 -0.000266
v 0.245566 -1.303242 0.000000
v 0.228790 -1.806222 0.000000
v -0.041265 -1.076716 0.029914
v -0.040837 -1.076786 0.029859
v -0.040840 -1.076338 0.029894
v -0.041273 -1.076294 0.029948
v -0.125107 -1.072908 0.028490
v -0.125181 -1.073328 0.028392
v -0.041743 -0.996853 0.028633
v -0.118621 -1.008485 0.027397
v -0.041295 -0.996766 0.028559
v -0.119043 -1.008546 0.027364
v -0.125509 -1.072923 0.028367
v -0.116112 -0.984894 0.026808
v -0.041495 -0.968186 0.028407
v -0.116558 -0.985020 0.026758
v -0.106473 -0.871530 0.023979
v -0.106903 -0.871630 0.023910
v -0.097195 -0.727001 0.021237
v -0.096736 -0.726922 0.021334
v -0.051738 -0.864395 0.025441
v -0.051348 -0.864244 0.025340
v -0.067783 -0.715439 0.021117
v -0.096828 -0.722496 0.021137
v -0.096410 -0.722267 0.021185
v -0.067404 -0.715215 0.021053
v -0.068444 -0.709609 0.020971
v -0.117934 -0.710822 0.023064
v -0.118317 -0.711176 0.022980
v -0.068036 -0.709354 0.020900
v -0.069940 -0.670445 0.019754
v -0.100750 -0.638878 0.018971
v -0.101056 -0.638481 0.018866
v -0.069527 -0.669970 0.019701
v -0.080860 -0.639165 0.018960
v -0.080592 -0.638693 0.018857
v -0.041265 -1.076716 -0.029914
v -0.040840 -1.076338 -0.029894
v -0.040837 -1.076786 -0.029859
v -0.041273 -1.076294 -0.029948
v -0.125107 -1.072908 -0.028490
v -0.125181 -1.073328 -0.028392
v -0.041743 -0.996853 -0.028633
v -0.118621 -1.008485 -0.027397
v -0.041295 -0.996766 -0.028558
v -0.119043 -1.008546 -0.027364
v -0.125509 -1.072923 -0.028367
v -0.116112 -0.984894 -0.026808
v -0.116558 -0.985020 -0.026758
v -0.041596 -0.968099 -0.028462
v -0.041394 -0.968272 -0.028351
v -0.106473 -0.871530 -0.023979
v -0.106903 -0.871630 -0.023910
v -0.051348 -0.864244 -0.025340
v -0.051738 -0.864395 -0.025441
v -0.097195 -0.727001 -0.021237
v -0.096736 -0.726922 -0.021334
v -0.067783 -0.715439 -0.021117
v -0.067404 -0.715215 -0.021053
v -0.096828 -0.722496 -0.021137
v -0.096410 -0.722267 -0.021185
v -0.068444 -0.709609 -0.020971
v -0.117934 -0.710822 -0.023064
v -0.068036 -0.709354 -0.020900
v -0.069940 -0.670445 -0.019754
v -0.118317 -0.711176 -0.022980
v -0.100750 -0.638878 -0.018971
v -0.101056 -0.638481 -0.018866
v -0.069527 -0.669970 -0.019701
v -0.080860 -0.639165 -0.018960
v -0.080592 -0.638693 -0.018857
v -0.170915 -1.401209 0.029709
v -0.170896 -1.401497 0.029683
v -0.170634 -1.401172 0.029621
v -0.170619 -1.400876 0.029622
v -0.162149 -1.264884 0.027189
v -0.161917 -1.264891 0.027099
v -0.170915 -1.401209 0.029709
v -0.233565 -1.262657 0.029172
v -0.134542 -0.957812 0.021247
v -0.156493 -0.947704 0.022373
v -0.219532 -1.435359 0.028606
v -0.233794 -1.262941 0.029112
v -0.211677 -1.436616 0.027856
v -0.170896 -1.401497 0.029683
v -0.211713 -1.436858 0.027782
v -0.211463 -1.436756 0.027779
v -0.219787 -1.435410 0.028532
v -0.219650 -1.435590 0.028524
v -0.273180 -1.313380 0.000000
v -0.232758 -1.450234 0.019536
v -0.232586 -1.450403 0.019532
v -0.258194 -1.474484 0.000016
v -0.232863 -1.450683 0.019426
v -0.258105 -1.474760 0.000000
v -0.170634 -1.401172 -0.029621
v -0.170896 -1.401497 -0.029683
v -0.170915 -1.401209 -0.029709
v -0.170619 -1.400876 -0.029622
v -0.162149 -1.264884 -0.027189
v -0.161917 -1.264891 -0.027099
v -0.233565 -1.262657 -0.029172
v -0.134542 -0.957812 -0.021247
v -0.156493 -0.947704 -0.022372
v -0.219532 -1.435359 -0.028606
v -0.233794 -1.262941 -0.029112
v -0.211677 -1.436616 -0.027856
v -0.170896 -1.401497 -0.029683
v -0.211713 -1.436858 -0.027782
v -0.211463 -1.436756 -0.027779
v -0.219787 -1.435410 -0.028532
v -0.219650 -1.435590 -0.028524
v -0.273180 -1.313380 0.000000
v -0.232758 -1.450234 -0.019536
v -0.232586 -1.450403 -0.019532
v -0.258194 -1.474484 -0.000016
v -0.232863 -1.450683 -0.019426
v -0.258105 -1.474760 0.000000
v -0.029826 -2.380661 0.000458
v -0.030060 -2.381005 0.000000
v -0.029665 -2.380876 0.000000
v -0.030228 -2.380779 0.000480
v -0.047229 -2.357271 0.019081
v -0.185720 -2.386790 0.000452
v -0.186009 -2.386995 0.000000
v -0.047730 -2.357248 0.019196
v -0.152913 -2.360573 0.018512
v -0.047467 -2.356895 0.019247
v -0.047856 -2.356902 0.019313
v -0.186120 -2.386648 0.000451
v -0.010718 -0.431221 -0.019652
v 0.091977 -0.178251 -0.039899
v -0.010474 -0.432234 -0.019464
v 0.098035 -0.158431 -0.040321
v 0.098969 -0.158433 -0.040323
v -0.076768 -0.157320 -0.038821
v -0.072497 -0.243507 -0.035951
v -0.076829 -0.177717 -0.039349
v -0.019371 -0.452715 -0.017640
v -0.061337 -0.423810 -0.021007
v -0.059980 -0.436231 -0.019573
v -0.018586 -0.453339 -0.017223
v 0.232524 -0.158420 -0.039710
v -0.077661 -0.157357 -0.038854
v -0.077722 -0.177754 -0.039352
v -0.072998 -0.242702 -0.036014
v -0.073698 -0.243165 -0.035481
v -0.073206 -0.244081 -0.035405
v -0.029790 -0.458444 -0.016743
v -0.030107 -0.457606 -0.017204
v -0.061208 -0.435794 -0.019262
v -0.062233 -0.423735 -0.020675
v 0.237511 -0.158450 -0.036292
v -0.093606 -0.158767 -0.040196
v -0.093156 -0.179078 -0.039491
v -0.089413 -0.230210 -0.036918
v -0.089417 -0.231135 -0.036512
v -0.042963 -0.458333 -0.016925
v -0.168849 -0.225816 -0.036434
v -0.170681 -0.173722 -0.039971
v -0.042812 -0.457689 -0.017305
v -0.171607 -0.158170 -0.040242
v -0.168942 -0.226497 -0.035850
v -0.217451 -0.189747 -0.039035
v -0.217551 -0.188775 -0.039504
v -0.213806 -0.172732 -0.039649
v -0.215624 -0.158174 -0.039043
v -0.218343 -0.189007 -0.038772
v -0.218535 -0.187957 -0.039210
v -0.214774 -0.172740 -0.039323
v -0.216591 -0.158170 -0.038700
v -0.231295 -0.173545 -0.026335
v -0.260819 -0.157716 0.000000
v -0.231974 -0.173956 -0.025334
v -0.218343 -0.189007 -0.038772
v -0.020100 -0.564434 -0.016750
v 0.262435 -0.403067 0.000155
v 0.249644 -0.618107 0.000000
v 0.262369 -0.402702 -0.000120
v 0.269590 -0.187162 0.000000
v 0.268859 -0.187239 -0.000892
v 0.259288 -0.188250 -0.012579
v 0.269094 -0.158381 -0.000543
v 0.261440 -0.158064 -0.012062
v 0.269455 -0.158396 0.000000
v 0.269094 -0.158381 0.000543
v 0.269455 -0.158396 0.000000
v 0.249644 -0.618107 0.000000
v 0.249591 -0.619003 0.000000
v 0.238819 -0.811540 -0.000306
v 0.238917 -0.811666 0.000000
v 0.223452 -1.168490 -0.006453
v 0.229852 -1.171762 -0.000298
v 0.229981 -1.171828 0.000000
v 0.229073 -1.172139 -0.000335
v 0.198771 -1.120171 -0.025537
v 0.223026 -1.169075 -0.006130
v -0.254817 -0.237966 -0.037186
v -0.176123 -0.228213 -0.036459
v -0.176071 -0.228690 -0.036544
v -0.158259 -0.238222 -0.035126
v -0.254983 -0.238346 -0.037259
v -0.268013 -0.298099 -0.035402
v -0.158514 -0.238498 -0.035236
v -0.116185 -0.409335 -0.021110
v -0.310708 -0.207346 -0.039749
v -0.303768 -0.257758 -0.037753
v -0.310659 -0.206923 -0.039711
v -0.116447 -0.409673 -0.021191
v -0.151891 -0.426508 -0.018725
v -0.112400 -0.421918 -0.019700
v -0.304189 -0.257354 -0.037662
v -0.311095 -0.207082 -0.039658
v -0.310982 -0.206741 -0.039634
v -0.112707 -0.421854 -0.019930
v -0.123789 -0.429449 -0.017892
v -0.123571 -0.429749 -0.017788
v -0.140369 -0.437506 -0.017283
v -0.349007 -0.189307 -0.014014
v -0.349214 -0.189552 -0.014043
v -0.140667 -0.437936 -0.017108
v -0.152364 -0.426559 -0.018639
v -0.349336 -0.189271 -0.013781
v -0.369759 -0.193591 -0.000185
v -0.268234 -0.298404 -0.035299
v -0.301067 -0.260597 -0.037476
v -0.369950 -0.193237 0.000000
v -0.369965 -0.193550 0.000000
v -0.369374 -0.194199 0.000000
v -0.304118 -0.257656 -0.037470
v -0.303830 -0.257947 -0.037566
v -0.394713 -0.200797 0.039095
v -0.394983 -0.200481 0.039059
v -0.395070 -0.200696 0.039165
v -0.459832 -0.132075 0.000279
v -0.394549 -0.201439 0.039248
v -0.239483 -0.384951 0.016247
v -0.361021 -0.376297 0.036992
v -0.460093 -0.132077 0.000229
v -0.415552 -0.339030 0.000289
v -0.459964 -0.131923 0.000000
v -0.360622 -0.376523 0.037081
v -0.239719 -0.385241 0.016359
v -0.239282 -0.385324 0.016206
v -0.361011 -0.376690 0.036877
v -0.415173 -0.339588 0.000318
v -0.460202 -0.131952 0.000000
v -0.415702 -0.338935 0.000000
v -0.415337 -0.339484 0.000000
v -0.268268 -0.436266 0.022576
v -0.360691 -0.376893 0.036960
v -0.239496 -0.385759 0.016330
v -0.235652 -0.413164 0.020545
v -0.268289 -0.436651 0.022417
v -0.267877 -0.436373 0.022529
v -0.235987 -0.413046 0.020716
v -0.251489 -0.436059 0.020839
v -0.251837 -0.435826 0.021033
v -0.267750 -0.436702 0.022383
v -0.394983 -0.200481 -0.039059
v -0.394713 -0.200797 -0.039095
v -0.395070 -0.200696 -0.039165
v -0.459832 -0.132075 -0.000279
v -0.394549 -0.201439 -0.039248
v -0.239483 -0.384951 -0.016247
v -0.361021 -0.376297 -0.036992
v -0.460093 -0.132077 -0.000229
v -0.415552 -0.339030 -0.000289
v -0.459964 -0.131923 0.000000
v -0.360622 -0.376523 -0.037081
v -0.239719 -0.385241 -0.016359
v -0.239282 -0.385324 -0.016206
v -0.361011 -0.376690 -0.036877
v -0.415173 -0.339588 -0.000318
v -0.460202 -0.131952 0.000000
v -0.415702 -0.338935 0.000000
v -0.415337 -0.339484 0.000000
v -0.268268 -0.436266 -0.022576
v -0.360691 -0.376893 -0.036960
v -0.239496 -0.385759 -0.016330
v -0.235652 -0.413164 -0.020545
v -0.268289 -0.436651 -0.022417
v -0.267877 -0.436373 -0.022529
v -0.235987 -0.413046 -0.020716
v -0.251489 -0.436059 -0.020839
v -0.251837 -0.435826 -0.021033
v -0.267750 -0.436702 -0.022383
v -0.287030 -0.714274 0.034771
v -0.289731 -0.717943 0.032220
v -0.286913 -0.714521 0.034574
v -0.286678 -0.714055 0.034728
v -0.290340 -0.718509 0.031967
v -0.294128 -0.623282 0.035360
v -0.286691 -0.713592 0.034859
v -0.290176 -0.718611 0.031885
v -0.221337 -0.643698 0.023140
v -0.221666 -0.643517 0.023262
v -0.293787 -0.623198 0.035446
v -0.312842 -0.743445 0.013349
v -0.313318 -0.743573 0.013375
v -0.319685 -0.631871 0.014222
v -0.218837 -0.631443 0.022601
v -0.219189 -0.631427 0.022759
v -0.235260 -0.611209 0.025224
v -0.293907 -0.622822 0.035409
v -0.218569 -0.617013 0.022381
v -0.313183 -0.743638 0.013147
v -0.218209 -0.616943 0.022249
v -0.219677 -0.613558 0.022387
v -0.235241 -0.610823 0.025129
v -0.328379 -0.745110 0.000375
v -0.335658 -0.636695 0.000269
v -0.328915 -0.744986 0.000318
v -0.153356 -2.360411 0.018511
v -0.152779 -2.360032 0.018610
v -0.186383 -2.386868 0.000000
v -0.106362 -2.068639 0.022810
v -0.106708 -2.068585 0.022922
v -0.153562 -2.359987 0.018515
v -0.186309 -2.386273 0.000451
v -0.174019 -2.070806 0.022327
v -0.106364 -2.068154 0.022802
v -0.081599 -1.869487 0.024799
v -0.187480 -1.894541 0.024190
v -0.186559 -2.386532 0.000000
v -0.186383 -2.386868 0.000000
v -0.174389 -2.070858 0.022230
v -0.211711 -2.072898 0.000422
v -0.187845 -1.894616 0.024090
v -0.226368 -1.901519 0.000436
v -0.081277 -1.869567 0.024639
v -0.197233 -1.737752 0.026475
v -0.126018 -1.775610 0.024094
v -0.125714 -1.775901 0.023930
v -0.081334 -1.869157 0.024655
v -0.197618 -1.737528 0.026383
v -0.241354 -1.709530 0.000447
v -0.226628 -1.901565 0.000000
v -0.084951 -1.675169 0.025041
v -0.218270 -1.486655 0.029230
v -0.218585 -1.486905 0.029138
v -0.084708 -1.675785 0.024899
v -0.125714 -1.775513 0.023935
v -0.241607 -1.709368 0.000000
v -0.258112 -1.519556 0.000475
v -0.258344 -1.519748 0.000000
v -0.218770 -1.486483 0.028957
v -0.257937 -1.518993 0.000555
v -0.258208 -1.519217 0.000000
v -0.084624 -1.675384 0.024892
v -0.083113 -1.484164 0.027687
v -0.083483 -1.484213 0.027845
v -0.218454 -1.486232 0.029052
v -0.083448 -1.483887 0.027710
v -0.171725 -1.446517 0.030525
v -0.171908 -1.446152 0.030450
v -0.171517 -1.446187 0.030470
v -0.211971 -2.072913 0.000000
v -0.186559 -2.386532 0.000000
v -0.030060 -2.381005 0.000000
v -0.029826 -2.380661 -0.000457
v -0.029665 -2.380876 0.000000
v -0.030228 -2.380779 -0.000479
v -0.047229 -2.357271 -0.019081
v -0.185720 -2.386790 -0.000451
v -0.186009 -2.386995 0.000000
v -0.047730 -2.357248 -0.019195
v -0.152913 -2.360573 -0.018511
v -0.047467 -2.356895 -0.019246
v -0.047856 -2.356902 -0.019313
v -0.186120 -2.386648 -0.000451
v -0.153356 -2.360411 -0.018511
v -0.152779 -2.360032 -0.018610
v -0.186383 -2.386868 0.000000
v -0.106362 -2.068639 -0.022810
v -0.106708 -2.068585 -0.022922
v -0.153562 -2.359987 -0.018515
v -0.186309 -2.386273 -0.000451
v -0.174019 -2.070806 -0.022327
v -0.106364 -2.068154 -0.022802
v -0.081599 -1.869487 -0.024799
v -0.187480 -1.894541 -0.024190
v -0.186559 -2.386532 0.000000
v -0.186383 -2.386868 0.000000
v -0.174389 -2.070858 -0.022230
v -0.211711 -2.072898 -0.000421
v -0.211971 -2.072913 0.000000
v -0.187845 -1.894616 -0.024090
v -0.226368 -1.901519 -0.000435
v -0.081277 -1.869567 -0.024639
v -0.226628 -1.901565 0.000000
v -0.197233 -1.737752 -0.026474
v -0.126018 -1.775610 -0.024093
v -0.197618 -1.737528 -0.026382
v -0.241354 -1.709530 -0.000447
v -0.241607 -1.709368 0.000000
v -0.084951 -1.675169 -0.025041
v -0.218270 -1.486655 -0.029230
v -0.218585 -1.486905 -0.029138
v -0.258344 -1.519748 0.000000
v -0.258112 -1.519556 -0.000474
v -0.218770 -1.486483 -0.028957
v -0.257937 -1.518993 -0.000555
v -0.258208 -1.519217 0.000000
v -0.218454 -1.486232 -0.029052
v -0.083483 -1.484213 -0.027845
v -0.171725 -1.446517 -0.030525
v -0.171908 -1.446152 -0.030449
v -0.083113 -1.484164 -0.027687
v -0.083448 -1.483887 -0.027710
v -0.171517 -1.446187 -0.030470
v -0.084624 -1.675384 -0.024891
v -0.084708 -1.675785 -0.024899
v -0.125714 -1.775513 -0.023935
v -0.125714 -1.775901 -0.023930
v -0.081334 -1.869157 -0.024654
v -0.043587 -1.878465 0.024399
v -0.043971 -1.878608 0.024373
v -0.043643 -1.878847 0.024329
v -0.043975 -1.877901 0.024464
v -0.046041 -1.807085 0.025302
v -0.104278 -1.802490 0.024989
v -0.046386 -1.807062 0.025461
v -0.104121 -1.802018 0.025067
v -0.079218 -1.698610 0.026152
v -0.079099 -1.697686 0.026103
v -0.104555 -1.802153 0.024920
v -0.104451 -1.801768 0.024982
v -0.079449 -1.697936 0.026088
v -0.043971 -1.878608 -0.024373
v -0.043587 -1.878465 -0.024399
v -0.043643 -1.878847 -0.024329
v -0.043975 -1.877901 -0.024464
v -0.104278 -1.802490 -0.024988
v -0.046041 -1.807085 -0.025302
v -0.046386 -1.807062 -0.025461
v -0.104121 -1.802018 -0.025067
v -0.079218 -1.698610 -0.026152
v -0.104555 -1.802153 -0.024920
v -0.104451 -1.801768 -0.024981
v -0.079099 -1.697686 -0.026103
v -0.079449 -1.697936 -0.026087
v -0.029321 -1.018855 0.030703
v -0.021984 -1.017962 0.030397
v -0.030095 -1.017846 0.030508
v -0.022547 -1.018874 0.030714
v -0.008980 -1.126374 0.028674
v -0.009713 -1.126625 0.029016
v -0.035175 -1.125432 0.029615
v 0.033411 -1.471201 0.025600
v 0.032542 -1.471191 0.025862
v -0.061372 -1.442744 0.026005
v -0.036125 -1.125120 0.029590
v -0.030095 -1.017846 0.030508
v -0.062339 -1.442595 0.025877
v -0.055939 -1.555532 0.024776
v -0.062339 -1.442595 0.025877
v -0.056833 -1.555895 0.024664
v -0.055940 -1.556381 0.024470
v 0.005549 -1.555110 0.024588
v 0.005752 -1.554219 0.024828
v 0.033378 -1.471616 0.025596
v 0.033411 -1.471201 0.025600
v 0.006515 -1.554646 0.024564
v -0.021984 -1.017962 -0.030397
v -0.029321 -1.018855 -0.030703
v -0.030095 -1.017846 -0.030508
v -0.022547 -1.018874 -0.030714
v -0.008980 -1.126374 -0.028674
v -0.009713 -1.126625 -0.029016
v -0.035175 -1.125432 -0.029615
v 0.033411 -1.471201 -0.025600
v 0.032542 -1.471191 -0.025862
v -0.061372 -1.442744 -0.026005
v -0.036125 -1.125120 -0.029589
v -0.062339 -1.442595 -0.025877
v -0.030095 -1.017846 -0.030508
v -0.055939 -1.555532 -0.024776
v -0.062339 -1.442595 -0.025877
v -0.056833 -1.555895 -0.024664
v -0.055940 -1.556381 -0.024470
v 0.005549 -1.555110 -0.024588
v 0.005752 -1.554219 -0.024828
v 0.033378 -1.471616 -0.025595
v 0.033411 -1.471201 -0.025600
v 0.006515 -1.554646 -0.024563
v 0.109805 -1.598842 0.025395
v 0.109272 -1.598053 0.025458
v 0.109235 -1.598780 0.025680
v 0.134258 -1.683672 0.024312
v 0.133838 -1.684207 0.024498
v 0.069111 -1.599179 0.025651
v 0.078082 -1.568648 0.025014
v 0.109272 -1.598053 0.025458
v 0.078164 -1.567980 0.024704
v 0.068571 -1.598939 0.025437
v 0.077682 -1.568118 0.024700
v 0.105679 -1.713854 0.023718
v 0.163495 -1.694941 0.024196
v 0.134258 -1.683672 0.024312
v 0.068601 -1.599644 0.025462
v 0.068571 -1.598939 0.025437
v 0.163867 -1.694449 0.024022
v 0.105092 -1.714213 0.023618
v 0.136103 -1.824295 0.023336
v 0.135521 -1.824239 0.023075
v 0.105092 -1.714213 0.023618
v 0.190039 -1.826674 0.022917
v 0.190535 -1.826241 0.022683
v 0.164182 -1.695075 0.023974
v 0.190790 -1.826892 0.022572
v -0.219429 -0.613186 0.022220
v -0.328563 -0.745127 0.000000
v -0.329072 -0.745001 0.000000
v -0.335788 -0.636729 0.000000
v -0.335736 -0.636320 0.000000
v -0.335605 -0.636286 0.000272
v -0.319841 -0.631499 0.014100
v -0.319554 -0.631422 0.014339
v -0.294271 -0.622902 0.035316
v -0.289731 -0.717943 -0.032220
v -0.287030 -0.714274 -0.034771
v -0.286913 -0.714521 -0.034574
v -0.286678 -0.714055 -0.034728
v -0.290340 -0.718509 -0.031967
v -0.290176 -0.718611 -0.031885
v -0.286691 -0.713592 -0.034859
v -0.294128 -0.623282 -0.035360
v -0.221337 -0.643698 -0.023140
v -0.312842 -0.743445 -0.013349
v -0.313318 -0.743573 -0.013375
v -0.319685 -0.631871 -0.014222
v -0.221666 -0.643517 -0.023262
v -0.293787 -0.623198 -0.035446
v -0.218837 -0.631443 -0.022601
v -0.313183 -0.743638 -0.013147
v -0.293907 -0.622822 -0.035409
v -0.319554 -0.631422 -0.014338
v -0.294271 -0.622902 -0.035316
v -0.235260 -0.611209 -0.025224
v -0.219189 -0.631427 -0.022759
v -0.328379 -0.745110 -0.000375
v -0.328915 -0.744986 -0.000318
v -0.335658 -0.636695 -0.000269
v -0.218569 -0.617013 -0.022381
v -0.218209 -0.616943 -0.022248
v -0.235241 -0.610823 -0.025129
v -0.219677 -0.613558 -0.022387
v -0.328563 -0.745127 0.000000
v -0.329072 -0.745001 0.000000
v -0.335788 -0.636729 0.000000
v -0.219429 -0.613186 -0.022220
v -0.335736 -0.636320 0.000000
v -0.335605 -0.636286 -0.000271
v -0.319841 -0.631499 -0.014099
v -0.153058 -0.747870 0.020389
v -0.132982 -0.769229 0.020138
v -0.153083 -0.747404 0.020165
v -0.249991 -0.913713 0.033063
v -0.133369 -0.769558 0.020253
v -0.249919 -0.914181 0.033230
v -0.235765 -1.145539 0.031105
v -0.235742 -1.146017 0.030860
v -0.250447 -0.914716 0.032878
v -0.250359 -0.915181 0.033002
v -0.236384 -1.147629 0.031135
v -0.236365 -1.148069 0.030916
v -0.289950 -0.975514 0.000289
v -0.290010 -0.976182 0.000265
v -0.236384 -1.147629 0.031135
v -0.277464 -1.201424 0.000220
v -0.277140 -1.201473 0.000258
v -0.290062 -0.975686 0.000000
v -0.290112 -0.976339 0.000000
v -0.277558 -1.201547 0.000000
v -0.277250 -1.201618 0.000000
v -0.132982 -0.769229 -0.020137
v -0.153058 -0.747870 -0.020389
v -0.153083 -0.747404 -0.020165
v -0.249991 -0.913713 -0.033063
v -0.133369 -0.769558 -0.020252
v -0.249919 -0.914181 -0.033230
v -0.235765 -1.145539 -0.031105
v -0.235742 -1.146017 -0.030860
v -0.250447 -0.914716 -0.032878
v -0.250359 -0.915181 -0.033001
v -0.236384 -1.147629 -0.031135
v -0.236365 -1.148069 -0.030916
v -0.289950 -0.975514 -0.000289
v -0.290010 -0.976182 -0.000265
v -0.236384 -1.147629 -0.031135
v -0.277464 -1.201424 -0.000220
v -0.277140 -1.201473 -0.000258
v -0.290062 -0.975686 0.000000
v -0.290112 -0.976339 0.000000
v -0.277558 -1.201547 0.000000
v -0.277250 -1.201618 0.000000
v -0.011697 -1.013636 0.030970
v -0.011815 -1.014135 0.030874
v -0.011361 -1.014027 0.030945
v -0.012021 -1.013776 0.030852
v -0.034835 -0.751530 0.018181
v 0.045116 -1.011787 0.031046
v -0.034171 -0.751664 0.018344
v 0.045091 -1.012218 0.030978
v 0.087090 -0.990066 0.028058
v 0.086938 -0.989707 0.028111
v 0.124178 -0.970275 0.026442
v 0.124004 -0.969906 0.026563
v 0.013586 -0.740632 0.018314
v -0.009319 -0.717498 0.017302
v 0.003839 -0.723992 0.017647
v -0.009515 -0.716712 0.017075
v 0.124283 -0.969935 0.026349
v 0.013745 -0.740103 0.018286
v 0.004004 -0.723582 0.017560
v -0.011361 -1.014027 -0.030944
v 0.045116 -1.011787 -0.031046
v 0.045091 -1.012218 -0.030977
v 0.087090 -0.990066 -0.028058
v -0.011697 -1.013636 -0.030970
v -0.011815 -1.014135 -0.030874
v 0.086938 -0.989707 -0.028111
v -0.034171 -0.751664 -0.018344
v 0.124178 -0.970275 -0.026442
v -0.034835 -0.751530 -0.018181
v -0.012021 -1.013776 -0.030852
v 0.124004 -0.969906 -0.026563
v 0.013586 -0.740632 -0.018314
v 0.124283 -0.969935 -0.026349
v -0.009319 -0.717498 -0.017302
v 0.003839 -0.723992 -0.017646
v 0.013745 -0.740103 -0.018286
v -0.009515 -0.716712 -0.017075
v 0.004004 -0.723582 -0.017560
v -0.067466 -1.451379 0.028696
v -0.062819 -1.232885 0.029737
v -0.067821 -1.450713 0.028806
v -0.073180 -1.452933 0.028660
v -0.063238 -1.232999 0.029774
v -0.073225 -1.452138 0.028789
v -0.073998 -1.203008 0.029348
v -0.073774 -1.202323 0.029259
v -0.153888 -1.373078 0.030574
v -0.153652 -1.372371 0.030689
v -0.135405 -1.192957 0.028499
v -0.135438 -1.193740 0.028612
v -0.155652 -1.357311 0.030253
v -0.155298 -1.356934 0.030368
v -0.147038 -1.204594 0.028665
v -0.147274 -1.203746 0.028554
v -0.062819 -1.232885 -0.029737
v -0.067466 -1.451379 -0.028696
v -0.067821 -1.450713 -0.028805
v -0.073180 -1.452933 -0.028660
v -0.063238 -1.232999 -0.029774
v -0.073225 -1.452138 -0.028789
v -0.073998 -1.203008 -0.029347
v -0.073774 -1.202323 -0.029259
v -0.153888 -1.373078 -0.030574
v -0.153652 -1.372371 -0.030689
v -0.135405 -1.192957 -0.028498
v -0.135438 -1.193740 -0.028612
v -0.155652 -1.357311 -0.030253
v -0.155298 -1.356934 -0.030367
v -0.147038 -1.204594 -0.028664
v -0.147274 -1.203746 -0.028554
v 0.032332 -1.050847 0.030670
v -0.013667 -1.052919 0.031061
v 0.032589 -1.051704 0.030917
v 0.033303 -1.051535 0.030550
v -0.013911 -1.053910 0.031219
v -0.014623 -1.054045 0.030859
v 0.123026 -1.485707 0.026358
v 0.064341 -1.501346 0.026294
v 0.063583 -1.501364 0.025927
v 0.123783 -1.485646 0.026017
v 0.095634 -1.530902 0.026003
v 0.064191 -1.502315 0.026023
v 0.150699 -1.625529 0.024924
v 0.122954 -1.615523 0.024941
v 0.151587 -1.625672 0.024669
v 0.095029 -1.532162 0.025883
v 0.094497 -1.531144 0.025916
v 0.123065 -1.616362 0.024596
v 0.150904 -1.626447 0.024688
v 0.122004 -1.615376 0.024645
v -0.013667 -1.052919 -0.031061
v 0.032332 -1.050847 -0.030670
v 0.032589 -1.051704 -0.030917
v 0.033303 -1.051535 -0.030549
v -0.013911 -1.053910 -0.031219
v -0.014623 -1.054045 -0.030859
v 0.123026 -1.485707 -0.026358
v 0.064341 -1.501346 -0.026294
v 0.063583 -1.501364 -0.025926
v 0.123783 -1.485646 -0.026017
v 0.095634 -1.530902 -0.026003
v 0.064191 -1.502315 -0.026023
v 0.150699 -1.625529 -0.024924
v 0.122954 -1.615523 -0.024940
v 0.151587 -1.625672 -0.024669
v 0.095029 -1.532162 -0.025883
v 0.094497 -1.531144 -0.025916
v 0.123065 -1.616362 -0.024595
v 0.150904 -1.626447 -0.024688
v 0.190673 -1.827771 0.022750
v 0.189288 -1.869767 0.022769
v 0.135946 -1.863994 0.022887
v 0.135431 -1.863915 0.022621
v 0.135521 -1.824239 0.023075
v 0.189936 -1.869788 0.022607
v 0.189276 -1.870474 0.022764
v 0.135965 -1.864728 0.022879
v 0.214599 -1.868155 0.009238
v 0.189924 -1.870493 0.022602
v 0.215165 -1.868051 0.008800
v 0.190790 -1.826892 0.022572
v 0.215104 -1.868817 0.008953
v 0.186297 -2.089107 0.020390
v 0.185621 -2.089576 0.020466
v 0.135272 -2.079278 0.020493
v 0.215723 -1.868478 0.008422
v 0.183719 -2.223710 0.018713
v 0.183191 -2.223413 0.018908
v 0.221084 -2.102888 0.000336
v 0.228344 -1.875807 0.000396
v 0.227655 -1.874935 0.000505
v 0.215723 -1.868478 0.008422
v 0.228563 -1.875923 0.000000
v 0.215694 -2.250792 0.000304
v 0.221287 -2.102968 0.000000
v 0.215158 -2.251177 0.000327
v 0.183228 -2.224177 0.018727
v 0.215860 -2.250932 0.000000
v 0.227929 -1.875084 0.000000
v 0.228344 -1.875807 0.000396
v 0.228563 -1.875923 0.000000
v 0.116789 -2.223543 0.018665
v 0.183228 -2.224177 0.018727
v 0.183719 -2.223710 0.018713
v 0.130674 -2.087325 0.020288
v 0.116544 -2.224343 0.018463
v 0.116263 -2.223539 0.018661
v 0.113606 -2.085909 0.020384
v 0.105800 -2.250513 0.000368
v 0.215158 -2.251177 0.000327
v 0.130383 -2.086469 0.020203
v 0.130383 -2.086469 0.020203
v 0.112804 -2.085253 0.020293
v 0.113593 -2.085303 0.020363
v 0.115872 -2.224307 0.018176
v 0.115872 -2.224307 0.018176
v 0.105133 -2.250390 0.000381
v 0.105718 -2.250713 0.000000
v 0.215337 -2.251328 0.000000
v 0.105047 -2.250599 0.000000
v 0.134680 -2.078709 0.020433
v 0.134680 -2.078709 0.020433
v 0.135425 -1.864638 0.022600
v 0.135431 -1.863915 0.022621
v 0.215694 -2.250792 0.000304
v 0.215337 -2.251328 0.000000
v 0.215860 -2.250932 0.000000
v 0.215158 -2.251177 0.000327
v 0.109805 -1.598842 -0.025394
v 0.109235 -1.598780 -0.025680
v 0.109272 -1.598053 -0.025458
v 0.134258 -1.683672 -0.024311
v 0.133838 -1.684207 -0.024498
v 0.069111 -1.599179 -0.025650
v 0.078082 -1.568648 -0.025014
v 0.109272 -1.598053 -0.025458
v 0.078164 -1.567980 -0.024703
v 0.068571 -1.598939 -0.025436
v 0.077682 -1.568118 -0.024699
v 0.105679 -1.713854 -0.023718
v 0.163495 -1.694941 -0.024196
v 0.134258 -1.683672 -0.024311
v 0.068601 -1.599644 -0.025461
v 0.068571 -1.598939 -0.025436
v 0.163867 -1.694449 -0.024022
v 0.105092 -1.714213 -0.023618
v 0.136103 -1.824295 -0.023336
v 0.135521 -1.824239 -0.023075
v 0.105092 -1.714213 -0.023618
v 0.190039 -1.826674 -0.022917
v 0.190535 -1.826241 -0.022683
v 0.164182 -1.695075 -0.023974
v 0.190790 -1.826892 -0.022572
v 0.190673 -1.827771 -0.022750
v 0.189288 -1.869767 -0.022768
v 0.135946 -1.863994 -0.022887
v 0.135431 -1.863915 -0.022621
v 0.135521 -1.824239 -0.023075
v 0.189936 -1.869788 -0.022606
v 0.189276 -1.870474 -0.022763
v 0.135965 -1.864728 -0.022879
v 0.214599 -1.868155 -0.009238
v 0.189924 -1.870493 -0.022602
v 0.215165 -1.868051 -0.008800
v 0.190790 -1.826892 -0.022572
v 0.215104 -1.868817 -0.008953
v 0.186297 -2.089107 -0.020390
v 0.185621 -2.089576 -0.020466
v 0.135272 -2.079278 -0.020493
v 0.215723 -1.868478 -0.008422
v 0.183719 -2.223710 -0.018713
v 0.183191 -2.223413 -0.018907
v 0.221084 -2.102888 -0.000336
v 0.228344 -1.875807 -0.000396
v 0.227655 -1.874935 -0.000505
v 0.215723 -1.868478 -0.008422
v 0.228563 -1.875923 0.000000
v 0.215694 -2.250792 -0.000304
v 0.221287 -2.102968 0.000000
v 0.215158 -2.251177 -0.000327
v 0.183228 -2.224177 -0.018726
v 0.215860 -2.250932 0.000000
v 0.130674 -2.087325 -0.020288
v 0.116789 -2.223543 -0.018665
v 0.183228 -2.224177 -0.018726
v 0.183719 -2.223710 -0.018713
v 0.116544 -2.224343 -0.018463
v 0.116263 -2.223539 -0.018661
v 0.113606 -2.085909 -0.020384
v 0.105800 -2.250513 -0.000368
v 0.215158 -2.251177 -0.000327
v 0.115872 -2.224307 -0.018176
v 0.115872 -2.224307 -0.018176
v 0.112804 -2.085253 -0.020293
v 0.130383 -2.086469 -0.020202
v 0.113593 -2.085303 -0.020363
v 0.105133 -2.250390 -0.000381
v 0.105718 -2.250713 0.000000
v 0.215337 -2.251328 0.000000
v 0.105047 -2.250599 0.000000
v 0.135425 -1.864638 -0.022600
v 0.135431 -1.863915 -0.022621
v 0.134680 -2.078709 -0.020433
v 0.130383 -2.086469 -0.020202
v 0.134680 -2.078709 -0.020433
v 0.215337 -2.251328 0.000000
v 0.215694 -2.250792 -0.000304
v 0.215860 -2.250932 0.000000
v 0.215158 -2.251177 -0.000327
v 0.227929 -1.875084 0.000000
v 0.228344 -1.875807 -0.000396
v 0.227655 -1.874935 -0.000505
v 0.228563 -1.875923 0.000000
v 0.071598 -2.281948 0.018633
v 0.092927 -2.306426 0.000000
v 0.093283 -2.306284 0.000000
v 0.070961 -2.281801 0.018823
v 0.071208 -2.281473 0.018855
v -0.007678 -2.305000 0.000000
v 0.070802 -2.281454 0.018934
v -0.024289 -2.280185 0.019259
v 0.017695 -2.063231 0.021151
v -0.008165 -2.304776 0.000000
v -0.024443 -2.279819 0.019376
v 0.017271 -2.063067 0.021260
v -0.024587 -2.280105 0.019109
v 0.016055 -2.057273 0.021192
v -0.070273 -2.001467 0.022283
v -0.024722 -2.279735 0.019202
v 0.015680 -2.057376 0.021310
v -0.065401 -1.994891 0.022692
v -0.065508 -1.995270 0.022773
v -0.070597 -2.001356 0.022127
v -0.071067 -1.994076 0.022330
v -0.069822 -1.992497 0.022286
v -0.071394 -1.993829 0.022214
v -0.069714 -1.992105 0.022176
v -0.070080 -1.992232 0.022151
v 0.071598 -2.281948 -0.018633
v 0.093283 -2.306284 0.000000
v 0.092927 -2.306426 0.000000
v 0.070961 -2.281801 -0.018823
v 0.071208 -2.281473 -0.018855
v -0.007678 -2.305000 0.000000
v 0.070802 -2.281454 -0.018933
v -0.024289 -2.280185 -0.019258
v 0.017695 -2.063231 -0.021151
v -0.008165 -2.304776 0.000000
v -0.024443 -2.279819 -0.019375
v 0.017271 -2.063067 -0.021260
v -0.024587 -2.280105 -0.019108
v 0.016055 -2.057273 -0.021191
v -0.070273 -2.001467 -0.022282
v -0.024722 -2.279735 -0.019202
v 0.015680 -2.057376 -0.021309
v -0.065401 -1.994891 -0.022692
v -0.065508 -1.995270 -0.022773
v -0.070597 -2.001356 -0.022127
v -0.071067 -1.994076 -0.022329
v -0.069822 -1.992497 -0.022285
v -0.071394 -1.993829 -0.022213
v -0.069714 -1.992105 -0.022175
v -0.070080 -1.992232 -0.022151
v 0.113075 -2.043965 0.020007
v 0.110878 -1.794087 0.023144
v 0.112855 -2.042683 0.020271
v 0.110529 -1.794232 0.023238
v 0.110958 -1.786309 0.023295
v 0.111240 -1.785956 0.023161
v 0.045637 -1.753050 0.023377
v 0.086581 -1.970416 0.021274
v 0.051055 -1.747517 0.023104
v 0.045292 -1.752846 0.023267
v 0.086319 -1.970777 0.021193
v 0.113075 -2.043965 0.020007
v 0.050951 -1.747089 0.023000
v -0.218535 -0.187957 0.039210
v -0.231974 -0.173956 0.025334
v -0.218343 -0.189007 0.038772
v -0.231295 -0.173545 0.026335
v -0.260819 -0.157716 0.000000
v -0.260373 -0.158586 0.000000
v -0.214774 -0.172740 0.039323
v -0.216591 -0.158170 0.038700
v 0.122004 -1.615376 -0.024645
v -0.031564 -2.001596 0.022725
v -0.031854 -2.001854 0.022264
v -0.031490 -2.001989 0.022464
v -0.032003 -2.001421 0.022462
v 0.016239 -2.009567 0.021283
v -0.070423 -1.886986 0.025122
v -0.054890 -1.900102 0.024406
v -0.054519 -1.899947 0.024183
v 0.016822 -2.010005 0.020721
v -0.070929 -1.885868 0.024610
v -0.031490 -2.001989 -0.022464
v 0.016239 -2.009567 -0.021283
v 0.016822 -2.010005 -0.020721
v -0.054519 -1.899947 -0.024183
v -0.031564 -2.001596 -0.022725
v -0.054890 -1.900102 -0.024405
v -0.070423 -1.886986 -0.025122
v -0.031854 -2.001854 -0.022264
v -0.032003 -2.001421 -0.022461
v -0.070929 -1.885868 -0.024609
v -0.070295 -1.580495 0.024239
v -0.054607 -1.627007 0.024216
v -0.069831 -1.580713 0.024429
v -0.008664 -1.575330 0.024825
v -0.054244 -1.626921 0.024323
v -0.008791 -1.575778 0.025027
v 0.001545 -1.621547 0.024508
v 0.001197 -1.621610 0.024622
v -0.016541 -1.914306 0.021242
v -0.016917 -1.914393 0.021157
v 0.062007 -1.931539 0.020910
v 0.061704 -1.931699 0.021045
v -0.015113 -1.930063 0.020911
v -0.014741 -1.930079 0.020972
v 0.090297 -1.999615 0.020535
v 0.069879 -2.002709 0.020473
v -0.014849 -1.930450 0.020865
v 0.090692 -1.999687 0.020438
v 0.088619 -2.004415 0.020400
v 0.069948 -2.003094 0.020303
v 0.089019 -2.004835 0.020273
v -0.054607 -1.627007 -0.024216
v -0.070295 -1.580495 -0.024239
v -0.069831 -1.580713 -0.024429
v -0.008664 -1.575330 -0.024824
v -0.054244 -1.626921 -0.024322
v -0.008791 -1.575778 -0.025026
v 0.001545 -1.621547 -0.024508
v 0.001197 -1.621610 -0.024621
v -0.016541 -1.914306 -0.021242
v -0.016917 -1.914393 -0.021157
v 0.062007 -1.931539 -0.020910
v 0.061704 -1.931699 -0.021045
v -0.015113 -1.930063 -0.020911
v -0.014741 -1.930079 -0.020972
v 0.090297 -1.999615 -0.020535
v 0.069879 -2.002709 -0.020473
v -0.014849 -1.930450 -0.020865
v 0.090692 -1.999687 -0.020438
v 0.088619 -2.004415 -0.020400
v 0.069948 -2.003094 -0.020303
v 0.089019 -2.004835 -0.020273
v 0.015416 -1.980378 0.021005
v 0.069058 -2.196755 0.018692
v 0.016020 -1.981203 0.021143
v 0.015676 -1.980233 0.021052
v 0.097063 -2.056008 0.020257
v 0.096802 -2.056332 0.020289
v 0.069373 -2.196810 0.018853
v 0.069220 -2.197105 0.018614
v 0.097188 -2.056393 0.020247
v 0.099415 -2.196030 0.018737
v 0.069558 -2.197171 0.018742
v 0.099795 -2.196052 0.018681
v 0.099351 -2.196408 0.018620
v 0.099728 -2.196464 0.018585
v 0.087778 -2.222173 0.000752
v 0.087670 -2.222384 0.000321
v 0.087929 -2.222308 0.000317
v 0.097063 -2.056008 -0.020257
v 0.016020 -1.981203 -0.021143
v 0.015676 -1.980233 -0.021052
v 0.015416 -1.980378 -0.021004
v 0.069058 -2.196755 -0.018692
v 0.096802 -2.056332 -0.020288
v 0.069373 -2.196810 -0.018853
v 0.097188 -2.056393 -0.020247
v 0.099415 -2.196030 -0.018737
v 0.069220 -2.197105 -0.018614
v 0.069558 -2.197171 -0.018741
v 0.099795 -2.196052 -0.018680
v 0.099351 -2.196408 -0.018619
v 0.099728 -2.196464 -0.018585
v 0.087778 -2.222173 -0.000751
v 0.087670 -2.222384 -0.000320
v 0.087929 -2.222308 -0.000317
v 0.045292 -1.752846 -0.023267
v 0.050951 -1.747089 -0.023000
v 0.051055 -1.747517 -0.023104
v 0.111240 -1.785956 -0.023161
v 0.045637 -1.753050 -0.023377
v 0.110958 -1.786309 -0.023294
v 0.110878 -1.794087 -0.023144
v 0.110529 -1.794232 -0.023238
v 0.086581 -1.970416 -0.021273
v 0.086319 -1.970777 -0.021193
v 0.112855 -2.042683 -0.020271
v 0.113075 -2.043965 -0.020006
v 0.042979 -1.552541 0.025561
v 0.036330 -1.552796 0.025331
v 0.042815 -1.552908 0.025591
v 0.113894 -1.760199 0.023452
v 0.036560 -1.553518 0.025444
v 0.113450 -1.760141 0.023559
v 0.025486 -1.596849 0.024920
v 0.107716 -1.765466 0.023353
v 0.107501 -1.765033 0.023479
v 0.025797 -1.596730 0.025076
v 0.047756 -1.729296 0.023633
v 0.048125 -1.729378 0.023745
v 0.048102 -1.729809 0.023689
v 0.047752 -1.729697 0.023576
v 0.042815 -1.552908 -0.025591
v 0.036330 -1.552796 -0.025331
v 0.042979 -1.552541 -0.025561
v 0.113894 -1.760199 -0.023451
v 0.036560 -1.553518 -0.025443
v 0.113450 -1.760141 -0.023559
v 0.025486 -1.596849 -0.024920
v 0.107716 -1.765466 -0.023353
v 0.107501 -1.765033 -0.023479
v 0.025797 -1.596730 -0.025076
v 0.047756 -1.729296 -0.023633
v 0.048125 -1.729378 -0.023744
v 0.048102 -1.729809 -0.023689
v 0.047752 -1.729697 -0.023576
vt 0.256836 0.051270
vt 0.255859 0.052734
vt 0.257080 0.051270
vt 0.257080 0.050781
vt 0.288818 0.017090
vt 0.288818 0.016602
vt 0.289062 0.016602
vt 0.277588 0.015137
vt 0.277832 0.014648
vt 0.255615 0.030273
vt 0.255859 0.030273
vt 0.277588 0.014648
vt 0.233521 0.050781
vt 0.233643 0.050781
vt 0.192627 0.055664
vt 0.242188 0.071777
vt 0.192627 0.055176
vt 0.242310 0.071777
vt 0.189331 0.061035
vt 0.189453 0.061035
vt 0.199707 0.148438
vt 0.199463 0.148438
vt 0.186279 0.145020
vt 0.186523 0.145020
vt 0.195435 0.155273
vt 0.195190 0.155273
vt 0.190552 0.154297
vt 0.190430 0.154297
vt 0.186035 0.151367
vt 0.185913 0.151367
vt 0.281982 0.135254
vt 0.281738 0.135254
vt 0.281982 0.134766
vt 0.277588 0.190918
vt 0.250977 0.158691
vt 0.277344 0.190918
vt 0.277588 0.191406
vt 0.250732 0.159180
vt 0.246216 0.192383
vt 0.277344 0.191406
vt 0.207764 0.196777
vt 0.246094 0.192383
vt 0.207886 0.196777
vt 0.246338 0.192383
vt 0.213989 0.205078
vt 0.213867 0.204590
vt 0.207642 0.196777
vt 0.213745 0.204590
vt 0.213745 0.205078
vt 0.201050 0.205566
vt 0.201294 0.205566
vt 0.205444 0.208496
vt 0.205566 0.208496
vt 0.199463 0.209961
vt 0.199585 0.209961
vt 0.200562 0.210449
vt 0.200439 0.210449
vt 0.284668 0.193359
vt 0.284424 0.193359
vt 0.253906 0.198730
vt 0.253906 0.199219
vt 0.279541 0.244141
vt 0.279785 0.244141
vt 0.251709 0.232422
vt 0.209351 0.216797
vt 0.251709 0.232910
vt 0.251465 0.232422
vt 0.209473 0.216797
vt 0.214844 0.226074
vt 0.209229 0.216797
vt 0.214600 0.226074
vt 0.209351 0.217285
vt 0.207886 0.222168
vt 0.207764 0.222168
vt 0.272949 0.376465
vt 0.273193 0.376465
vt 0.272949 0.375977
vt 0.260742 0.361328
vt 0.278320 0.311523
vt 0.260986 0.360840
vt 0.278076 0.311523
vt 0.247803 0.343750
vt 0.278076 0.311035
vt 0.247803 0.343262
vt 0.267090 0.310547
vt 0.277832 0.311035
vt 0.247437 0.343262
vt 0.247559 0.342773
vt 0.250732 0.296387
vt 0.204102 0.260254
vt 0.204224 0.260254
vt 0.250244 0.295898
vt 0.250977 0.295898
vt 0.204346 0.256348
vt 0.204590 0.256836
vt 0.214233 0.255859
vt 0.250488 0.295898
vt 0.205688 0.253906
vt 0.205566 0.253418
vt 0.252197 0.015625
vt 0.232422 0.008301
vt 0.252197 0.008789
vt 0.231934 0.015625
vt 0.252197 0.023438
vt 0.252930 0.023438
vt 0.252441 0.023926
vt 0.231323 0.041504
vt 0.194092 0.009277
vt 0.194092 0.019043
vt 0.231445 0.041992
vt 0.192749 0.044922
vt 0.192749 0.044434
vt 0.186523 0.018555
vt 0.184692 0.050781
vt 0.186401 0.008789
vt 0.186157 0.018555
vt 0.185059 0.050781
vt 0.184448 0.050781
vt 0.186035 0.008789
vt 0.104248 0.018555
vt 0.184814 0.051270
vt 0.177246 0.140137
vt 0.152466 0.143555
vt 0.101318 0.008789
vt 0.103760 0.018555
vt 0.147461 0.145508
vt 0.177734 0.140137
vt 0.177246 0.145996
vt 0.176514 0.145996
vt 0.100891 0.008789
vt 0.036407 0.023438
vt 0.139038 0.149414
vt 0.156860 0.154297
vt 0.152344 0.144043
vt 0.147949 0.145508
vt 0.144287 0.154297
vt 0.148560 0.153809
vt 0.168335 0.157227
vt 0.168213 0.156738
vt 0.161987 0.156738
vt 0.036041 0.007324
vt 0.139404 0.150391
vt 0.137207 0.153809
vt 0.144165 0.154785
vt 0.149048 0.154297
vt 0.156372 0.154785
vt 0.161865 0.157227
vt 0.137695 0.154297
vt 0.141357 0.168945
vt 0.141846 0.169434
vt 0.133057 0.172363
vt 0.132446 0.171875
vt 0.037994 0.165039
vt 0.132080 0.178223
vt 0.127563 0.184570
vt 0.132690 0.178223
vt 0.128174 0.184570
vt 0.125488 0.190430
vt 0.124878 0.190430
vt 0.034912 0.164551
vt 0.034882 0.226074
vt 0.038208 0.225098
vt 0.033325 0.022949
vt 0.125488 0.190918
vt 0.124939 0.190918
vt 0.038208 0.225586
vt 0.017883 0.162109
vt 0.019653 0.229004
vt 0.034882 0.226562
vt 0.032898 0.007324
vt 0.015671 0.021973
vt 0.135498 0.204590
vt 0.135132 0.205078
vt 0.117676 0.228027
vt 0.038391 0.308594
vt 0.009979 0.161133
vt 0.011742 0.230957
vt 0.019669 0.229492
vt 0.034668 0.312012
vt 0.014786 0.007324
vt 0.007637 0.021484
vt 0.139282 0.210449
vt 0.139160 0.210938
vt 0.139526 0.242676
vt 0.036804 0.471191
vt 0.009773 0.162109
vt 0.007023 0.021484
vt 0.011749 0.230957
vt 0.021103 0.320312
vt 0.034760 0.476074
vt 0.011078 0.013672
vt 0.151611 0.215820
vt 0.144409 0.207031
vt 0.144043 0.207031
vt 0.139771 0.243164
vt 0.037384 0.471680
vt 0.017670 0.499023
vt 0.013618 0.325195
vt 0.150024 0.202148
vt 0.148071 0.207031
vt 0.150391 0.201660
vt 0.035309 0.476562
vt 0.035004 0.477051
vt 0.153687 0.209961
vt 0.154297 0.209961
vt 0.152100 0.216309
vt 0.017776 0.499512
vt 0.012939 0.500977
vt 0.013275 0.500977
vt 0.013016 0.500977
vt 0.012711 0.500977
vt 0.013405 0.325195
vt 0.140015 0.242676
vt 0.011536 0.231445
vt 0.011528 0.230957
vt 0.085815 0.401367
vt 0.085571 0.401367
vt 0.085632 0.401367
vt 0.085693 0.401367
vt 0.121887 0.423828
vt 0.036438 0.495605
vt 0.036438 0.496094
vt 0.122070 0.423828
vt 0.036255 0.496094
vt 0.033203 0.766602
vt 0.036255 0.496582
vt 0.018707 0.522949
vt 0.033142 0.767578
vt 0.032990 0.767578
vt 0.018707 0.523438
vt 0.010803 0.533691
vt 0.032928 0.768066
vt 0.015793 0.793457
vt 0.015518 0.793945
vt 0.010773 0.534180
vt 0.010551 0.534180
vt 0.015526 0.793945
vt 0.008942 0.796875
vt 0.008835 0.796875
vt 0.008545 0.796875
vt 0.157349 0.492188
vt 0.157227 0.492188
vt 0.157227 0.491699
vt 0.157349 0.491699
vt 0.191406 0.490234
vt 0.191528 0.490723
vt 0.158325 0.453125
vt 0.187500 0.458984
vt 0.158081 0.453125
vt 0.187622 0.458984
vt 0.191650 0.490234
vt 0.186401 0.447266
vt 0.151855 0.438965
vt 0.186523 0.447266
vt 0.180908 0.392090
vt 0.181030 0.392090
vt 0.173584 0.325195
vt 0.173340 0.324707
vt 0.156372 0.388672
vt 0.156128 0.388672
vt 0.166016 0.320801
vt 0.173340 0.322266
vt 0.173096 0.322266
vt 0.165771 0.320312
vt 0.166260 0.317871
vt 0.181885 0.311035
vt 0.182007 0.311035
vt 0.166016 0.317871
vt 0.164307 0.293945
vt 0.173096 0.279297
vt 0.173218 0.278809
vt 0.164062 0.293945
vt 0.169556 0.278809
vt 0.169434 0.278320
vt 0.151978 0.439453
vt 0.151733 0.438965
vt 0.205200 0.538086
vt 0.205322 0.538086
vt 0.197144 0.477051
vt 0.229248 0.474121
vt 0.177979 0.327637
vt 0.187866 0.324707
vt 0.227417 0.553711
vt 0.229370 0.474609
vt 0.223755 0.554688
vt 0.205811 0.538574
vt 0.223877 0.555176
vt 0.227661 0.553711
vt 0.227539 0.553711
vt 0.255371 0.497070
vt 0.235718 0.562012
vt 0.252930 0.572266
vt 0.235840 0.562500
vt 0.248413 0.993652
vt 0.248413 0.994141
vt 0.248291 0.994141
vt 0.248657 0.993652
vt 0.255859 0.977051
vt 0.326172 0.988770
vt 0.326660 0.989258
vt 0.256104 0.977051
vt 0.307373 0.975098
vt 0.256348 0.977051
vt 0.326416 0.988770
vt 0.252930 0.022949
vt 0.252686 0.015625
vt 0.252686 0.008789
vt 0.263184 0.016113
vt 0.277832 0.007324
vt 0.263916 0.016602
vt 0.010902 0.014160
vt 0.256836 0.063477
vt 0.256836 0.062988
vt 0.288086 0.023926
vt 0.199707 0.166016
vt 0.253662 0.148438
vt 0.288330 0.023926
vt 0.285156 0.128906
vt 0.288330 0.023438
vt 0.253418 0.148438
vt 0.199829 0.166504
vt 0.199585 0.166504
vt 0.285156 0.129395
vt 0.285400 0.128906
vt 0.212036 0.187012
vt 0.198364 0.179688
vt 0.211914 0.187012
vt 0.198608 0.179688
vt 0.203857 0.187988
vt 0.203979 0.187988
vt 0.247803 0.285156
vt 0.249512 0.288574
vt 0.247559 0.285156
vt 0.249878 0.288574
vt 0.250000 0.243652
vt 0.247681 0.284668
vt 0.213623 0.250977
vt 0.213867 0.250977
vt 0.249756 0.243652
vt 0.264160 0.301758
vt 0.264404 0.301758
vt 0.267578 0.248047
vt 0.212280 0.246582
vt 0.212524 0.246582
vt 0.220459 0.238281
vt 0.249878 0.243652
vt 0.212158 0.239746
vt 0.211914 0.239258
vt 0.212646 0.237793
vt 0.220459 0.237793
vt 0.274414 0.303711
vt 0.278809 0.250488
vt 0.274658 0.303711
vt 0.307617 0.974609
vt 0.307373 0.974609
vt 0.326904 0.988770
vt 0.280029 0.828125
vt 0.326416 0.988281
vt 0.311768 0.833496
vt 0.280029 0.827637
vt 0.266602 0.738281
vt 0.314697 0.747070
vt 0.312012 0.833496
vt 0.333984 0.833984
vt 0.314941 0.747070
vt 0.338135 0.750000
vt 0.266357 0.738281
vt 0.316162 0.670410
vt 0.281982 0.690430
vt 0.281738 0.690430
vt 0.342041 0.656250
vt 0.338623 0.750000
vt 0.260254 0.641602
vt 0.322266 0.535156
vt 0.322510 0.535156
vt 0.260010 0.641602
vt 0.342529 0.656250
vt 0.347656 0.549805
vt 0.347900 0.549805
vt 0.322510 0.534668
vt 0.347412 0.549316
vt 0.258301 0.534180
vt 0.258545 0.534180
vt 0.258545 0.533691
vt 0.299316 0.516602
vt 0.299561 0.516602
vt 0.334473 0.833984
vt 0.257080 0.722656
vt 0.257080 0.722168
vt 0.247070 0.678711
vt 0.272705 0.685547
vt 0.247314 0.678711
vt 0.272461 0.685547
vt 0.253662 0.648438
vt 0.253418 0.648438
vt 0.151611 0.458984
vt 0.150024 0.458008
vt 0.152100 0.458496
vt 0.150391 0.458496
vt 0.139038 0.508301
vt 0.139526 0.508301
vt 0.149902 0.508789
vt 0.101929 0.672363
vt 0.102417 0.672363
vt 0.143677 0.673828
vt 0.150391 0.508789
vt 0.144165 0.673828
vt 0.132935 0.716797
vt 0.133423 0.716797
vt 0.132935 0.717285
vt 0.110229 0.713867
vt 0.101929 0.672852
vt 0.101990 0.672363
vt 0.109802 0.713867
vt 0.159546 0.670410
vt 0.159668 0.670410
vt 0.159790 0.670410
vt 0.150513 0.712891
vt 0.150635 0.712891
vt 0.177002 0.676758
vt 0.172974 0.655273
vt 0.159912 0.669922
vt 0.177124 0.676758
vt 0.173096 0.655273
vt 0.164673 0.732910
vt 0.136719 0.719727
vt 0.150391 0.712891
vt 0.177002 0.677246
vt 0.164917 0.732910
vt 0.154907 0.781250
vt 0.155029 0.781250
vt 0.129395 0.784668
vt 0.129272 0.784668
vt 0.136597 0.719727
vt 0.129150 0.784668
vt 0.212524 0.237793
vt 0.274902 0.303711
vt 0.279053 0.250488
vt 0.267578 0.247559
vt 0.195190 0.271484
vt 0.185425 0.281738
vt 0.195312 0.271484
vt 0.243408 0.350098
vt 0.185547 0.282227
vt 0.243286 0.350586
vt 0.238525 0.459961
vt 0.238403 0.460449
vt 0.243652 0.350586
vt 0.243530 0.351074
vt 0.238770 0.460938
vt 0.238892 0.461426
vt 0.270508 0.380371
vt 0.270752 0.380371
vt 0.262939 0.492188
vt 0.262695 0.492188
vt 0.270752 0.380859
vt 0.263184 0.492188
vt 0.149536 0.408203
vt 0.149658 0.408691
vt 0.149414 0.408691
vt 0.149780 0.408203
vt 0.158081 0.280762
vt 0.124939 0.407715
vt 0.157959 0.281250
vt 0.125000 0.407715
vt 0.104431 0.395508
vt 0.104492 0.395508
vt 0.085632 0.386719
vt 0.085693 0.386719
vt 0.137451 0.275879
vt 0.148560 0.264160
vt 0.142334 0.267578
vt 0.148926 0.264160
vt 0.085510 0.386719
vt 0.137329 0.275391
vt 0.142212 0.267090
vt 0.161011 0.561035
vt 0.160767 0.514648
vt 0.161255 0.561035
vt 0.163818 0.561523
vt 0.161011 0.514648
vt 0.166260 0.507324
vt 0.166138 0.506836
vt 0.197754 0.541016
vt 0.197510 0.541016
vt 0.188843 0.502930
vt 0.188843 0.503418
vt 0.198608 0.537109
vt 0.198364 0.537109
vt 0.194702 0.505859
vt 0.194824 0.505859
vt 0.125977 0.435547
vt 0.147339 0.439941
vt 0.125854 0.436035
vt 0.125488 0.436035
vt 0.147339 0.440430
vt 0.147827 0.440918
vt 0.068176 0.661133
vt 0.096741 0.662109
vt 0.097168 0.662109
vt 0.067749 0.661133
vt 0.080383 0.673828
vt 0.096802 0.662109
vt 0.053833 0.719238
vt 0.064087 0.717773
vt 0.053375 0.719238
vt 0.080688 0.674805
vt 0.080933 0.673828
vt 0.064026 0.717773
vt 0.053711 0.719727
vt 0.064575 0.717773
vt 0.129028 0.785156
vt 0.131226 0.805664
vt 0.156372 0.800781
vt 0.156494 0.800781
vt 0.130859 0.805664
vt 0.131226 0.806152
vt 0.156372 0.801270
vt 0.116577 0.806152
vt 0.130859 0.806152
vt 0.116394 0.805664
vt 0.128906 0.785156
vt 0.116333 0.806641
vt 0.139893 0.912598
vt 0.140259 0.912598
vt 0.163086 0.910645
vt 0.116272 0.806152
vt 0.145386 0.977539
vt 0.145630 0.977539
vt 0.119995 0.920898
vt 0.108459 0.810547
vt 0.108765 0.810059
vt 0.115906 0.806641
vt 0.108093 0.810547
vt 0.127930 0.993652
vt 0.119629 0.920898
vt 0.128174 0.993652
vt 0.145508 0.978027
vt 0.127686 0.993652
vt 0.108276 0.810547
vt 0.177612 0.977051
vt 0.145630 0.978027
vt 0.165649 0.914062
vt 0.177734 0.977539
vt 0.177856 0.977051
vt 0.175049 0.910156
vt 0.183472 0.994629
vt 0.128418 0.993652
vt 0.165771 0.914062
vt 0.175293 0.910156
vt 0.177979 0.977539
vt 0.183594 0.994629
vt 0.183594 0.995117
vt 0.128052 0.994141
vt 0.183716 0.994629
vt 0.163208 0.910156
vt 0.163086 0.910156
vt 0.156616 0.801270
vt 0.202759 0.977051
vt 0.191650 0.993164
vt 0.191406 0.993164
vt 0.203125 0.977051
vt 0.203003 0.977051
vt 0.243408 0.991211
vt 0.250488 0.974121
vt 0.228394 0.872070
vt 0.243652 0.991211
vt 0.228638 0.872070
vt 0.250732 0.974121
vt 0.229492 0.869629
vt 0.270996 0.848633
vt 0.250732 0.973633
vt 0.229736 0.869629
vt 0.267578 0.845703
vt 0.267578 0.846191
vt 0.271240 0.848633
vt 0.270508 0.845703
vt 0.269287 0.845215
vt 0.269287 0.844727
vt 0.269531 0.844727
vt 0.168457 0.909180
vt 0.161865 0.790039
vt 0.168579 0.908203
vt 0.161987 0.790039
vt 0.161499 0.786133
vt 0.161377 0.785645
vt 0.189941 0.775391
vt 0.179321 0.873535
vt 0.187134 0.772949
vt 0.190186 0.775391
vt 0.179443 0.874023
vt 0.277832 0.007812
vt 0.266113 0.829590
vt 0.266602 0.829590
vt 0.266113 0.830078
vt 0.266357 0.829102
vt 0.226440 0.864258
vt 0.248169 0.698242
vt 0.239868 0.717773
vt 0.239380 0.717773
vt 0.226074 0.865234
vt 0.248291 0.696777
vt 0.232910 0.698242
vt 0.228271 0.720215
vt 0.232666 0.698242
vt 0.208008 0.697266
vt 0.228027 0.719727
vt 0.208130 0.697266
vt 0.205566 0.720215
vt 0.205688 0.720215
vt 0.219116 0.861328
vt 0.219360 0.861328
vt 0.183838 0.875000
vt 0.184082 0.875000
vt 0.220215 0.869141
vt 0.220093 0.869141
vt 0.175171 0.901855
vt 0.182983 0.904785
vt 0.174927 0.901855
vt 0.174683 0.906250
vt 0.182983 0.905273
vt 0.174438 0.906738
vt 0.217896 0.879883
vt 0.197388 0.978516
vt 0.217651 0.880371
vt 0.217773 0.879883
vt 0.184448 0.910645
vt 0.184570 0.911133
vt 0.197266 0.978516
vt 0.197388 0.979004
vt 0.184448 0.911133
vt 0.182495 0.979004
vt 0.197144 0.979004
vt 0.182373 0.979004
vt 0.182495 0.979492
vt 0.182373 0.979492
vt 0.188599 0.995117
vt 0.188721 0.995605
vt 0.188477 0.995605
vt 0.187012 0.681641
vt 0.191406 0.681641
vt 0.187134 0.681641
vt 0.160522 0.776367
vt 0.191284 0.681641
vt 0.160767 0.776367
vt 0.194458 0.693359
vt 0.163574 0.778809
vt 0.163696 0.778809
vt 0.194336 0.693359
vt 0.188110 0.764648
vt 0.187988 0.764648
vt 0.187988 0.765137
vt 0.188232 0.765137
vn 0.0236 -0.0393 0.9989
vn -0.7952 -0.6063 0.0078
vn -0.4281 -0.4217 0.7993
vn -0.6992 -0.7149 0.0078
vn -0.5786 -0.1145 0.8075
vn -0.7040 -0.7096 0.0280
vn -0.5756 -0.0960 0.8121
vn -0.6672 -0.3094 0.6776
vn -0.7210 0.6870 0.0907
vn -0.5716 -0.0899 0.8156
vn -0.5317 0.4824 0.6962
vn 0.0236 -0.0315 0.9992
vn -0.5672 -0.0902 0.8186
vn -0.1540 0.6986 0.6987
vn -0.1686 0.6800 0.7136
vn 0.1339 0.1655 0.9771
vn 0.0537 0.2223 0.9735
vn 0.0234 -0.0784 0.9966
vn 0.1101 0.3449 0.9322
vn -0.2982 -0.3676 0.8809
vn 0.7189 0.1472 0.6793
vn 0.0314 -0.0784 0.9964
vn -0.2733 -0.3645 0.8902
vn 0.0316 -0.0870 0.9957
vn 0.7023 0.1161 0.7023
vn 0.0316 -0.0869 0.9957
vn -0.0573 -0.4087 0.9109
vn 0.0158 -0.1337 0.9909
vn -0.0078 -0.1631 0.9866
vn 0.2664 -0.5016 0.8230
vn -0.0000 -0.1631 0.9866
vn 0.6397 -0.2717 0.7190
vn -0.8925 -0.1406 0.4286
vn -0.4661 0.1660 0.8690
vn -0.9065 -0.1357 0.3998
vn -0.6273 -0.0914 0.7734
vn -0.8924 -0.1405 0.4288
vn -0.5109 0.0707 0.8567
vn -0.6165 -0.0870 0.7826
vn -0.6239 -0.0857 0.7768
vn -0.8532 -0.5173 0.0671
vn 0.4657 0.5002 0.7300
vn 0.1554 0.0388 0.9871
vn -0.6125 -0.0867 0.7857
vn -0.5986 -0.5326 0.5983
vn 0.4623 0.4936 0.7366
vn 0.1580 0.0158 0.9873
vn 0.1733 0.0315 0.9844
vn -0.1741 -0.8508 0.4958
vn -0.5997 -0.5070 0.6191
vn -0.1724 -0.8423 0.5107
vn 0.1656 0.0159 0.9861
vn 0.1857 0.0155 0.9825
vn 0.6062 0.2913 0.7400
vn 0.1707 -0.0000 0.9853
vn -0.0896 -0.7588 0.6452
vn 0.6144 0.2840 0.7361
vn 0.1782 0.0155 0.9839
vn 0.1657 -0.0001 0.9862
vn -0.0237 -0.7528 0.6578
vn 0.6298 0.2597 0.7321
vn 0.1491 0.0235 0.9885
vn 0.1403 0.0078 0.9901
vn 0.1958 -0.6735 0.7128
vn 0.4159 -0.4316 0.8005
vn -0.6313 -0.1263 -0.7652
vn -0.8925 -0.1406 -0.4286
vn -0.9063 -0.1570 -0.3925
vn -0.6274 -0.0914 -0.7734
vn -0.6226 -0.1261 -0.7723
vn -0.8924 -0.1405 -0.4288
vn -0.6165 -0.0869 -0.7826
vn -0.6239 -0.0856 -0.7768
vn 0.3103 0.2526 -0.9165
vn -0.8380 -0.3400 -0.4267
vn 0.1554 0.0388 -0.9871
vn -0.6125 -0.0866 -0.7857
vn -0.6419 -0.1984 -0.7407
vn 0.3285 0.2642 -0.9068
vn 0.1579 0.0158 -0.9873
vn 0.1733 0.0315 -0.9844
vn -0.1081 -0.7226 -0.6828
vn -0.6305 -0.2049 -0.7487
vn -0.1020 -0.7304 -0.6754
vn 0.1657 0.0159 -0.9861
vn 0.1857 0.0155 -0.9825
vn 0.4714 0.2155 -0.8552
vn 0.1707 -0.0000 -0.9853
vn -0.0470 -0.6641 -0.7462
vn 0.4621 0.2039 -0.8631
vn 0.1782 0.0155 -0.9839
vn 0.1657 -0.0001 -0.9862
vn -0.0000 -0.6031 -0.7977
vn 0.3937 0.1359 -0.9091
vn 0.1491 0.0235 -0.9885
vn 0.1403 0.0078 -0.9901
vn 0.1871 -0.3598 -0.9141
vn 0.2985 -0.2278 -0.9268
vn -0.8784 -0.1882 0.4392
vn -0.6143 -0.0435 0.7879
vn -0.8425 0.2850 0.4571
vn -0.6242 -0.1333 0.7698
vn -0.6104 -0.0373 0.7912
vn -0.6210 -0.1278 0.7733
vn -0.6242 -0.1334 0.7698
vn -0.8760 -0.1934 0.4418
vn 0.2133 0.2923 0.9322
vn 0.1631 -0.0078 0.9866
vn -0.6205 -0.1339 0.7727
vn -0.3229 -0.6289 0.7073
vn -0.6072 -0.6707 0.4261
vn 0.2654 0.3156 0.9110
vn -0.3337 -0.6107 0.7181
vn 0.3630 -0.6470 0.6706
vn 0.1631 -0.0156 0.9865
vn 0.1657 -0.0079 0.9861
vn 0.1657 -0.0080 0.9861
vn 0.3645 -0.6559 0.6610
vn 0.7191 0.2265 0.6569
vn 0.2042 -0.1571 0.9662
vn 0.2001 -0.0692 0.9773
vn 0.4353 -0.5166 0.7373
vn 0.1995 -0.1074 0.9740
vn 0.7337 -0.0694 0.6760
vn -0.8784 -0.1882 -0.4392
vn -0.8415 0.2780 -0.4632
vn -0.6070 0.0187 -0.7945
vn -0.6242 -0.1333 -0.7698
vn -0.6069 0.0188 -0.7946
vn -0.6210 -0.1278 -0.7733
vn -0.6243 -0.1334 -0.7698
vn -0.8760 -0.1935 -0.4418
vn 0.1889 0.2047 -0.9604
vn 0.1631 -0.0078 -0.9866
vn -0.6205 -0.1339 -0.7727
vn -0.4901 -0.4113 -0.7685
vn -0.6261 -0.6500 -0.4307
vn 0.1965 0.2044 -0.9590
vn -0.4879 -0.4092 -0.7711
vn 0.3071 -0.3938 -0.8663
vn 0.1631 -0.0156 -0.9865
vn 0.1657 -0.0079 -0.9862
vn 0.1657 -0.0079 -0.9861
vn 0.3073 -0.3938 -0.8663
vn 0.6146 0.1582 -0.7728
vn 0.2042 -0.1571 -0.9662
vn 0.2001 -0.0693 -0.9773
vn 0.4276 -0.4818 -0.7649
vn 0.1994 -0.1074 -0.9740
vn 0.5309 -0.2718 -0.8027
vn -0.2129 -0.3628 0.9072
vn -0.9090 -0.0358 0.4151
vn -0.4802 -0.6629 0.5744
vn -0.6406 -0.0303 0.7673
vn 0.2963 -0.5682 0.7677
vn -0.9090 -0.0357 0.4152
vn -0.6222 -0.0247 0.7825
vn -0.6370 -0.0243 0.7705
vn 0.4443 -0.5925 0.6719
vn -0.5417 0.7999 0.2583
vn -0.6028 -0.0251 0.7975
vn -0.6146 -0.0248 0.7884
vn -0.5118 0.6380 0.5753
vn 0.5461 -0.2574 0.7972
vn 0.1104 0.0078 0.9939
vn -0.5973 -0.0236 0.8017
vn -0.7693 0.4724 0.4302
vn 0.5314 -0.2009 0.8230
vn 0.1337 0.0157 0.9909
vn 0.1259 0.0158 0.9919
vn -0.8010 0.4477 0.3974
vn 0.3541 0.1102 0.9287
vn 0.0862 0.0392 0.9955
vn -0.5293 0.5827 0.6167
vn 0.0790 0.0474 0.9957
vn -0.4485 0.5728 0.6862
vn 0.0944 0.2911 0.9520
vn -0.9091 -0.0358 -0.4150
vn -0.3398 -0.2761 -0.8990
vn -0.8062 -0.3238 -0.4953
vn -0.6406 -0.0302 -0.7673
vn -0.9091 -0.0357 -0.4151
vn -0.2363 -0.3308 -0.9136
vn -0.6222 -0.0247 -0.7825
vn -0.6370 -0.0242 -0.7705
vn -0.7007 0.6291 -0.3366
vn -0.0473 -0.4181 -0.9072
vn -0.6028 -0.0252 -0.7975
vn -0.6146 -0.0248 -0.7884
vn -0.0000 -0.0315 0.9995
vn -0.0079 -0.0157 0.9998
vn -0.0236 0.0079 0.9997
vn -0.0000 -0.0472 0.9989
vn -0.0000 -0.0629 0.9980
vn -0.7477 -0.6417 0.1707
vn -0.5556 -0.7586 0.3405
vn -0.0079 -0.0707 0.9975
vn 0.0079 -0.0236 0.9997
vn -0.2690 -0.8761 0.4001
vn -0.1414 -0.8554 0.4983
vn 0.0078 -0.0629 0.9980
vn 0.0472 -0.0000 0.9989
vn -0.0079 -0.0315 0.9995
vn -0.4336 -0.7543 0.4930
vn 0.0078 -0.0785 0.9969
vn -0.0079 -0.0000 1.0000
vn -0.0157 -0.0550 0.9984
vn -0.8607 -0.0881 0.5015
vn 0.0078 -0.0863 0.9962
vn -0.0000 -0.0785 0.9969
vn -0.0078 -0.0628 0.9980
vn -0.0158 -0.0629 0.9979
vn -0.8670 -0.0820 0.4915
vn -0.5818 -0.4010 0.7076
vn -0.0000 -0.1105 0.9939
vn -0.0000 -0.0157 0.9999
vn -0.0078 -0.0393 0.9992
vn -0.0000 -0.0707 0.9975
vn 0.0157 -0.1096 0.9939
vn -0.2423 -0.1288 0.9616
vn -0.3615 -0.0943 0.9276
vn -0.0079 -0.0948 0.9955
vn -0.0392 -0.0940 0.9948
vn -0.2751 -0.6852 0.6744
vn -0.0158 -0.1260 0.9919
vn 0.0078 -0.1173 0.9931
vn 0.0315 -0.0142 0.9994
vn 0.0947 -0.4101 0.9071
vn -0.0707 -0.0236 0.9972
vn 0.0393 -0.5267 0.8491
vn -0.2924 -0.3067 0.9058
vn 0.3278 -0.4756 0.8163
vn 0.1104 -0.7336 0.6705
vn -0.6928 0.0901 0.7154
vn -0.0550 -0.0393 0.9977
vn -0.5606 0.0196 0.8279
vn -0.2208 -0.1025 0.9699
vn -0.0785 -0.0157 0.9968
vn -0.0629 -0.0157 0.9979
vn -0.0079 0.0629 0.9980
vn -0.0863 -0.0000 0.9963
vn -0.3241 -0.1399 0.9356
vn -0.3726 -0.2531 0.8928
vn -0.3915 -0.1708 0.9042
vn 0.6368 -0.0315 0.7704
vn 0.6509 -0.0358 0.7584
vn -0.0550 -0.0078 0.9985
vn 0.6544 -0.0297 0.7556
vn -0.2474 0.1799 0.9521
vn -0.0863 -0.0078 0.9962
vn -0.0706 -0.0078 0.9975
vn 0.7207 -0.0341 0.6924
vn 0.7221 -0.0392 0.6907
vn 0.6368 -0.0364 0.7702
vn 0.6925 -0.0284 0.7209
vn 0.7237 -0.0285 0.6895
vn -0.2547 0.1723 0.9515
vn -0.0629 0.0157 0.9979
vn -0.0707 -0.0078 0.9975
vn -0.0550 -0.0079 0.9985
vn 0.7561 -0.0315 0.6537
vn 0.7553 -0.0416 0.6541
vn 0.7349 -0.0405 0.6770
vn 0.6147 -0.0315 0.7881
vn 0.7438 -0.0293 0.6677
vn 0.7616 -0.0240 0.6476
vn -0.1075 0.1920 0.9755
vn -0.0472 0.0158 0.9988
vn -0.0237 -0.0158 0.9996
vn 0.9988 -0.0472 0.0159
vn 0.9997 -0.0236 -0.0001
vn 0.7700 -0.0425 0.6366
vn 0.6989 -0.0314 0.7146
vn 0.6510 -0.0298 0.7585
vn 0.8017 -0.0236 0.5973
vn -0.0551 0.0079 0.9985
vn -0.0157 0.0236 0.9996
vn 0.2702 0.3341 0.9030
vn -0.5608 -0.2211 0.7978
vn -0.6349 -0.2631 0.7264
vn 0.7040 -0.0279 0.7097
vn 0.7528 -0.0237 0.6579
vn -0.0624 0.1248 0.9902
vn -0.0393 0.0079 0.9992
vn -0.0943 0.4007 0.9113
vn -0.7518 -0.5031 0.4262
vn -0.7517 -0.5032 0.4263
vn -0.1104 0.0237 0.9936
vn -0.6065 0.0375 0.7942
vn -0.5272 -0.0601 0.8476
vn -0.7250 -0.5594 0.4018
vn 0.7523 -0.0235 0.6584
vn -0.1018 -0.9231 0.3708
vn -0.2441 -0.9687 0.0460
vn 0.9327 -0.0221 0.3599
vn 0.9350 -0.0295 0.3534
vn -0.4920 -0.0683 0.8679
vn 0.9413 -0.0519 0.3336
vn 0.9570 -0.0554 0.2847
vn -0.3929 -0.1500 -0.9072
vn 0.6510 -0.0298 -0.7585
vn -0.4848 -0.4904 -0.7242
vn -0.0237 -0.0158 -0.9996
vn -0.3847 -0.1492 -0.9109
vn -0.0707 -0.0079 -0.9975
vn -0.0550 -0.0079 -0.9985
vn 0.6147 -0.0315 -0.7881
vn -0.3002 -0.0375 -0.9531
vn -0.3137 -0.0448 -0.9485
vn -0.0551 0.0079 -0.9985
vn -0.0707 -0.0078 -0.9975
vn -0.0472 0.0158 -0.9988
vn 0.6368 -0.0364 -0.7702
vn -0.0706 -0.0079 -0.9975
vn 0.6989 -0.0314 -0.7146
vn 0.7348 -0.0405 -0.6770
vn -0.0629 0.0157 -0.9979
vn -0.0863 -0.0078 -0.9962
vn -0.0237 0.1503 -0.9884
vn -0.0157 0.0236 -0.9996
vn -0.1104 0.0237 -0.9936
vn -0.0393 0.0079 -0.9992
vn -0.1549 0.0929 -0.9836
vn 0.6509 -0.0358 -0.7584
vn 0.7234 -0.0399 -0.6893
vn -0.0550 -0.0078 -0.9985
vn 0.7582 -0.0418 -0.6506
vn 0.7701 -0.0424 -0.6366
vn -0.0624 0.1248 -0.9902
vn 0.2708 0.3278 -0.9051
vn -0.1550 0.0852 -0.9842
vn 0.6368 -0.0315 -0.7704
vn -0.0629 -0.0157 -0.9979
vn 0.7207 -0.0341 -0.6924
vn -0.2749 0.2828 -0.9189
vn -0.0863 -0.0000 -0.9963
vn -0.2823 -0.1411 -0.9489
vn 0.6544 -0.0297 -0.7556
vn -0.0078 -0.0394 -0.9992
vn -0.0707 -0.0236 -0.9972
vn -0.0785 -0.0157 -0.9968
vn -0.2518 -0.1731 -0.9522
vn -0.0079 0.0629 -0.9980
vn -0.1805 -0.1413 -0.9734
vn -0.0550 -0.0393 -0.9977
vn -0.2586 -0.0000 -0.9660
vn -0.0000 -0.0707 -0.9975
vn 0.0947 -0.4101 -0.9071
vn -0.6929 0.0901 -0.7154
vn -0.5606 0.0196 -0.8279
vn -0.0079 -0.0948 -0.9955
vn -0.0079 -0.0628 -0.9980
vn -0.0158 -0.0629 -0.9979
vn 0.0393 -0.5267 -0.8491
vn -0.0392 -0.0940 -0.9948
vn -0.2924 -0.3067 -0.9058
vn -0.3615 -0.0943 -0.9276
vn -0.6057 0.3621 -0.7085
vn 0.4040 -0.1631 -0.9001
vn 0.1104 0.0079 -0.9939
vn -0.5973 -0.0236 -0.8017
vn -0.7065 0.2781 -0.6508
vn 0.3942 -0.1498 -0.9067
vn 0.1337 0.0157 -0.9909
vn 0.1260 0.0158 -0.9919
vn -0.7479 0.2415 -0.6184
vn 0.2145 0.0843 -0.9731
vn 0.0862 0.0392 -0.9955
vn 0.1259 0.0158 -0.9919
vn -0.2286 0.3548 -0.9066
vn 0.0790 0.0474 -0.9957
vn -0.1682 0.3292 -0.9291
vn 0.0789 0.1894 -0.9787
vn -0.0628 0.2513 0.9659
vn 0.4303 0.1944 0.8815
vn 0.1461 0.3434 0.9278
vn 0.0079 -0.0000 1.0000
vn -0.0686 0.2437 0.9674
vn 0.3426 0.1603 0.9257
vn -0.6184 0.2977 0.7273
vn 0.7491 0.1003 0.6548
vn -0.0000 -0.0079 1.0000
vn -0.8554 -0.1819 0.4849
vn 0.5231 -0.0268 0.8518
vn 0.7434 0.0791 0.6642
vn -0.8653 -0.1888 0.4642
vn 0.5376 -0.0265 0.8428
vn 0.5376 -0.0266 0.8428
vn 0.7178 0.0553 0.6941
vn -0.2687 -0.4898 0.8294
vn -0.2277 -0.4941 0.8391
vn 0.5362 -0.0238 0.8438
vn 0.5470 -0.0198 0.8369
vn 0.9659 0.1673 0.1977
vn -0.4472 -0.8941 0.0232
vn -0.3942 -0.9099 0.1295
vn 0.5559 -0.0195 0.8310
vn 0.8971 -0.0315 0.4406
vn 0.8971 -0.0316 0.4407
vn 0.2445 0.1183 -0.9624
vn -0.0000 0.1260 -0.9920
vn 0.1002 0.1773 -0.9790
vn 0.0079 -0.0000 -1.0000
vn 0.2446 0.1183 -0.9624
vn -0.0000 0.1259 -0.9920
vn 0.6737 0.0465 -0.7376
vn -0.4236 0.1271 -0.8969
vn -0.0000 -0.0079 -1.0000
vn -0.3775 -0.0871 -0.9219
vn 0.5232 -0.0269 -0.8518
vn 0.6827 0.0392 -0.7297
vn -0.3711 -0.0873 -0.9245
vn 0.5376 -0.0265 -0.8428
vn 0.5376 -0.0266 -0.8428
vn 0.6581 0.0119 -0.7528
vn 0.0516 -0.3401 -0.9390
vn 0.0515 -0.3401 -0.9390
vn 0.5362 -0.0238 -0.8437
vn 0.5470 -0.0198 -0.8369
vn 0.9642 0.1063 -0.2429
vn -0.1180 -0.8264 -0.5505
vn -0.1175 -0.8282 -0.5480
vn 0.5560 -0.0196 -0.8309
vn 0.8971 -0.0315 -0.4407
vn 0.8971 -0.0316 -0.4407
vn -0.0622 -0.6097 0.7902
vn 0.2799 -0.3637 0.8885
vn 0.5564 0.0235 0.8306
vn -0.0157 0.0157 0.9998
vn -0.0158 0.0157 0.9998
vn -0.0679 -0.6172 0.7839
vn 0.6140 0.0496 0.7877
vn -0.7782 0.0613 0.6250
vn -0.8379 0.0725 0.5409
vn -0.0236 0.0236 0.9994
vn 0.0784 0.0392 0.9961
vn -0.5731 0.0707 0.8164
vn -0.6664 0.0702 0.7423
vn -0.6912 0.0680 0.7195
vn 0.8431 0.1025 0.5279
vn -0.3475 -0.5655 0.7480
vn 0.0393 0.0079 0.9992
vn 0.7537 0.0771 0.6527
vn 0.0236 0.0236 0.9994
vn -0.6868 -0.0057 0.7268
vn 0.5174 0.0470 0.8545
vn 0.0315 0.0393 0.9987
vn 0.0157 0.0472 0.9988
vn -0.6558 0.3225 0.6826
vn 0.5025 0.0611 0.8624
vn 0.0236 0.0472 0.9986
vn 0.2591 0.4319 0.8639
vn -0.0237 -0.1502 -0.9884
vn 0.1414 0.0157 -0.9898
vn 0.1170 -0.0779 -0.9901
vn -0.0157 0.0157 -0.9998
vn -0.0158 0.0157 -0.9998
vn -0.0234 -0.1555 -0.9876
vn -0.1705 0.0388 -0.9846
vn -0.1885 0.0314 -0.9816
vn -0.0314 0.0239 -0.9992
vn -0.1336 0.0393 -0.9903
vn -0.0236 0.0236 -0.9994
vn 0.3070 0.0374 -0.9510
vn -0.1656 0.0316 -0.9857
vn 0.2296 0.0535 -0.9718
vn 0.1855 0.0464 -0.9815
vn -0.0466 -0.1629 -0.9855
vn 0.0393 0.0079 -0.9992
vn 0.0236 0.0236 -0.9994
vn 0.1181 0.0394 -0.9922
vn 0.0315 0.0393 -0.9987
vn -0.1502 -0.0238 -0.9884
vn 0.0157 0.0472 -0.9988
vn -0.1911 0.1452 -0.9708
vn 0.1257 0.0629 -0.9901
vn 0.0236 0.0472 -0.9986
vn 0.0777 0.1399 -0.9871
vn 0.0082 0.0078 0.9999
vn 0.1111 -0.2056 0.9723
vn 0.5731 -0.0515 0.8179
vn 0.5559 -0.0196 0.8310
vn 0.0236 0.0079 0.9997
vn 0.5561 -0.0196 0.8309
vn 0.6641 -0.0411 0.7465
vn 0.0079 0.0079 0.9999
vn 0.0393 0.0157 0.9991
vn 0.0315 0.0157 0.9994
vn 0.0079 0.0078 0.9999
vn -0.5464 -0.0461 0.8362
vn 0.0777 -0.1399 0.9871
vn 0.1106 -0.2055 0.9724
vn -0.0552 -0.6139 0.7875
vn 0.1070 -0.2140 0.9710
vn -0.5464 -0.0461 0.8363
vn 0.0237 -0.5600 0.8282
vn -0.5511 -0.0459 0.8332
vn -0.5596 -0.0473 0.8274
vn 0.1555 -0.4872 0.8593
vn -0.5734 -0.0550 0.8174
vn -0.5212 -0.1262 0.8441
vn -0.9741 -0.2225 0.0389
vn 0.3001 -0.0450 -0.9529
vn 0.1082 -0.1772 -0.9782
vn 0.0080 0.0079 -0.9999
vn 0.3162 -0.0000 -0.9487
vn 0.0236 0.0079 -0.9997
vn 0.3161 -0.0000 -0.9487
vn 0.0315 0.0157 -0.9994
vn 0.0079 0.0078 -0.9999
vn -0.5449 -0.0474 -0.8372
vn 0.0777 -0.1399 -0.9871
vn 0.1078 -0.1771 -0.9783
vn 0.0393 -0.3229 -0.9456
vn -0.5464 -0.0461 -0.8363
vn -0.2197 -0.3061 -0.9263
vn -0.5511 -0.0459 -0.8332
vn -0.5596 -0.0474 -0.8274
vn -0.2938 -0.2937 -0.9096
vn -0.5734 -0.0550 -0.8174
vn -0.5206 -0.1340 -0.8432
vn -0.5199 -0.1340 -0.8437
vn 0.2764 -0.4740 0.8360
vn 0.0360 -0.9090 0.4152
vn 0.5218 -0.6872 0.5055
vn 0.0186 -0.6108 0.7916
vn 0.2384 -0.4839 0.8420
vn 0.0185 -0.6187 0.7854
vn 0.0320 -0.9078 0.4182
vn 0.0189 -0.5948 0.8037
vn 0.0189 -0.5948 0.8036
vn 0.5396 0.0987 0.8361
vn -0.0078 -0.0158 0.9998
vn -0.2834 -0.2915 0.9136
vn -0.0000 -0.0785 -0.9969
vn -0.0157 -0.0550 -0.9984
vn -0.2423 -0.1287 -0.9616
vn -0.0079 -0.0000 -1.0000
vn -0.0000 -0.0157 -0.9999
vn 0.0078 -0.0785 -0.9969
vn -0.0079 -0.0315 -0.9995
vn 0.0157 -0.1096 -0.9939
vn 0.0078 -0.0863 -0.9962
vn -0.0000 -0.1105 -0.9939
vn 0.3278 -0.4756 -0.8163
vn 0.0315 -0.0157 -0.9994
vn 0.0472 -0.0000 -0.9989
vn 0.0236 -0.0393 -0.9989
vn 0.0078 -0.0629 -0.9980
vn -0.2894 -0.4307 -0.8548
vn -0.4531 -0.1046 -0.8853
vn 0.0908 -0.4537 -0.8865
vn 0.0078 -0.1173 -0.9931
vn -0.3390 -0.2207 -0.9145
vn -0.4419 -0.1052 -0.8909
vn 0.6925 -0.0284 -0.7209
vn 0.0079 -0.0236 -0.9997
vn -0.0000 -0.0472 -0.9989
vn -0.0000 -0.0629 -0.9980
vn -0.1012 -0.5059 -0.8566
vn -0.2047 -0.4409 -0.8739
vn -0.0079 -0.0707 -0.9975
vn -0.0158 -0.1260 -0.9919
vn -0.0079 -0.0157 -0.9998
vn -0.1391 -0.5231 -0.8408
vn -0.3375 -0.5062 -0.7937
vn -0.0001 -0.0629 -0.9980
vn -0.0001 -0.0315 -0.9995
vn -0.0236 0.0079 -0.9997
vn -0.7921 -0.2667 -0.5490
vn -0.6276 0.0549 -0.7766
vn -0.6282 0.0314 -0.7774
vn -0.6407 0.0060 -0.7677
vn -0.6547 0.0059 -0.7558
vn -0.6478 0.0062 -0.7618
vn -0.7545 -0.2911 -0.5882
vn -0.4175 0.1344 -0.8987
vn 0.9988 -0.0472 0.0156
vn 0.9432 -0.0594 -0.3267
vn 0.7585 -0.0299 -0.6510
vn 0.9997 -0.0236 -0.0000
vn 0.7645 -0.0241 -0.6441
vn 0.7266 -0.0286 -0.6865
vn 0.8017 -0.0236 -0.5973
vn 0.7438 -0.0293 -0.6677
vn 1.0000 -0.0000 0.0001
vn 0.7616 -0.0240 0.6477
vn 1.0000 -0.0000 -0.0001
vn 0.9413 -0.0519 -0.3336
vn 0.7528 -0.0237 -0.6579
vn 0.9350 -0.0295 -0.3534
vn 0.7040 -0.0279 -0.7097
vn 0.7523 -0.0234 -0.6585
vn 0.9326 -0.0220 -0.3601
vn 0.3427 -0.6365 -0.6910
vn -0.4847 -0.4904 -0.7242
vn -0.3213 -0.5710 -0.7555
vn 0.0311 0.1555 -0.9873
vn 0.0155 0.1857 -0.9825
vn 0.3205 0.0373 -0.9465
vn 0.0235 -0.0785 -0.9966
vn 0.0314 -0.0784 -0.9964
vn 0.3468 0.0079 -0.9379
vn 0.0236 -0.0315 -0.9992
vn 0.1012 0.1090 -0.9889
vn 0.0316 -0.0869 -0.9957
vn 0.0316 -0.0870 -0.9957
vn 0.3430 -0.2429 -0.9074
vn -0.5786 -0.1145 -0.8075
vn -0.5672 -0.0902 -0.8186
vn -0.4282 0.3077 -0.8497
vn -0.0000 -0.1631 -0.9866
vn -0.0078 -0.1631 -0.9866
vn 0.1679 -0.4268 -0.8886
vn 0.0158 -0.1337 -0.9909
vn -0.4281 0.3077 -0.8497
vn -0.5716 -0.0899 -0.8156
vn -0.0706 -0.3060 -0.9494
vn -0.1359 -0.2492 -0.9589
vn -0.5720 0.2665 -0.7758
vn -0.5756 -0.0959 -0.8121
vn -0.1648 -0.2668 -0.9496
vn -0.5089 -0.4865 -0.7102
vn -0.5741 0.2625 -0.7755
vn -0.6672 -0.3095 -0.6776
vn -0.7476 -0.5351 -0.3935
vn -0.7470 -0.5353 -0.3942
vn -0.5110 -0.5217 -0.6831
vn 0.6098 0.4444 0.6563
vn 0.6214 0.7393 0.2596
vn -0.6096 -0.1293 0.7821
vn 0.5370 0.7413 0.4027
vn 0.1656 0.0237 0.9859
vn 0.6033 0.4388 0.6660
vn -0.6057 -0.1298 0.7850
vn -0.6135 -0.1288 0.7791
vn -0.6097 -0.1294 0.7820
vn 0.6837 0.7295 0.0172
vn 0.1706 0.0233 0.9851
vn 0.1707 0.0233 0.9851
vn 0.5634 0.1899 0.8041
vn -0.6946 -0.5141 0.5032
vn -0.6955 -0.4584 0.5533
vn -0.9080 -0.1931 0.3719
vn -0.9075 -0.1973 0.3709
vn -0.7234 -0.6892 0.0398
vn 0.1676 0.0250 0.9855
vn -0.3239 -0.6637 0.6743
vn 0.0237 0.0948 0.9952
vn 0.6481 -0.1414 0.7483
vn -0.3139 -0.6982 0.6434
vn -0.0000 0.0863 0.9963
vn -0.0078 0.0941 0.9955
vn 0.3581 -0.5776 0.7336
vn -0.0079 0.0869 0.9962
vn 0.0869 -0.6718 0.7356
vn -0.1102 0.4093 -0.9057
vn 0.3932 0.2247 -0.8916
vn -0.6096 -0.1294 -0.7821
vn -0.1103 0.4098 -0.9055
vn 0.1656 0.0237 -0.9859
vn 0.3946 0.2210 -0.8919
vn -0.6057 -0.1298 -0.7850
vn -0.6134 -0.1287 -0.7792
vn -0.6097 -0.1293 -0.7820
vn -0.1070 0.8503 -0.5153
vn 0.1706 0.0232 -0.9851
vn 0.1707 0.0233 -0.9851
vn 0.3723 0.1861 -0.9093
vn -0.6719 -0.3333 -0.6614
vn -0.6743 -0.3345 -0.6584
vn -0.9080 -0.1930 -0.3719
vn -0.9075 -0.1973 -0.3710
vn -0.8093 -0.5353 -0.2420
vn 0.1706 0.0233 -0.9851
vn -0.0738 -0.3396 -0.9377
vn 0.0237 0.0948 -0.9952
vn 0.3788 -0.0631 -0.9233
vn -0.0709 -0.3390 -0.9381
vn -0.0000 0.0863 -0.9963
vn -0.0078 0.0941 -0.9955
vn 0.3228 -0.2756 -0.9054
vn -0.0079 0.0869 -0.9962
vn 0.0977 -0.4534 -0.8860
vn -0.5915 -0.0552 0.8044
vn 0.2871 -0.6883 0.6662
vn 0.3485 -0.6437 0.6813
vn 0.5559 -0.4012 0.7280
vn -0.6143 -0.0473 0.7876
vn -0.6103 -0.0436 0.7910
vn 0.1631 -0.0000 0.9866
vn 0.7237 -0.6895 -0.0286
vn 0.5526 -0.3704 0.7466
vn 0.1707 0.0077 0.9853
vn 0.1656 0.0079 0.9862
vn 0.7440 -0.6682 0.0059
vn -0.6318 -0.0474 0.7736
vn -0.6255 -0.0429 0.7790
vn 0.6299 -0.0061 0.7767
vn 0.1733 0.0158 0.9847
vn 0.1706 0.0078 0.9853
vn 0.0555 0.4713 0.8802
vn 0.1101 -0.9936 0.0235
vn 0.6299 -0.0000 0.7767
vn 0.1996 0.0998 0.9748
vn 0.1492 0.4947 0.8562
vn 0.0548 -0.9974 0.0469
vn -0.6491 -0.0396 0.7597
vn -0.6508 -0.0418 0.7581
vn -0.2594 -0.3098 0.9147
vn -0.0079 -0.0158 0.9998
vn -0.5361 -0.5932 0.6005
vn 0.5350 0.0991 0.8390
vn -0.4770 -0.0415 0.8779
vn -0.4926 -0.0410 0.8693
vn 0.7730 -0.0974 0.6269
vn 0.0001 -0.0079 1.0000
vn -0.8514 -0.0707 0.5198
vn -0.5378 -0.5925 0.5998
vn -0.4875 -0.0412 0.8721
vn -0.4980 -0.0409 0.8662
vn -0.5178 -0.0471 0.8542
vn -0.5209 -0.0473 0.8523
vn 0.7968 -0.1004 0.5959
vn 0.0157 -0.0079 0.9998
vn 0.0158 -0.0079 0.9998
vn 0.7577 0.3710 0.5369
vn 0.7622 0.3771 0.5262
vn -0.5276 -0.0468 0.8482
vn -0.5450 -0.0474 0.8371
vn -0.8591 -0.0676 0.5073
vn 0.0158 -0.0158 0.9998
vn 0.0157 -0.0157 0.9998
vn -0.5416 -0.0528 0.8390
vn 0.7286 -0.3155 0.6080
vn 0.7311 -0.3144 0.6054
vn -0.8761 -0.0759 0.4760
vn -0.5463 -0.0527 0.8359
vn -0.8819 -0.0763 0.4652
vn -0.7033 0.3046 0.6424
vn -0.7050 0.2720 0.6550
vn -0.8935 0.3135 0.3214
vn 0.7765 -0.0184 0.6298
vn 0.7705 -0.0121 0.6373
vn 0.0157 -0.0158 0.9998
vn -0.3456 0.3318 0.8778
vn 0.1835 0.3085 0.9334
vn 0.0079 -0.0157 0.9998
vn -0.3313 0.3313 0.8835
vn 0.1698 0.3028 0.9378
vn -0.8511 -0.0709 0.5201
vn 0.0359 -0.9090 -0.4153
vn 0.1819 -0.5333 -0.8261
vn 0.2691 -0.8322 -0.4848
vn 0.0185 -0.6107 -0.7916
vn 0.1803 -0.5256 -0.8314
vn 0.0184 -0.6186 -0.7855
vn 0.0318 -0.9079 -0.4181
vn 0.0189 -0.5948 -0.8036
vn 0.2369 0.0381 -0.9708
vn -0.0078 -0.0158 -0.9998
vn -0.2835 -0.2915 -0.9136
vn -0.2595 -0.3098 -0.9147
vn -0.0079 -0.0158 -0.9998
vn -0.5362 -0.5935 -0.6002
vn 0.2370 0.0382 -0.9708
vn -0.0078 -0.0157 -0.9998
vn -0.4770 -0.0415 -0.8779
vn -0.4926 -0.0410 -0.8693
vn 0.4146 -0.0643 -0.9077
vn 0.0001 -0.0079 -1.0000
vn -0.8513 -0.0709 -0.5199
vn -0.5378 -0.5925 -0.5998
vn -0.4875 -0.0412 -0.8721
vn -0.4980 -0.0409 -0.8662
vn -0.8511 -0.0709 -0.5201
vn -0.5178 -0.0471 -0.8542
vn -0.5209 -0.0474 -0.8523
vn 0.4148 -0.0572 -0.9081
vn -0.8591 -0.0676 -0.5074
vn 0.0157 -0.0079 -0.9998
vn 0.0158 -0.0079 -0.9998
vn -0.5276 -0.0467 -0.8482
vn -0.5450 -0.0474 -0.8371
vn -0.8762 -0.0759 -0.4760
vn 0.0158 -0.0158 -0.9998
vn 0.0157 -0.0158 -0.9998
vn -0.5416 -0.0529 -0.8390
vn -0.8819 -0.0764 -0.4653
vn -0.5464 -0.0526 -0.8359
vn -0.6244 0.0735 -0.7776
vn -0.6283 0.0733 -0.7745
vn -0.9091 0.2292 -0.3479
vn -0.2105 0.2105 -0.9547
vn 0.0078 -0.0157 -0.9998
vn 0.3972 -0.0144 -0.9176
vn 0.1264 0.2293 -0.9651
vn 0.1265 0.2294 -0.9651
vn 0.3973 -0.0145 -0.9176
vn 0.3558 -0.1525 -0.9220
vn 0.3557 -0.1525 -0.9221
vn 0.4487 0.2204 -0.8661
vn 0.4489 0.2205 -0.8660
vn 0.6477 0.0240 0.7615
vn -0.2854 -0.2341 0.9294
vn 0.0942 -0.3452 0.9338
vn 0.5657 0.1100 0.8172
vn -0.2679 -0.2207 0.9378
vn -0.0078 -0.0079 0.9999
vn -0.0079 -0.0079 0.9999
vn 0.5363 0.1504 0.8305
vn -0.5005 -0.1082 0.8590
vn -0.3716 0.0790 0.9250
vn -0.3958 0.0864 0.9142
vn -0.1414 -0.1257 -0.9819
vn 0.2797 -0.0076 -0.9601
vn -0.0155 -0.1480 -0.9889
vn -0.1468 -0.1236 -0.9814
vn 0.2829 0.0393 -0.9584
vn -0.0078 -0.0078 -0.9999
vn -0.0079 -0.0079 -0.9999
vn -0.0000 -0.0078 -1.0000
vn -0.2990 -0.0630 -0.9522
vn -0.2005 0.0385 -0.9789
vn 0.2749 0.0785 -0.9583
vn -0.1974 0.0395 -0.9795
vn 0.0078 -0.0078 0.9999
vn 0.8164 0.1671 0.5528
vn -0.5208 0.1262 0.8443
vn 0.0472 -0.0079 0.9989
vn 0.6993 0.0783 0.7105
vn 0.0079 -0.0079 0.9999
vn 0.6784 0.0805 0.7302
vn -0.2277 0.0078 0.9737
vn -0.5208 0.1263 0.8443
vn -0.2005 -0.0077 0.9797
vn -0.0000 -0.0158 0.9999
vn -0.2006 -0.0077 0.9797
vn -0.2601 -0.0867 0.9617
vn -0.0065 -0.5561 0.8311
vn 0.0066 -0.5470 0.8371
vn 0.5055 -0.1738 0.8452
vn 0.6785 0.0805 0.7302
vn 0.5164 -0.2092 0.8304
vn 0.3855 0.0629 -0.9206
vn 0.0078 -0.0079 -0.9999
vn -0.1172 0.0235 -0.9928
vn 0.0472 -0.0079 -0.9989
vn 0.3661 0.0366 -0.9299
vn 0.0079 -0.0079 -0.9999
vn 0.3466 0.0315 -0.9375
vn -0.0948 -0.0079 -0.9955
vn -0.0941 -0.0078 -0.9955
vn -0.1173 0.0234 -0.9928
vn -0.0000 -0.0158 -0.9999
vn -0.1259 -0.0158 -0.9919
vn 0.0075 -0.3004 -0.9538
vn 0.2644 -0.0982 -0.9594
vn 0.7363 0.2087 0.6437
vn 0.4415 0.4811 0.7573
vn 0.2530 0.3083 0.9170
vn -0.0001 0.0472 0.9989
vn 0.4417 0.4811 0.7573
vn 0.4720 0.5352 0.7005
vn -0.7058 0.2390 0.6669
vn -0.7181 0.2487 0.6500
vn 0.2529 0.3082 0.9171
vn -0.3635 -0.1236 0.9234
vn 0.1812 0.4334 0.8828
vn -0.4116 -0.1349 0.9013
vn -0.5457 -0.1107 0.8306
vn -0.4116 -0.1348 0.9013
vn 0.5746 0.1085 0.8112
vn 0.5910 0.1131 0.7987
vn 0.6775 0.1638 0.7171
vn 0.2964 0.4610 0.8365
vn 0.0707 -0.9974 0.0156
vn -0.8945 -0.0563 0.4435
vn -0.8962 -0.0550 0.4401
vn -0.9166 0.1265 0.3793
vn -0.6723 0.0811 0.7358
vn -0.6710 0.0983 0.7349
vn -0.6438 0.0361 0.7644
vn -0.6406 0.0317 0.7672
vn 0.2390 -0.6671 -0.7056
vn -0.5915 -0.0552 -0.8044
vn 0.2440 -0.6534 -0.7166
vn 0.3545 -0.1736 -0.9188
vn -0.6143 -0.0473 -0.7876
vn 0.1483 -0.6732 -0.7244
vn 0.1631 -0.0000 -0.9866
vn -0.6103 -0.0436 -0.7910
vn 0.3545 -0.1575 -0.9217
vn 0.1489 -0.6754 -0.7223
vn -0.6318 -0.0473 -0.7737
vn -0.6255 -0.0429 -0.7790
vn 0.1707 0.0077 -0.9853
vn 0.1656 0.0079 -0.9862
vn 0.3726 -0.0146 -0.9279
vn -0.1760 -0.9302 -0.3221
vn 0.1304 0.1841 -0.9742
vn -0.6203 -0.0798 -0.7803
vn -0.6170 -0.0791 -0.7830
vn 0.1706 0.0078 -0.9853
vn 0.1733 0.0158 -0.9847
vn -0.1818 -0.9313 -0.3156
vn -0.6507 -0.0417 -0.7582
vn -0.6491 -0.0396 -0.7597
vn 0.3766 0.0314 -0.9258
vn 0.1522 0.2055 -0.9668
vn 0.1996 0.0998 -0.9748
vn -0.2356 -0.9578 -0.1649
vn -0.8944 -0.0563 -0.4437
vn -0.8963 -0.0551 -0.4401
vn 0.2377 0.2303 -0.9436
vn -0.9011 0.1134 -0.4186
vn -0.6646 0.0294 -0.7466
vn -0.6620 0.0236 -0.7491
vn 0.1019 0.0079 0.9948
vn 0.6220 -0.1158 0.7744
vn -0.5593 0.4496 0.6964
vn -0.6442 0.4243 0.6364
vn 0.1096 0.0078 0.9939
vn 0.1026 0.0079 0.9947
vn 0.1104 -0.0000 0.9939
vn 0.6406 -0.1582 0.7514
vn -0.7380 0.1278 0.6626
vn -0.5691 -0.0388 0.8214
vn -0.5862 -0.0382 0.8092
vn 0.2748 -0.5968 0.7539
vn -0.7195 0.0949 0.6880
vn -0.5905 -0.0380 0.8061
vn 0.2748 -0.5967 0.7539
vn 0.2513 -0.6202 0.7431
vn -0.9464 0.1043 0.3056
vn -0.9165 -0.0505 0.3969
vn -0.9141 -0.0547 0.4017
vn 0.2303 -0.8877 0.3987
vn 0.5597 -0.0586 -0.8266
vn 0.1018 0.0078 -0.9948
vn -0.2917 0.3131 -0.9038
vn -0.4227 0.3087 -0.8521
vn 0.1096 0.0078 -0.9939
vn 0.1026 0.0079 -0.9947
vn 0.1104 -0.0000 -0.9939
vn 0.6264 -0.1506 -0.7649
vn -0.6766 0.0520 -0.7345
vn -0.5691 -0.0388 -0.8214
vn -0.5863 -0.0382 -0.8092
vn -0.1185 -0.4186 -0.9004
vn -0.6782 0.0473 -0.7333
vn -0.5862 -0.0382 -0.8093
vn -0.5905 -0.0380 -0.8062
vn -0.1185 -0.4185 -0.9004
vn -0.1273 -0.4238 -0.8968
vn -0.9445 0.0743 -0.3199
vn -0.9164 -0.0505 -0.3970
vn -0.9141 -0.0548 -0.4017
vn -0.1900 -0.8217 -0.5374
vn -0.0079 0.0472 0.9989
vn -0.2202 -0.4335 0.8739
vn 0.0158 -0.2127 0.9770
vn -0.7732 -0.0365 0.6331
vn -0.7412 -0.0117 0.6711
vn 0.0079 0.0472 0.9989
vn 0.0078 0.0472 0.9989
vn 0.1876 -0.3535 0.9164
vn 0.2778 -0.4268 0.8606
vn 0.2911 -0.4405 0.8493
vn 0.0237 0.0472 0.9986
vn -0.0157 0.0473 0.9988
vn -0.0079 0.0394 0.9992
vn -0.2042 0.3143 0.9271
vn 0.6388 0.3154 0.7018
vn 0.5610 0.2927 0.7744
vn 0.1275 0.2774 0.9522
vn -0.0000 -0.1104 -0.9939
vn 0.0079 0.0472 -0.9989
vn 0.0469 -0.1171 -0.9920
vn 0.1343 -0.1500 -0.9795
vn -0.0079 0.0472 -0.9989
vn -0.1896 -0.1422 -0.9715
vn 0.0078 0.0472 -0.9989
vn 0.1339 -0.1732 -0.9757
vn -0.2653 0.0531 -0.9627
vn -0.2727 0.0227 -0.9618
vn 0.0237 0.0472 -0.9986
vn 0.3087 0.1837 -0.9332
vn -0.0157 0.0472 -0.9988
vn -0.0079 0.0394 -0.9992
vn 0.2620 0.1647 -0.9509
vn -0.1522 0.2056 -0.9667
vn 0.0922 0.1997 -0.9755
vn 0.3723 -0.0365 0.9274
vn 0.3405 0.0074 0.9402
vn -0.0236 -0.0000 0.9997
vn -0.1586 -0.2341 0.9592
vn -0.0000 -0.0000 1.0000
vn 0.0993 0.2215 0.9701
vn -0.2467 -0.1944 0.9494
vn 0.0078 -0.0000 1.0000
vn -0.0076 0.2656 0.9640
vn -0.8173 0.0550 0.5736
vn -0.0237 0.0157 0.9996
vn -0.0315 0.0157 0.9994
vn -0.8082 0.0637 0.5854
vn 0.1631 -0.0233 -0.9863
vn -0.0236 -0.0000 -0.9997
vn -0.1007 -0.1472 -0.9840
vn -0.0000 -0.0000 -1.0000
vn 0.0235 0.1250 -0.9919
vn -0.1257 -0.1414 -0.9819
vn 0.0078 -0.0000 -1.0000
vn -0.0078 0.1327 -0.9911
vn 0.0079 0.0079 -0.9999
vn -0.3373 0.0157 -0.9413
vn -0.0236 0.0158 -0.9996
vn -0.0315 0.0157 -0.9994
vn -0.2121 0.0786 -0.9741
vn 0.0145 0.3974 0.9175
vn -0.0073 0.3913 0.9202
vn 0.0079 -0.0078 0.9999
vn 0.7595 0.1503 0.6329
vn -0.0001 -0.0079 1.0000
vn -0.8013 -0.1451 0.5804
vn -0.8104 -0.1495 0.5665
vn 0.7448 0.1466 0.6510
vn -0.2825 -0.2511 0.9258
vn 0.0315 -0.0079 0.9995
vn 0.6496 0.1240 0.7501
vn -0.3392 -0.1341 0.9311
vn -0.2838 -0.2547 0.9244
vn -0.2454 -0.5767 0.7792
vn -0.2476 -0.5919 0.7670
vn -0.3687 -0.1446 0.9182
vn -0.0000 0.2127 -0.9771
vn -0.0000 0.2154 -0.9765
vn 0.0079 -0.0078 -0.9999
vn 0.4237 0.0785 -0.9024
vn -0.0001 -0.0078 -1.0000
vn -0.4329 -0.0866 -0.8973
vn 0.4024 0.0718 -0.9127
vn -0.1344 -0.1501 -0.9795
vn 0.0315 -0.0079 -0.9995
vn 0.3399 0.0591 -0.9386
vn -0.2046 -0.0787 -0.9757
vn -0.1312 -0.1467 -0.9804
vn -0.1252 -0.3314 -0.9352
vn -0.1180 -0.3305 -0.9364
vn 0.4629 -0.0000 0.8864
vn -0.7529 -0.0118 0.6580
vn -0.5458 -0.1107 0.8306
vn 0.4665 -0.0139 0.8844
vn 0.4880 -0.0000 0.8729
vn 0.4660 -0.0158 0.8847
vn 0.6776 0.1637 0.7170
vn 0.6777 0.1637 0.7169
vn 0.4970 -0.0158 0.8676
vn 0.4930 -0.0205 0.8698
vn 0.6573 0.4346 0.6156
vn 0.4878 -0.0206 0.8727
vn 0.5034 -0.0204 0.8638
vn 0.5084 -0.0203 0.8609
vn 0.6576 0.4402 0.6114
vn 0.6574 0.4347 0.6156
vn 0.8637 -0.0272 0.5033
vn 0.4982 -0.0205 0.8668
vn 0.0065 -0.5739 0.8189
vn -0.0001 -0.5607 0.8280
vn 0.8619 -0.0316 0.5061
vn 0.7099 0.6783 0.1893
vn 0.6579 0.4402 0.6111
vn 0.7722 0.5832 0.2523
vn -0.0000 -0.5607 0.8280
vn 0.4878 -0.0207 0.8727
vn -0.0065 -0.5606 0.8280
vn -0.4344 -0.0237 0.9004
vn -0.0066 -0.5734 0.8193
vn 0.0064 -0.5745 0.8185
vn -0.0471 0.1336 0.9899
vn -0.0472 0.1335 0.9899
vn -0.2127 -0.0157 0.9770
vn -0.0584 0.3720 0.9264
vn -0.4185 -0.3871 0.8216
vn -0.4185 -0.3870 0.8216
vn -0.5065 -0.3373 0.7935
vn -0.0071 -0.8926 0.4508
vn -0.0070 -0.8934 0.4491
vn -0.2293 -0.8327 0.5040
vn -0.4329 -0.0000 0.9014
vn -0.4879 -0.0069 0.8729
vn -0.7530 -0.0118 0.6580
vn 0.4950 -0.6541 0.5720
vn 0.4949 -0.6541 0.5720
vn 0.3892 0.1009 -0.9156
vn 0.2909 0.3195 -0.9018
vn 0.3225 0.1415 -0.9359
vn -0.0001 0.0472 -0.9989
vn 0.2911 0.3194 -0.9018
vn 0.2844 0.3202 -0.9036
vn -0.3951 0.1343 -0.9088
vn -0.3948 0.1422 -0.9077
vn 0.3224 0.1415 -0.9360
vn -0.1971 -0.0788 -0.9772
vn 0.1024 0.2597 -0.9602
vn -0.2436 -0.0786 -0.9667
vn -0.3085 -0.0633 -0.9491
vn 0.3463 0.0590 -0.9363
vn 0.3464 0.0590 -0.9362
vn 0.5885 0.0886 -0.8037
vn 0.4629 -0.0000 -0.8864
vn -0.0001 -0.0079 -1.0000
vn -0.4345 -0.0079 -0.9006
vn 0.4665 -0.0139 -0.8844
vn 0.4879 -0.0000 -0.8729
vn 0.4660 -0.0158 -0.8847
vn 0.5967 0.0879 -0.7977
vn 0.5886 0.0886 -0.8035
vn 0.4970 -0.0157 -0.8676
vn 0.4930 -0.0205 -0.8698
vn 0.6277 0.2852 -0.7243
vn 0.4878 -0.0206 -0.8727
vn 0.5034 -0.0204 -0.8638
vn 0.5084 -0.0203 -0.8609
vn 0.6263 0.2905 -0.7234
vn 0.8637 -0.0272 -0.5033
vn 0.4982 -0.0205 -0.8668
vn 0.0065 -0.5738 -0.8189
vn -0.0002 -0.5607 -0.8280
vn 0.8619 -0.0316 -0.5061
vn -0.0001 -0.0157 -0.9999
vn -0.0000 -0.5607 -0.8280
vn -0.0064 -0.5607 -0.8280
vn -0.0066 -0.5735 -0.8192
vn 0.0064 -0.5744 -0.8185
vn -0.2290 -0.4821 -0.8456
vn -0.2290 -0.4820 -0.8457
vn -0.0314 0.0629 -0.9975
vn 0.0078 0.0707 -0.9975
vn -0.2319 -0.4899 -0.8404
vn -0.0072 -0.8927 -0.4507
vn -0.0070 -0.8934 -0.4493
vn -0.1480 -0.8550 -0.4970
vn -0.2924 -0.0079 -0.9563
vn -0.4346 -0.0079 -0.9006
vn -0.2866 -0.0075 -0.9580
vn -0.0314 0.0628 -0.9975
vn 0.4949 -0.6539 -0.5722
vn 0.4949 -0.6540 -0.5722
vn 0.4946 -0.6541 -0.5723
vn 0.4949 -0.6539 -0.5723
vn 0.7723 0.5831 -0.2521
vn 0.7722 0.5832 -0.2521
vn 0.7722 0.5832 -0.2520
vn 0.2520 -0.4298 0.8670
vn -0.0061 -0.6147 0.7887
vn 0.3131 -0.3945 0.8639
vn -0.0064 -0.6108 0.7918
vn 0.4135 0.0928 0.9058
vn -0.0079 -0.6151 0.7884
vn -0.0124 -0.6106 0.7918
vn 0.4016 0.0932 0.9110
vn -0.6329 -0.6872 0.3567
vn -0.0001 -0.0080 1.0000
vn -0.7263 -0.6461 0.2348
vn 0.4328 0.5251 0.7328
vn -0.0001 -0.0158 0.9999
vn -0.8050 -0.1420 0.5761
vn -0.0078 -0.0314 0.9995
vn 0.4254 0.5347 0.7302
vn -0.0079 -0.0236 0.9997
vn -0.8108 -0.1404 0.5682
vn -0.1104 -0.0000 0.9939
vn -0.0708 0.0314 0.9970
vn -0.6715 0.0926 0.7352
vn 0.0077 0.4781 0.8783
vn -0.2842 0.4971 0.8198
vn 0.1597 -0.5067 -0.8472
vn 0.1602 -0.5068 -0.8470
vn -0.0061 -0.6147 -0.7887
vn -0.0063 -0.6108 -0.7918
vn 0.2296 0.0459 -0.9722
vn -0.0079 -0.6152 -0.7884
vn 0.0078 -0.0078 -0.9999
vn -0.0125 -0.6107 -0.7918
vn -0.3877 -0.7124 -0.5850
vn -0.3897 -0.7068 -0.5904
vn 0.1893 0.1971 -0.9619
vn -0.0001 -0.0158 -0.9999
vn -0.5012 -0.0948 -0.8601
vn -0.0078 -0.0314 -0.9995
vn 0.1733 0.2128 -0.9616
vn -0.0079 -0.0236 -0.9997
vn -0.4964 -0.0884 -0.8636
vn -0.1105 -0.0000 -0.9939
vn -0.0707 0.0314 -0.9970
vn -0.3464 0.0473 -0.9369
vn 0.0305 0.2369 -0.9711
vn -0.2175 0.2174 -0.9516
vn 0.5370 -0.0530 0.8419
vn 0.6831 -0.0000 0.7303
vn 0.0236 -0.0158 0.9996
vn 0.0158 0.0236 0.9996
vn 0.3858 0.4252 0.8188
vn 0.0157 0.0315 0.9994
vn -0.7911 -0.1409 0.5952
vn -0.7932 -0.1624 0.5870
vn 0.5369 -0.0531 0.8420
vn 0.2316 0.4897 0.8406
vn -0.6276 0.0549 0.7766
vn -0.7221 -0.6254 0.2956
vn -0.7477 -0.6417 0.1708
vn -0.6547 0.0059 0.7559
vn -0.6621 -0.0315 0.7488
vn -0.7463 -0.6581 0.0999
vn -0.6282 0.0314 0.7774
vn -0.6408 0.0060 0.7677
vn 0.0156 -0.0158 0.9998
vn -0.7123 -0.5854 0.3871
vn -0.1150 -0.8076 0.5784
vn -0.8411 -0.2910 0.4559
vn 0.0709 0.0001 0.9975
vn -0.2148 -0.0689 0.9742
vn 0.0629 0.0079 0.9980
vn 0.7237 0.4719 0.5036
vn 0.6257 -0.0489 0.7786
vn -0.8350 -0.2205 0.5042
vn -0.1049 -0.7373 -0.6674
vn 0.0708 0.0001 -0.9975
vn 0.5455 0.0791 -0.8344
vn 0.6289 0.4106 -0.6602
vn 0.0156 -0.0158 -0.9998
vn 0.0629 0.0079 -0.9980
vn -0.2148 -0.0690 -0.9742
vn -0.5684 -0.5123 -0.6438
vn -0.8110 -0.2835 -0.5118
vn -0.6679 -0.1382 -0.7313
vn -0.1866 0.3660 0.9117
vn -0.5210 -0.0935 0.8484
vn -0.0157 -0.0000 0.9999
vn 0.3021 0.3846 0.8722
vn 0.6224 0.1098 0.7750
vn -0.5675 -0.0838 0.8191
vn 0.6377 0.1430 0.7569
vn -0.5299 -0.2056 0.8227
vn -0.4785 -0.5866 0.6534
vn 0.6721 0.2424 0.6996
vn -0.0000 -0.0159 0.9999
vn -0.4484 -0.6166 0.6471
vn 0.0612 -0.6251 0.7781
vn -0.2583 -0.0532 -0.9646
vn -0.2200 0.1807 -0.9586
vn -0.0158 -0.0000 -0.9999
vn 0.0859 0.4080 -0.9089
vn 0.3556 0.0632 -0.9325
vn -0.2368 -0.0395 -0.9708
vn 0.3332 0.0666 -0.9405
vn -0.1884 -0.0392 -0.9813
vn -0.2648 -0.3220 -0.9090
vn 0.2911 0.0944 -0.9520
vn -0.0000 -0.0159 -0.9999
vn -0.1890 -0.3345 -0.9233
vn 0.0471 -0.2828 -0.9580
vn -0.7251 -0.1884 0.6624
vn -0.6700 -0.1760 0.7212
vn -0.0158 -0.0157 0.9998
vn 0.2490 0.2709 0.9298
vn 0.2435 0.2508 0.9369
vn -0.0000 -0.0078 1.0000
vn -0.6822 -0.6821 0.2633
vn 0.2372 -0.0000 0.9715
vn -0.0065 -0.5738 0.8190
vn 0.2367 -0.0080 0.9715
vn 0.0315 -0.5689 0.8218
vn 0.2577 -0.5940 0.7621
vn 0.0064 -0.5948 0.8039
vn -0.6890 -0.6840 0.2397
vn 0.1282 -0.6171 0.7764
vn 0.1021 0.1021 -0.9895
vn -0.0158 -0.0157 -0.9998
vn 0.1014 0.1013 -0.9897
vn -0.3999 -0.1098 -0.9100
vn -0.4001 -0.1098 -0.9099
vn 0.1251 -0.0078 -0.9921
vn -0.4463 -0.7085 -0.5467
vn -0.0065 -0.5738 -0.8189
vn 0.1257 -0.0079 -0.9920
vn 0.0315 -0.5689 -0.8218
vn 0.3636 -0.6369 -0.6798
vn 0.0063 -0.5948 -0.8039
vn -0.4396 -0.7161 -0.5422
vn 0.3705 -0.6405 -0.6727
vn -0.2794 -0.0452 -0.9591
vn 0.1209 0.2496 -0.9608
vn 0.0157 0.0315 -0.9994
vn 0.1730 0.2407 -0.9550
vn 0.0158 0.0236 -0.9996
vn 0.5134 -0.0068 -0.8581
vn -0.3633 -0.1185 -0.9241
vn 0.0236 -0.0158 -0.9996
vn 0.3067 -0.0524 -0.9504
vn 0.3243 0.2379 0.9155
vn -0.8849 0.3623 0.2927
vn 0.3769 0.1014 0.9207
vn -0.7981 0.0817 0.5970
vn -0.1591 -0.3617 0.9186
vn -0.5517 -0.1025 0.8277
vn -0.1894 -0.3317 0.9242
vn -0.5513 -0.1297 0.8242
vn -0.2644 0.0982 -0.9594
vn 0.1778 0.0619 -0.9821
vn 0.1930 0.0462 -0.9801
vn -0.3628 -0.0473 -0.9307
vn -0.0631 -0.2365 -0.9696
vn -0.3622 -0.0709 -0.9294
vn -0.1364 -0.2348 -0.9624
vn -0.3233 -0.1183 -0.9389
o Shatterseal_mirror
g Shatterseal_mirror_Shatterseal_mirror
usemtl Shatterseal_mirror
s 1
f 1/1/1 2/1/2 3/2/3
f 4/3/4 2/1/2 1/1/1
f 1/1/1 5/4/5 4/3/4
f 5/4/5 6/5/6 4/3/4
f 6/5/6 5/4/5 7/6/7
f 7/6/7 8/7/8 6/5/6
f 9/7/9 8/7/8 7/6/7
f 5/4/5 10/8/10 7/6/7
f 7/6/7 11/9/11 9/7/9
f 11/9/11 7/6/7 10/8/10
f 1/1/1 12/10/12 5/4/5
f 10/8/10 5/4/5 13/11/13
f 13/11/13 5/4/5 12/10/12
f 10/8/10 13/11/13 14/12/14
f 11/9/11 10/8/10 14/12/14
f 15/11/15 14/12/14 13/11/13
f 13/11/13 12/10/12 16/10/16
f 15/11/15 13/11/13 16/10/16
f 12/10/12 17/13/17 16/10/16
f 17/13/17 12/10/12 18/14/1
f 18/14/1 12/10/12 1/1/1
f 18/14/1 19/15/1 17/13/17
f 20/16/18 19/15/1 18/14/1
f 18/14/1 1/1/1 20/16/18
f 21/17/19 17/13/17 19/15/1
f 1/1/1 22/18/20 20/16/18
f 19/15/1 23/19/21 21/17/19
f 19/15/1 20/16/18 24/20/22
f 23/19/21 19/15/1 24/20/22
f 22/18/20 25/21/23 20/16/18
f 20/16/18 26/22/24 24/20/22
f 26/22/24 20/16/18 25/21/23
f 24/20/22 27/23/25 23/19/21
f 27/23/25 24/20/22 28/24/26
f 28/24/26 24/20/22 26/22/24
f 25/21/23 29/25/27 26/22/24
f 26/22/24 29/25/27 30/26/28
f 28/24/26 26/22/24 31/27/29
f 30/26/28 31/27/29 26/22/24
f 31/27/29 30/26/28 32/28/30
f 29/25/27 32/28/30 30/26/28
f 32/28/30 33/29/31 31/27/29
f 33/29/31 28/24/26 31/27/29
f 34/30/32 28/24/26 33/29/31
f 28/24/26 34/30/32 27/23/25
f 33/29/31 32/28/30 34/30/32
f 35/31/33 36/32/34 37/33/35
f 36/32/34 35/31/33 38/32/36
f 39/34/37 38/32/36 35/31/33
f 38/32/36 40/35/38 36/32/34
f 40/35/38 38/32/36 41/35/39
f 42/36/40 38/32/36 39/34/37
f 42/36/40 41/35/39 38/32/36
f 43/37/41 42/36/40 39/34/37
f 41/35/39 44/35/42 40/35/38
f 44/35/42 41/35/39 45/38/43
f 41/35/39 42/36/40 46/39/44
f 41/35/39 46/39/44 45/38/43
f 47/40/45 46/39/44 42/36/40
f 42/36/40 43/37/41 47/40/45
f 45/38/43 48/41/46 44/35/42
f 49/42/47 45/38/43 46/39/44
f 49/42/47 50/43/48 45/38/43
f 48/41/46 45/38/43 50/43/48
f 51/42/49 49/42/47 46/39/44
f 52/44/50 51/42/49 46/39/44
f 46/39/44 47/40/45 52/44/50
f 51/42/49 53/45/51 49/42/47
f 49/42/47 53/45/51 54/46/52
f 50/43/48 49/42/47 54/46/52
f 50/43/48 54/46/52 55/41/53
f 55/41/53 48/41/46 50/43/48
f 48/41/46 55/41/53 56/47/54
f 57/48/55 54/46/52 53/45/51
f 57/48/55 55/41/53 54/46/52
f 53/45/51 58/49/56 57/48/55
f 55/41/53 59/50/57 56/47/54
f 55/41/53 57/48/55 60/51/58
f 59/50/57 55/41/53 60/51/58
f 58/49/56 61/52/59 57/48/55
f 57/48/55 61/52/59 60/51/58
f 61/52/59 58/49/56 62/53/60
f 60/51/58 63/54/61 59/50/57
f 63/54/61 60/51/58 64/55/62
f 64/55/62 60/51/58 65/56/63
f 61/52/59 65/56/63 60/51/58
f 65/56/63 61/52/59 66/57/64
f 62/53/60 66/57/64 61/52/59
f 64/55/62 65/56/63 67/55/65
f 63/54/61 64/55/62 67/55/65
f 66/57/64 67/55/65 65/56/63
f 68/32/66 69/31/67 70/33/68
f 69/31/67 68/32/66 71/32/69
f 72/35/70 71/32/69 68/32/66
f 73/34/71 69/31/67 71/32/69
f 71/32/69 72/35/70 74/35/72
f 73/34/71 71/32/69 75/36/73
f 74/35/72 75/36/73 71/32/69
f 76/35/74 74/35/72 72/35/70
f 75/36/73 77/37/75 73/34/71
f 74/35/72 76/35/74 78/38/76
f 75/36/73 74/35/72 79/39/77
f 79/39/77 74/35/72 78/38/76
f 79/39/77 80/40/78 75/36/73
f 77/37/75 75/36/73 80/40/78
f 81/41/79 78/38/76 76/35/74
f 79/39/77 78/38/76 82/42/80
f 83/43/81 82/42/80 78/38/76
f 78/38/76 81/41/79 83/43/81
f 79/39/77 82/42/80 84/42/82
f 85/44/83 79/39/77 84/42/82
f 80/40/78 79/39/77 85/44/83
f 82/42/80 86/45/84 84/42/82
f 82/42/80 83/43/81 87/46/85
f 86/45/84 82/42/80 87/46/85
f 87/46/85 83/43/81 88/41/86
f 81/41/79 88/41/86 83/43/81
f 88/41/86 81/41/79 89/47/87
f 86/45/84 87/46/85 90/48/88
f 88/41/86 90/48/88 87/46/85
f 91/49/89 86/45/84 90/48/88
f 92/50/90 88/41/86 89/47/87
f 88/41/86 92/50/90 93/51/91
f 88/41/86 93/51/91 90/48/88
f 94/52/92 91/49/89 90/48/88
f 90/48/88 93/51/91 94/52/92
f 91/49/89 94/52/92 95/53/93
f 96/54/94 93/51/91 92/50/90
f 93/51/91 96/54/94 97/55/95
f 94/52/92 93/51/91 98/56/96
f 98/56/96 93/51/91 97/55/95
f 99/57/97 95/53/93 94/52/92
f 99/57/97 94/52/92 98/56/96
f 100/55/98 98/56/96 97/55/95
f 96/54/94 100/55/98 97/55/95
f 98/56/96 100/55/98 99/57/97
f 101/58/99 102/59/100 103/58/101
f 104/59/102 102/59/100 101/58/99
f 104/59/102 105/60/103 102/59/100
f 105/60/103 104/59/102 106/61/104
f 106/61/104 104/59/102 107/62/105
f 101/58/99 107/62/105 104/59/102
f 107/62/105 101/58/99 108/63/106
f 106/61/104 109/60/107 105/60/103
f 110/61/108 109/60/107 106/61/104
f 111/64/109 110/61/108 106/61/104
f 111/64/109 106/61/104 107/62/105
f 112/62/110 111/64/109 107/62/105
f 107/62/105 108/63/106 113/63/111
f 113/63/111 112/62/110 107/62/105
f 110/61/108 114/65/112 109/60/107
f 111/64/109 112/62/110 115/66/113
f 116/67/114 111/64/109 115/66/113
f 110/61/108 111/64/109 117/67/115
f 111/64/109 116/67/114 117/67/115
f 114/65/112 110/61/108 118/68/116
f 119/69/117 110/61/108 117/67/115
f 110/61/108 119/69/117 118/68/116
f 120/69/118 117/67/115 116/67/114
f 119/69/117 117/67/115 120/69/118
f 114/65/112 118/68/116 121/70/119
f 122/71/120 118/68/116 119/69/117
f 118/68/116 123/72/121 121/70/119
f 118/68/116 122/71/120 123/72/121
f 124/71/122 119/69/117 120/69/118
f 119/69/117 124/71/122 122/71/120
f 125/73/123 121/70/119 123/72/121
f 125/73/123 123/72/121 122/71/120
f 124/71/122 126/74/124 122/71/120
f 125/73/123 122/71/120 126/74/124
f 126/74/124 121/70/119 125/73/123
f 127/58/125 128/58/126 129/59/127
f 130/59/128 127/58/125 129/59/127
f 131/60/129 130/59/128 129/59/127
f 130/59/128 131/60/129 132/61/130
f 132/61/130 133/62/131 130/59/128
f 133/62/131 127/58/125 130/59/128
f 127/58/125 133/62/131 134/63/132
f 132/61/130 131/60/129 135/60/133
f 136/61/134 132/61/130 135/60/133
f 137/64/135 132/61/130 136/61/134
f 133/62/131 132/61/130 137/64/135
f 137/64/135 138/62/136 133/62/131
f 133/62/131 138/62/136 139/63/137
f 134/63/132 133/62/131 139/63/137
f 140/65/138 136/61/134 135/60/133
f 138/62/136 137/64/135 141/66/139
f 137/64/135 142/67/140 141/66/139
f 142/67/140 137/64/135 143/67/141
f 136/61/134 143/67/141 137/64/135
f 136/61/134 140/65/138 144/68/142
f 136/61/134 145/69/143 143/67/141
f 136/61/134 144/68/142 145/69/143
f 146/69/144 142/67/140 143/67/141
f 146/69/144 143/67/141 145/69/143
f 140/65/138 147/70/145 144/68/142
f 144/68/142 148/71/146 145/69/143
f 148/71/146 144/68/142 149/72/147
f 144/68/142 147/70/145 149/72/147
f 150/71/148 145/69/143 148/71/146
f 145/69/143 150/71/148 146/69/144
f 147/70/145 151/73/149 149/72/147
f 151/73/149 148/71/146 149/72/147
f 152/74/150 148/71/146 151/73/149
f 152/74/150 150/71/148 148/71/146
f 151/73/149 147/70/145 152/74/150
f 153/75/151 154/76/152 155/76/153
f 154/76/152 153/75/151 156/77/154
f 157/78/155 156/77/154 153/75/151
f 156/77/154 158/79/156 154/76/152
f 159/80/157 156/77/154 157/78/155
f 158/79/156 156/77/154 160/81/158
f 159/80/157 160/81/158 156/77/154
f 161/82/159 159/80/157 157/78/155
f 160/81/158 162/83/160 158/79/156
f 163/84/161 159/80/157 161/82/159
f 160/81/158 159/80/157 164/85/162
f 164/85/162 159/80/157 163/84/161
f 160/81/158 164/85/162 165/86/163
f 162/83/160 160/81/158 165/86/163
f 166/87/164 163/84/161 161/82/159
f 167/88/165 163/84/161 166/87/164
f 163/84/161 168/89/166 164/85/162
f 168/89/166 163/84/161 167/88/165
f 168/89/166 169/85/167 164/85/162
f 169/85/167 165/86/163 164/85/162
f 166/87/164 170/90/168 167/88/165
f 167/88/165 170/90/168 171/91/169
f 167/88/165 172/92/170 168/89/166
f 167/88/165 171/91/169 172/92/170
f 168/89/166 172/92/170 173/93/171
f 173/93/171 169/85/167 168/89/166
f 170/90/168 174/94/172 171/91/169
f 171/91/169 174/94/172 175/95/173
f 175/95/173 176/96/170 171/91/169
f 176/96/170 172/92/170 171/91/169
f 177/97/174 173/93/171 172/92/170
f 172/92/170 176/96/170 177/97/174
f 174/94/172 178/98/175 175/95/173
f 176/96/170 175/95/173 178/98/175
f 179/96/176 177/97/174 176/96/170
f 178/98/175 179/96/176 176/96/170
f 180/99/177 179/96/176 178/98/175
f 178/98/175 174/94/172 180/99/177
f 181/76/178 182/75/179 183/76/180
f 182/75/179 181/76/178 184/77/181
f 185/79/182 184/77/181 181/76/178
f 186/78/183 182/75/179 184/77/181
f 184/77/181 187/80/184 186/78/183
f 184/77/181 185/79/182 188/81/185
f 188/81/185 187/80/184 184/77/181
f 189/83/186 188/81/185 185/79/182
f 190/82/187 186/78/183 187/80/184
f 187/80/184 191/84/188 190/82/187
f 187/80/184 188/81/185 192/85/189
f 187/80/184 192/85/189 191/84/188
f 193/100/190 194/101/191 195/102/192
f 193/100/190 196/103/193 194/101/191
f 197/104/194 196/103/193 193/100/190
f 198/105/195 199/106/196 197/104/194
f 197/104/194 200/107/197 196/103/193
f 199/106/196 200/107/197 197/104/194
f 196/103/193 201/108/198 194/101/191
f 196/103/193 202/109/193 201/108/198
f 200/107/197 202/109/193 196/103/193
f 200/107/197 199/106/196 203/110/199
f 203/110/199 204/111/200 200/107/197
f 205/112/194 200/107/197 204/111/200
f 205/112/194 202/109/193 200/107/197
f 206/113/1 201/108/198 202/109/193
f 205/112/194 206/113/1 202/109/193
f 204/111/200 207/114/201 205/112/194
f 206/113/1 205/112/194 207/114/201
f 201/108/198 206/113/1 208/115/202
f 209/116/203 208/115/202 206/113/1
f 206/113/1 207/114/201 209/116/203
f 207/114/201 204/111/200 210/117/204
f 211/118/205 207/114/201 210/117/204
f 211/118/205 209/116/203 207/114/201
f 208/115/202 209/116/203 212/119/206
f 209/116/203 213/120/207 212/119/206
f 213/120/207 209/116/203 211/118/205
f 210/117/204 214/121/208 211/118/205
f 215/122/209 211/118/205 214/121/208
f 211/118/205 216/123/210 213/120/207
f 216/123/210 211/118/205 215/122/209
f 217/124/206 212/119/206 213/120/207
f 218/125/211 217/124/206 213/120/207
f 219/126/212 218/125/211 213/120/207
f 213/120/207 216/123/210 219/126/212
f 215/122/209 214/121/208 220/127/213
f 220/127/213 221/128/214 215/122/209
f 222/129/215 216/123/210 215/122/209
f 222/129/215 215/122/209 221/128/214
f 217/124/206 218/125/211 223/130/216
f 224/131/217 223/130/216 218/125/211
f 218/125/211 225/132/218 224/131/217
f 225/132/218 218/125/211 219/126/212
f 222/129/215 226/133/219 216/123/210
f 216/123/210 226/133/219 227/134/220
f 219/126/212 216/123/210 228/135/221
f 228/135/221 216/123/210 227/134/220
f 219/126/212 229/136/222 225/132/218
f 229/136/222 219/126/212 230/137/223
f 228/135/221 230/137/223 219/126/212
f 221/128/214 231/138/224 222/129/215
f 222/129/215 231/138/224 232/139/225
f 226/133/219 222/129/215 233/140/226
f 233/140/226 222/129/215 232/139/225
f 231/138/224 233/140/226 232/139/225
f 223/130/216 224/131/217 234/141/227
f 225/132/218 229/136/222 235/142/228
f 235/142/228 236/143/229 225/132/218
f 224/131/217 225/132/218 236/143/229
f 235/142/228 229/136/222 237/144/230
f 229/136/222 230/137/223 237/144/230
f 238/145/231 237/144/230 230/137/223
f 230/137/223 228/135/221 238/145/231
f 239/146/232 227/134/220 226/133/219
f 240/147/233 226/133/219 233/140/226
f 233/140/226 231/138/224 240/147/233
f 236/143/229 235/142/228 241/148/234
f 226/133/219 240/147/233 239/146/232
f 242/149/235 236/143/229 241/148/234
f 241/148/234 243/150/236 242/149/235
f 243/150/236 244/151/237 242/149/235
f 236/143/229 242/149/235 245/152/238
f 245/152/238 242/149/235 244/151/237
f 246/153/239 236/143/229 245/152/238
f 224/131/217 236/143/229 246/153/239
f 244/151/237 247/154/240 245/152/238
f 248/155/241 245/152/238 247/154/240
f 248/155/241 246/153/239 245/152/238
f 247/154/240 244/151/237 249/156/242
f 249/156/242 250/157/243 247/154/240
f 248/155/241 247/154/240 250/157/243
f 251/158/244 248/155/241 250/157/243
f 252/159/241 248/155/241 251/158/244
f 252/159/241 246/153/239 248/155/241
f 253/160/245 224/131/217 246/153/239
f 246/153/239 254/161/246 253/160/245
f 254/161/246 246/153/239 255/162/247
f 246/153/239 252/159/241 255/162/247
f 224/131/217 253/160/245 256/163/248
f 234/141/227 224/131/217 256/163/248
f 257/164/249 252/159/241 251/158/244
f 252/159/241 257/164/249 258/165/250
f 258/165/250 255/162/247 252/159/241
f 259/166/251 254/161/246 255/162/247
f 255/162/247 258/165/250 259/166/251
f 260/167/252 256/163/248 253/160/245
f 253/160/245 261/168/253 260/167/252
f 261/168/253 253/160/245 254/161/246
f 254/161/246 259/166/251 262/169/254
f 262/169/254 261/168/253 254/161/246
f 256/163/248 263/170/255 234/141/227
f 256/163/248 264/171/256 263/170/255
f 256/163/248 260/167/252 264/171/256
f 265/172/257 258/165/250 257/164/249
f 258/165/250 265/172/257 266/173/258
f 258/165/250 266/173/258 267/174/259
f 267/174/259 259/166/251 258/165/250
f 259/166/251 267/174/259 268/175/260
f 268/175/260 262/169/254 259/166/251
f 264/171/256 260/167/252 269/176/261
f 270/177/262 269/176/261 260/167/252
f 260/167/252 261/168/253 270/177/262
f 261/168/253 262/169/254 271/178/263
f 271/178/263 270/177/262 261/168/253
f 262/169/254 268/175/260 272/179/264
f 272/179/264 271/178/263 262/169/254
f 264/171/256 273/180/265 263/170/255
f 273/180/265 264/171/256 274/181/266
f 269/176/261 274/181/266 264/171/256
f 265/172/257 275/182/267 266/173/258
f 276/183/268 266/173/258 275/182/267
f 266/173/258 276/183/268 267/174/259
f 277/184/259 267/174/259 276/183/268
f 277/184/259 268/175/260 267/174/259
f 278/185/269 272/179/264 268/175/260
f 268/175/260 277/184/259 278/185/269
f 279/186/270 269/176/261 270/177/262
f 280/187/271 274/181/266 269/176/261
f 279/186/270 280/187/271 269/176/261
f 270/177/262 271/178/263 281/188/272
f 282/189/273 281/188/272 271/178/263
f 271/178/263 272/179/264 282/189/273
f 283/190/274 272/179/264 278/185/269
f 283/190/274 282/189/273 272/179/264
f 274/181/266 284/191/275 273/180/265
f 277/184/259 276/183/268 285/192/276
f 285/192/276 276/183/268 286/193/277
f 275/182/267 286/193/277 276/183/268
f 286/193/277 275/182/267 287/194/278
f 278/185/269 277/184/259 288/195/279
f 289/196/280 283/190/274 278/185/269
f 288/195/279 289/196/280 278/185/269
f 290/197/281 282/189/273 283/190/274
f 281/188/272 282/189/273 291/198/282
f 291/198/282 282/189/273 290/197/281
f 287/194/278 292/199/283 286/193/277
f 285/192/276 286/193/277 293/200/284
f 293/200/284 286/193/277 292/199/283
f 287/194/278 294/201/285 292/199/283
f 283/190/274 289/196/280 295/202/286
f 296/203/287 290/197/281 283/190/274
f 297/204/288 293/200/284 292/199/283
f 293/200/284 297/204/288 285/192/276
f 294/201/285 298/205/289 292/199/283
f 292/199/283 298/205/289 297/204/288
f 297/204/288 299/206/290 285/192/276
f 298/205/289 299/206/290 297/204/288
f 290/197/281 296/203/287 300/207/291
f 301/208/292 291/198/282 290/197/281
f 302/209/293 301/208/292 290/197/281
f 300/207/291 302/209/293 290/197/281
f 303/210/294 301/208/292 302/209/293
f 301/208/292 303/210/294 304/211/295
f 301/208/292 305/212/296 291/198/282
f 304/211/295 305/212/296 301/208/292
f 299/206/290 277/184/259 285/192/276
f 277/184/259 299/206/290 306/213/297
f 288/195/279 277/184/259 306/213/297
f 305/212/296 307/214/298 291/198/282
f 291/198/282 307/214/298 281/188/272
f 308/215/299 281/188/272 307/214/298
f 281/188/272 308/215/299 270/177/262
f 309/215/299 279/186/270 270/177/262
f 310/196/300 311/190/301 312/202/302
f 311/190/301 310/196/300 313/185/303
f 310/196/300 314/195/304 313/185/303
f 315/184/305 313/185/303 314/195/304
f 315/184/305 316/175/306 313/185/303
f 313/185/303 316/175/306 317/179/307
f 317/179/307 311/190/301 313/185/303
f 314/195/304 318/213/308 315/184/305
f 319/206/309 315/184/305 318/213/308
f 315/184/305 319/206/309 320/192/310
f 316/175/306 315/184/305 321/174/311
f 315/184/305 320/192/310 322/183/312
f 315/184/305 322/183/312 321/174/311
f 316/175/306 323/169/313 317/179/307
f 323/169/313 316/175/306 324/166/314
f 321/174/311 324/166/314 316/175/306
f 311/190/301 317/179/307 325/189/315
f 317/179/307 326/178/316 325/189/315
f 326/178/316 317/179/307 323/169/313
f 327/173/317 321/174/311 322/183/312
f 324/166/314 321/174/311 328/165/318
f 328/165/318 321/174/311 327/173/317
f 327/173/317 322/183/312 329/182/319
f 330/193/320 329/182/319 322/183/312
f 322/183/312 320/192/310 330/193/320
f 331/204/321 320/192/310 319/206/309
f 331/204/321 332/200/322 320/192/310
f 330/193/320 320/192/310 332/200/322
f 329/182/319 333/172/323 327/173/317
f 328/165/318 327/173/317 333/172/323
f 324/166/314 334/161/324 323/169/313
f 335/168/325 323/169/313 334/161/324
f 323/169/313 335/168/325 326/178/316
f 334/161/324 324/166/314 336/162/326
f 328/165/318 336/162/326 324/166/314
f 337/177/327 326/178/316 335/168/325
f 326/178/316 337/177/327 338/188/328
f 338/188/328 325/189/315 326/178/316
f 332/200/322 339/199/329 330/193/320
f 332/200/322 331/204/321 339/199/329
f 339/199/329 340/194/330 330/193/320
f 329/182/319 330/193/320 340/194/330
f 333/172/323 341/164/331 328/165/318
f 342/160/332 335/168/325 334/161/324
f 334/161/324 343/153/333 342/160/332
f 343/153/333 334/161/324 336/162/326
f 335/168/325 342/160/332 344/167/334
f 344/167/334 337/177/327 335/168/325
f 345/201/335 340/194/330 339/199/329
f 346/159/336 343/153/333 336/162/326
f 336/162/326 328/165/318 346/159/336
f 341/164/331 346/159/336 328/165/318
f 346/159/336 341/164/331 347/158/337
f 348/155/336 346/159/336 347/158/337
f 343/153/333 346/159/336 348/155/336
f 349/163/338 344/167/334 342/160/332
f 342/160/332 350/131/339 349/163/338
f 350/131/339 342/160/332 343/153/333
f 343/153/333 351/143/340 350/131/339
f 348/155/336 352/152/341 343/153/333
f 351/143/340 343/153/333 352/152/341
f 347/158/337 353/157/342 348/155/336
f 354/154/343 348/155/336 353/157/342
f 348/155/336 354/154/343 352/152/341
f 354/154/343 355/151/344 352/152/341
f 351/143/340 352/152/341 356/149/345
f 356/149/345 352/152/341 355/151/344
f 355/151/344 354/154/343 357/156/346
f 353/157/342 357/156/346 354/154/343
f 350/131/339 351/143/340 358/132/347
f 351/143/340 359/142/348 358/132/347
f 351/143/340 356/149/345 360/148/349
f 359/142/348 351/143/340 360/148/349
f 355/151/344 361/150/350 356/149/345
f 361/150/350 360/148/349 356/149/345
f 362/136/351 358/132/347 359/142/348
f 358/132/347 363/125/352 350/131/339
f 363/125/352 358/132/347 364/126/353
f 364/126/353 358/132/347 362/136/351
f 359/142/348 365/144/354 362/136/351
f 365/144/354 366/137/355 362/136/351
f 366/137/355 364/126/353 362/136/351
f 366/137/355 365/144/354 367/145/356
f 368/135/357 366/137/355 367/145/356
f 192/85/189 188/81/185 369/86/358
f 188/81/185 189/83/186 369/86/358
f 370/87/359 190/82/187 191/84/188
f 191/84/188 371/88/360 370/87/359
f 372/89/361 191/84/188 192/85/189
f 191/84/188 372/89/361 371/88/360
f 372/89/361 192/85/189 373/85/362
f 369/86/358 373/85/362 192/85/189
f 371/88/360 374/90/363 370/87/359
f 374/90/363 371/88/360 375/91/364
f 376/92/365 371/88/360 372/89/361
f 375/91/364 371/88/360 376/92/365
f 376/92/365 372/89/361 377/93/366
f 373/85/362 377/93/366 372/89/361
f 378/94/367 374/90/363 375/91/364
f 378/94/367 375/91/364 379/95/368
f 380/96/369 379/95/368 375/91/364
f 375/91/364 376/92/365 380/96/369
f 377/93/366 381/97/370 376/92/365
f 381/97/370 380/96/369 376/92/365
f 382/98/371 378/94/367 379/95/368
f 380/96/369 382/98/371 379/95/368
f 380/96/369 381/97/370 383/96/372
f 383/96/372 382/98/371 380/96/369
f 383/96/372 384/99/373 382/98/371
f 378/94/367 382/98/371 384/99/373
f 385/216/374 386/217/375 387/218/376
f 386/217/375 385/216/374 388/219/377
f 385/216/374 389/220/378 388/219/377
f 388/219/377 390/221/379 386/217/375
f 391/220/377 388/219/377 389/220/378
f 391/220/377 392/222/377 388/219/377
f 390/221/379 388/219/377 392/222/377
f 393/223/380 391/220/377 389/220/378
f 390/221/379 392/222/377 394/224/381
f 392/222/377 391/220/377 395/225/382
f 396/223/383 395/225/382 391/220/377
f 391/220/377 393/223/380 396/223/383
f 392/222/377 395/225/382 397/226/384
f 392/222/377 397/226/384 394/224/381
f 398/227/385 394/224/381 397/226/384
f 396/223/383 399/228/386 395/225/382
f 395/225/382 399/228/386 400/229/387
f 400/229/387 397/226/384 395/225/382
f 397/226/384 401/230/388 398/227/385
f 397/226/384 400/229/387 401/230/388
f 402/231/389 398/227/385 401/230/388
f 399/228/386 403/232/390 400/229/387
f 404/233/391 400/229/387 403/232/390
f 405/234/392 401/230/388 400/229/387
f 405/234/392 400/229/387 404/233/391
f 401/230/388 406/235/393 402/231/389
f 401/230/388 405/234/392 406/235/393
f 402/231/389 406/235/393 407/236/394
f 404/233/391 408/237/395 405/234/392
f 408/237/395 409/238/396 405/234/392
f 410/239/397 406/235/393 405/234/392
f 410/239/397 405/234/392 409/238/396
f 406/235/393 410/239/397 411/236/398
f 411/236/398 407/236/394 406/235/393
f 409/238/396 412/240/399 410/239/397
f 412/240/399 411/236/398 410/239/397
f 413/217/400 414/216/401 415/218/402
f 414/216/401 413/217/400 416/219/403
f 417/221/404 416/219/403 413/217/400
f 418/220/405 414/216/401 416/219/403
f 416/219/403 419/220/403 418/220/405
f 420/222/403 419/220/403 416/219/403
f 416/219/403 417/221/404 420/222/403
f 420/222/403 417/221/404 421/224/406
f 419/220/403 422/223/407 418/220/405
f 419/220/403 420/222/403 423/225/408
f 419/220/403 423/225/408 424/223/409
f 422/223/407 419/220/403 424/223/409
f 423/225/408 420/222/403 425/226/410
f 421/224/406 425/226/410 420/222/403
f 421/224/406 426/227/411 425/226/410
f 427/228/412 424/223/409 423/225/408
f 423/225/408 428/229/413 427/228/412
f 425/226/410 428/229/413 423/225/408
f 425/226/410 426/227/411 429/230/414
f 429/230/414 428/229/413 425/226/410
f 430/231/415 429/230/414 426/227/411
f 428/229/413 431/232/416 427/228/412
f 432/233/417 431/232/416 428/229/413
f 428/229/413 429/230/414 433/234/418
f 428/229/413 433/234/418 432/233/417
f 429/230/414 430/231/415 434/235/419
f 433/234/418 429/230/414 434/235/419
f 434/235/419 430/231/415 435/236/420
f 432/233/417 433/234/418 436/237/421
f 437/238/422 436/237/421 433/234/418
f 434/235/419 438/239/423 433/234/418
f 433/234/418 438/239/423 437/238/422
f 438/239/423 434/235/419 439/236/424
f 435/236/420 439/236/424 434/235/419
f 437/238/422 438/239/423 440/240/425
f 439/236/424 440/240/425 438/239/423
f 441/241/426 442/242/427 443/243/428
f 441/241/426 443/243/428 444/244/429
f 445/245/430 441/241/426 444/244/429
f 441/241/426 445/245/430 446/246/431
f 443/243/428 447/247/429 444/244/429
f 448/248/429 444/244/429 447/247/429
f 444/244/429 448/248/429 445/245/430
f 447/247/429 443/243/428 449/249/432
f 450/250/433 445/245/430 448/248/429
f 445/245/430 450/250/433 451/251/434
f 446/246/431 445/245/430 451/251/434
f 447/247/429 452/252/435 448/248/429
f 447/247/429 449/249/432 453/253/436
f 452/252/435 447/247/429 453/253/436
f 448/248/429 454/254/437 450/250/433
f 454/254/437 448/248/429 452/252/435
f 453/253/436 455/255/435 452/252/435
f 456/256/438 452/252/435 455/255/435
f 452/252/435 456/256/438 454/254/437
f 455/255/435 457/257/439 456/256/438
f 457/257/439 455/255/435 458/258/435
f 455/255/435 453/253/436 459/259/435
f 459/259/435 458/258/435 455/255/435
f 453/253/436 460/260/440 459/259/435
f 458/258/435 459/259/435 461/261/277
f 460/260/440 461/261/277 459/259/435
f 458/258/435 462/262/441 457/257/439
f 461/261/277 463/263/442 458/258/435
f 462/262/441 458/258/435 463/263/442
f 461/261/277 460/260/440 464/264/443
f 464/264/443 465/265/442 461/261/277
f 465/265/442 463/263/442 461/261/277
f 465/265/442 466/266/444 463/263/442
f 463/263/442 466/266/444 462/262/441
f 467/267/445 462/262/441 466/266/444
f 465/265/442 464/264/443 468/268/446
f 469/269/447 466/266/444 465/265/442
f 468/268/446 469/269/447 465/265/442
f 470/270/448 466/266/444 469/269/447
f 471/271/449 466/266/444 470/270/448
f 466/266/444 471/271/449 467/267/445
f 469/269/447 468/268/446 472/272/450
f 472/272/450 473/273/451 469/269/447
f 470/270/448 469/269/447 473/273/451
f 474/274/452 470/270/448 473/273/451
f 470/270/448 474/274/452 471/271/449
f 473/273/451 472/272/450 474/274/452
f 475/241/453 476/243/454 477/242/455
f 476/243/454 475/241/453 478/244/456
f 475/241/453 479/245/457 478/244/456
f 475/241/453 480/246/458 479/245/457
f 481/247/456 476/243/454 478/244/456
f 482/248/456 478/244/456 479/245/457
f 478/244/456 482/248/456 481/247/456
f 476/243/454 481/247/456 483/249/91
f 479/245/457 484/250/459 482/248/456
f 480/246/458 485/251/460 479/245/457
f 484/250/459 479/245/457 485/251/460
f 481/247/456 482/248/456 486/252/461
f 487/254/462 482/248/456 484/250/459
f 482/248/456 487/254/462 486/252/461
f 481/247/456 486/252/461 488/275/463
f 481/247/456 488/275/463 489/276/464
f 489/276/464 483/249/91 481/247/456
f 490/255/463 488/275/463 486/252/461
f 491/256/465 486/252/461 487/254/462
f 486/252/461 491/256/465 490/255/463
f 492/260/466 489/276/464 488/275/463
f 488/275/463 490/255/463 493/259/463
f 492/260/466 488/275/463 493/259/463
f 494/257/460 490/255/463 491/256/465
f 495/258/463 493/259/463 490/255/463
f 490/255/463 494/257/460 495/258/463
f 493/259/463 495/258/463 496/261/320
f 496/261/320 492/260/466 493/259/463
f 492/260/466 496/261/320 497/264/467
f 498/262/468 495/258/463 494/257/460
f 496/261/320 495/258/463 499/263/469
f 495/258/463 498/262/468 499/263/469
f 500/265/469 497/264/467 496/261/320
f 496/261/320 499/263/469 500/265/469
f 501/266/470 500/265/469 499/263/469
f 501/266/470 499/263/469 498/262/468
f 497/264/467 500/265/469 502/268/471
f 501/266/470 503/269/472 500/265/469
f 503/269/472 502/268/471 500/265/469
f 501/266/470 498/262/468 504/267/473
f 503/269/472 501/266/470 505/270/474
f 501/266/470 506/271/475 505/270/474
f 506/271/475 501/266/470 504/267/473
f 502/268/471 503/269/472 507/272/476
f 508/273/477 507/272/476 503/269/472
f 503/269/472 505/270/474 508/273/477
f 505/270/474 509/274/478 508/273/477
f 509/274/478 505/270/474 506/271/475
f 507/272/476 508/273/477 509/274/478
f 510/277/479 511/278/480 512/277/481
f 513/277/482 510/277/479 512/277/481
f 514/279/483 513/277/484 515/279/485
f 513/277/484 514/279/483 516/277/486
f 516/277/486 514/279/483 517/280/483
f 514/279/483 518/281/487 517/280/483
f 519/282/488 517/280/483 518/281/487
f 517/280/483 520/283/489 516/277/486
f 521/284/490 520/283/489 517/280/483
f 516/277/486 520/283/489 522/285/491
f 516/277/486 522/285/491 523/286/492
f 520/283/489 524/287/493 522/285/491
f 522/285/491 524/287/493 525/285/494
f 525/285/494 523/286/492 522/285/491
f 520/283/489 521/284/490 526/288/495
f 520/283/489 526/288/495 527/289/496
f 527/289/496 524/287/493 520/283/489
f 528/290/497 526/288/495 521/284/490
f 529/291/498 527/289/496 526/288/495
f 526/288/495 528/290/497 529/291/498
f 527/289/496 529/291/498 530/291/499
f 529/291/498 528/290/497 531/292/500
f 529/291/498 531/292/500 532/293/501
f 532/293/501 530/291/499 529/291/498
f 532/293/501 531/292/500 533/292/502
f 534/277/503 535/278/504 536/277/505
f 534/277/503 536/277/505 537/277/506
f 538/279/507 537/277/506 536/277/505
f 537/277/506 538/279/507 539/279/508
f 536/277/505 540/280/507 538/279/507
f 541/281/509 538/279/507 540/280/507
f 540/280/507 542/282/509 541/281/509
f 543/283/510 540/280/507 536/277/505
f 543/283/510 544/284/511 540/280/507
f 536/277/505 545/285/512 543/283/510
f 546/286/513 545/285/512 536/277/505
f 547/287/514 543/283/510 545/285/512
f 545/285/512 548/285/513 547/287/514
f 545/285/512 546/286/513 548/285/513
f 544/284/511 543/283/510 549/288/515
f 543/283/510 550/289/516 549/288/515
f 547/287/514 550/289/516 543/283/510
f 549/288/515 551/290/517 544/284/511
f 552/291/518 549/288/515 550/289/516
f 551/290/517 549/288/515 552/291/518
f 550/289/516 553/291/519 552/291/518
f 552/291/518 554/292/520 551/290/517
f 554/292/520 552/291/518 555/293/521
f 555/293/521 552/291/518 553/291/519
f 555/293/521 556/292/522 554/292/520
f 557/294/523 558/295/524 559/296/525
f 558/295/524 557/294/523 560/297/526
f 557/294/523 561/298/527 560/297/526
f 562/299/528 558/295/524 560/297/526
f 563/300/529 558/295/524 562/299/528
f 564/301/530 560/297/526 561/298/527
f 565/302/531 560/297/526 564/301/530
f 560/297/526 565/302/531 562/299/528
f 566/301/532 564/301/530 561/298/527
f 564/301/530 566/301/532 567/303/533
f 567/303/533 565/302/531 564/301/530
f 568/304/534 563/300/529 562/299/528
f 366/137/355 368/135/357 364/126/353
f 569/123/535 364/126/353 368/135/357
f 364/126/353 570/120/536 363/125/352
f 570/120/536 364/126/353 569/123/535
f 569/123/535 368/135/357 571/134/537
f 572/124/538 363/125/352 570/120/536
f 363/125/352 572/124/538 573/130/539
f 573/130/539 350/131/339 363/125/352
f 570/120/536 574/119/538 572/124/538
f 569/123/535 575/118/540 570/120/536
f 570/120/536 575/118/540 576/116/541
f 570/120/536 576/116/541 574/119/538
f 577/133/542 569/123/535 571/134/537
f 575/118/540 569/123/535 578/122/543
f 579/129/544 569/123/535 577/133/542
f 578/122/543 569/123/535 579/129/544
f 577/133/542 571/134/537 580/146/545
f 350/131/339 573/130/539 581/141/546
f 350/131/339 581/141/546 349/163/338
f 576/116/541 582/115/547 574/119/538
f 582/115/547 576/116/541 583/113/548
f 576/116/541 584/114/549 583/113/548
f 576/116/541 575/118/540 584/114/549
f 575/118/540 585/117/550 584/114/549
f 578/122/543 586/121/551 575/118/540
f 585/117/550 575/118/540 586/121/551
f 587/147/552 577/133/542 580/146/545
f 577/133/542 587/147/552 588/140/553
f 579/129/544 577/133/542 588/140/553
f 589/128/554 578/122/543 579/129/544
f 590/127/555 586/121/551 578/122/543
f 578/122/543 589/128/554 590/127/555
f 349/163/338 581/141/546 591/170/556
f 583/113/548 592/108/557 582/115/547
f 583/113/548 593/109/558 592/108/557
f 583/113/548 594/112/559 593/109/558
f 594/112/559 583/113/548 584/114/549
f 584/114/549 595/111/560 594/112/559
f 595/111/560 584/114/549 585/117/550
f 596/138/561 588/140/553 587/147/552
f 595/111/560 597/107/562 594/112/559
f 594/112/559 597/107/562 593/109/558
f 598/103/558 592/108/557 593/109/558
f 597/107/562 598/103/558 593/109/558
f 596/138/561 589/128/554 579/129/544
f 588/140/553 596/138/561 599/139/563
f 579/129/544 588/140/553 599/139/563
f 579/129/544 599/139/563 596/138/561
f 592/108/557 598/103/558 600/101/564
f 597/107/562 595/111/560 601/110/565
f 602/106/566 597/107/562 601/110/565
f 597/107/562 602/106/566 603/104/567
f 597/107/562 603/104/567 598/103/558
f 598/103/558 604/100/568 600/101/564
f 604/100/568 598/103/558 603/104/567
f 605/102/569 600/101/564 604/100/568
f 603/104/567 602/106/566 606/105/570
f 607/305/571 604/100/568 603/104/567
f 606/105/570 607/305/571 603/104/567
f 604/100/568 607/305/571 608/306/572
f 605/102/569 604/100/568 608/306/572
f 608/306/572 609/307/573 605/102/569
f 610/308/574 608/306/572 607/305/571
f 610/308/574 609/307/573 608/306/572
f 609/307/573 610/308/574 611/309/575
f 607/305/571 612/310/576 610/308/574
f 612/310/576 611/309/575 610/308/574
f 612/310/576 607/305/571 613/105/570
f 319/206/309 614/205/577 331/204/321
f 614/205/577 339/199/329 331/204/321
f 614/205/577 345/201/335 339/199/329
f 337/177/327 615/186/578 616/215/579
f 337/177/327 617/176/580 615/186/578
f 618/187/581 615/186/578 617/176/580
f 618/187/581 617/176/580 619/181/582
f 617/176/580 620/171/583 619/181/582
f 344/167/334 620/171/583 617/176/580
f 617/176/580 337/177/327 344/167/334
f 619/181/582 621/191/584 618/187/581
f 622/180/585 619/181/582 620/171/583
f 619/181/582 622/180/585 621/191/584
f 620/171/583 591/170/556 622/180/585
f 349/163/338 591/170/556 620/171/583
f 344/167/334 349/163/338 620/171/583
f 618/187/581 621/191/584 623/311/586
f 624/191/275 274/181/587 618/187/581
f 618/187/581 625/311/588 624/191/275
f 626/215/579 338/188/328 337/177/327
f 338/188/328 626/215/579 627/214/589
f 627/214/589 628/198/590 338/188/328
f 325/189/315 338/188/328 628/198/590
f 628/198/590 627/214/589 629/212/591
f 630/197/592 325/189/315 628/198/590
f 630/197/592 628/198/590 631/208/593
f 631/208/593 628/198/590 629/212/591
f 325/189/315 630/197/592 311/190/301
f 631/208/593 629/212/591 632/211/594
f 630/197/592 631/208/593 633/209/595
f 632/211/594 633/209/595 631/208/593
f 630/197/592 634/203/596 311/190/301
f 630/197/592 633/209/595 635/207/597
f 634/203/596 630/197/592 635/207/597
f 636/13/598 637/17/599 638/15/548
f 639/19/600 638/15/548 637/17/599
f 638/15/548 640/14/548 636/13/598
f 638/15/548 641/16/601 640/14/548
f 641/16/601 638/15/548 642/20/602
f 638/15/548 639/19/600 642/20/602
f 643/23/603 642/20/602 639/19/600
f 644/10/604 636/13/598 640/14/548
f 640/14/548 641/16/601 645/1/548
f 645/1/548 644/10/604 640/14/548
f 636/13/598 644/10/604 646/10/605
f 642/20/602 643/23/603 647/24/606
f 642/20/602 648/22/607 641/16/601
f 648/22/607 642/20/602 647/24/606
f 649/30/608 647/24/606 643/23/603
f 644/10/604 645/1/548 650/4/609
f 644/10/604 651/11/610 646/10/605
f 650/4/609 651/11/610 644/10/604
f 652/11/611 646/10/605 651/11/610
f 647/24/606 649/30/608 653/29/612
f 648/22/607 647/24/606 654/27/613
f 654/27/613 647/24/606 653/29/612
f 653/29/612 655/28/614 654/27/613
f 655/28/614 653/29/612 649/30/608
f 655/28/614 656/26/615 654/27/613
f 656/26/615 648/22/607 654/27/613
f 651/11/610 657/12/616 652/11/611
f 657/12/616 651/11/610 658/8/617
f 650/4/609 658/8/617 651/11/610
f 659/25/618 648/22/607 656/26/615
f 655/28/614 659/25/618 656/26/615
f 659/25/618 660/21/619 648/22/607
f 641/16/601 648/22/607 660/21/619
f 661/9/620 657/12/616 658/8/617
f 658/8/617 650/4/609 662/6/621
f 662/6/621 661/9/620 658/8/617
f 660/21/619 663/18/622 641/16/601
f 663/18/622 664/2/623 641/16/601
f 661/9/620 662/6/621 665/7/624
f 665/7/624 662/6/621 666/7/625
f 662/6/621 667/5/626 666/7/625
f 650/4/609 667/5/626 662/6/621
f 667/5/626 650/4/609 668/3/627
f 650/4/609 645/1/548 668/3/627
f 645/1/548 664/2/623 669/1/628
f 668/3/627 645/1/548 669/1/628
f 670/312/629 671/313/630 672/312/631
f 673/314/632 672/312/631 671/313/630
f 672/312/631 674/312/633 670/312/629
f 675/315/634 670/312/629 674/312/633
f 672/312/631 676/316/635 674/312/633
f 677/317/636 672/312/631 673/314/632
f 677/317/636 678/318/637 672/312/631
f 676/316/635 672/312/631 678/318/637
f 679/319/638 677/317/636 673/314/632
f 680/320/639 674/312/633 676/316/635
f 680/320/639 681/321/640 674/312/633
f 674/312/633 681/321/640 675/315/634
f 681/321/640 682/322/641 675/315/634
f 676/316/635 683/316/642 680/320/639
f 676/316/635 684/323/643 683/316/642
f 684/323/643 676/316/635 678/318/637
f 677/317/636 679/319/638 685/319/644
f 686/324/645 677/317/636 685/319/644
f 678/318/637 677/317/636 686/324/645
f 687/324/646 684/323/643 678/318/637
f 687/324/646 678/318/637 686/324/645
f 681/321/640 680/320/639 688/325/647
f 689/320/648 688/325/647 680/320/639
f 683/316/642 689/320/648 680/320/639
f 681/321/640 688/325/647 690/321/649
f 682/322/641 681/321/640 690/321/649
f 690/321/649 691/326/650 682/322/641
f 688/325/647 689/320/648 692/325/651
f 692/325/651 693/327/652 688/325/647
f 693/327/652 690/321/649 688/325/647
f 691/326/650 690/321/649 694/328/653
f 693/327/652 694/328/653 690/321/649
f 694/328/653 695/329/654 691/326/650
f 695/329/654 694/328/653 696/330/655
f 694/328/653 693/327/652 696/330/655
f 697/327/656 696/330/655 693/327/652
f 693/327/652 692/325/651 697/327/656
f 696/330/655 697/327/656 695/329/654
f 698/313/657 699/312/658 700/312/659
f 700/312/659 701/314/660 698/313/657
f 702/312/661 700/312/659 699/312/658
f 699/312/658 703/315/662 702/312/661
f 704/316/663 700/312/659 702/312/661
f 700/312/659 705/317/664 701/314/660
f 706/318/665 705/317/664 700/312/659
f 700/312/659 704/316/663 706/318/665
f 705/317/664 707/319/666 701/314/660
f 704/316/663 702/312/661 708/320/667
f 709/321/668 708/320/667 702/312/661
f 702/312/661 703/315/662 709/321/668
f 710/322/669 709/321/668 703/315/662
f 704/316/663 708/320/667 711/316/670
f 712/323/671 704/316/663 711/316/670
f 704/316/663 712/323/671 706/318/665
f 707/319/666 705/317/664 713/319/672
f 714/324/673 713/319/672 705/317/664
f 714/324/673 705/317/664 706/318/665
f 715/324/674 706/318/665 712/323/671
f 706/318/665 715/324/674 714/324/673
f 708/320/667 709/321/668 716/325/675
f 716/325/675 717/320/676 708/320/667
f 711/316/670 708/320/667 717/320/676
f 716/325/675 709/321/668 718/321/677
f 709/321/668 710/322/669 718/321/677
f 719/326/678 718/321/677 710/322/669
f 717/320/676 716/325/675 720/325/679
f 721/327/680 720/325/679 716/325/675
f 718/321/677 721/327/680 716/325/675
f 718/321/677 719/326/678 722/328/681
f 722/328/681 721/327/680 718/321/677
f 723/329/682 722/328/681 719/326/678
f 722/328/681 723/329/682 724/330/683
f 721/327/680 722/328/681 724/330/683
f 724/330/683 725/327/684 721/327/680
f 720/325/679 721/327/680 725/327/684
f 725/327/684 724/330/683 723/329/682
f 726/331/685 727/332/686 728/331/687
f 729/333/688 726/331/685 728/331/687
f 726/331/685 730/334/689 727/332/686
f 726/331/685 731/335/690 730/334/689
f 726/331/685 729/333/688 732/336/691
f 732/336/691 731/335/690 726/331/685
f 733/334/692 727/332/686 730/334/689
f 729/333/688 734/337/693 732/336/691
f 735/338/694 732/336/691 734/337/693
f 735/338/694 736/339/695 732/336/691
f 731/335/690 732/336/691 736/339/695
f 730/334/689 737/340/696 733/334/692
f 737/340/696 730/334/689 738/341/697
f 730/334/689 731/335/690 739/342/698
f 739/342/698 738/341/697 730/334/689
f 734/337/693 740/343/699 735/338/694
f 735/338/694 740/343/699 741/344/700
f 741/344/700 742/345/701 735/338/694
f 736/339/695 735/338/694 742/345/701
f 742/345/701 743/346/702 736/339/695
f 743/346/702 731/335/690 736/339/695
f 740/343/699 744/347/700 741/344/700
f 741/344/700 744/347/700 742/345/701
f 745/341/703 737/340/696 738/341/697
f 744/347/700 740/343/699 746/348/704
f 746/348/704 747/349/705 744/347/700
f 742/345/701 744/347/700 747/349/705
f 748/350/706 743/346/702 742/345/701
f 747/349/705 748/350/706 742/345/701
f 738/341/697 749/351/707 745/341/703
f 750/352/708 738/341/697 739/342/698
f 738/341/697 750/352/708 751/353/709
f 562/299/528 752/354/710 568/304/534
f 752/354/710 562/299/528 565/302/531
f 753/355/711 752/354/710 565/302/531
f 565/302/531 567/303/533 753/355/711
f 563/300/529 568/304/534 754/356/712
f 566/301/532 755/357/713 567/303/533
f 756/357/533 567/303/533 755/357/713
f 756/357/533 753/355/711 567/303/533
f 753/355/711 757/354/714 752/354/710
f 752/354/710 758/358/715 568/304/534
f 757/354/714 758/358/715 752/354/710
f 753/355/711 759/359/191 757/354/714
f 753/355/711 756/357/533 759/359/191
f 760/360/716 756/357/533 755/357/713
f 760/360/716 761/361/717 756/357/533
f 756/357/533 761/361/717 762/362/382
f 762/362/382 759/359/191 756/357/533
f 568/304/534 758/358/715 763/356/718
f 568/304/534 763/356/718 764/356/719
f 765/363/720 757/354/714 759/359/191
f 757/354/714 765/363/720 766/364/721
f 766/364/721 758/358/715 757/354/714
f 767/365/722 759/359/191 762/362/382
f 759/359/191 767/365/722 765/363/720
f 765/363/720 768/366/723 766/364/721
f 768/366/723 765/363/720 767/365/722
f 761/361/717 760/360/716 769/367/724
f 762/362/382 770/368/725 767/365/722
f 770/368/725 762/362/382 771/369/726
f 771/369/726 762/362/382 761/361/717
f 771/369/726 761/361/717 772/370/727
f 773/367/728 761/361/717 769/367/724
f 772/370/727 761/361/717 773/367/728
f 774/368/729 767/365/722 770/368/725
f 767/365/722 774/368/729 768/366/723
f 774/368/729 775/371/730 768/366/723
f 776/372/731 766/364/721 768/366/723
f 768/366/723 775/371/730 776/372/731
f 770/368/725 771/369/726 777/373/732
f 778/374/733 770/368/725 777/373/732
f 778/374/733 774/368/729 770/368/725
f 774/368/729 779/375/734 775/371/730
f 774/368/729 778/374/733 779/375/734
f 777/373/732 771/369/726 780/376/735
f 780/376/735 771/369/726 781/370/736
f 781/370/736 771/369/726 772/370/727
f 776/372/731 775/371/730 782/377/737
f 779/375/734 783/378/738 775/371/730
f 784/379/739 775/371/730 783/378/738
f 775/371/730 784/379/739 782/377/737
f 778/374/733 785/380/740 779/375/734
f 783/378/738 779/375/734 786/381/741
f 785/380/740 786/381/741 779/375/734
f 783/378/738 787/379/742 784/379/739
f 787/379/742 783/378/738 786/381/741
f 788/376/743 777/373/732 780/376/735
f 788/376/743 789/382/744 777/373/732
f 778/374/733 777/373/732 790/383/745
f 777/373/732 789/382/744 790/383/745
f 785/380/740 778/374/733 791/380/746
f 792/384/747 790/383/745 789/382/744
f 792/384/747 793/385/748 790/383/745
f 793/385/748 778/374/733 790/383/745
f 778/374/733 793/385/748 791/380/746
f 794/386/749 791/380/746 793/385/748
f 793/385/748 792/384/747 795/385/750
f 793/385/748 795/385/750 794/386/749
f 766/364/721 776/372/731 796/387/751
f 796/387/751 758/358/715 766/364/721
f 758/358/715 796/387/751 797/356/751
f 798/295/752 799/294/753 800/296/754
f 799/294/753 798/295/752 801/297/755
f 802/298/756 799/294/753 801/297/755
f 798/295/752 803/299/757 801/297/755
f 798/295/752 804/300/758 803/299/757
f 801/297/755 805/301/759 802/298/756
f 806/302/759 801/297/755 803/299/757
f 801/297/755 806/302/759 805/301/759
f 805/301/759 807/301/760 802/298/756
f 807/301/760 805/301/759 808/303/761
f 806/302/759 808/303/761 805/301/759
f 804/300/758 809/304/762 803/299/757
f 803/299/757 810/354/763 806/302/759
f 810/354/763 803/299/757 809/304/762
f 811/355/764 806/302/759 810/354/763
f 808/303/761 806/302/759 811/355/764
f 809/304/762 804/300/758 812/356/765
f 808/303/761 813/357/766 807/301/760
f 813/357/766 808/303/761 814/357/767
f 814/357/767 808/303/761 811/355/764
f 811/355/764 810/354/763 815/354/768
f 810/354/763 809/304/762 816/358/769
f 816/358/769 815/354/768 810/354/763
f 815/354/768 817/359/564 811/355/764
f 811/355/764 817/359/564 814/357/767
f 818/360/770 813/357/766 814/357/767
f 819/361/771 818/360/770 814/357/767
f 814/357/767 820/362/408 819/361/771
f 817/359/564 820/362/408 814/357/767
f 809/304/762 821/356/772 816/358/769
f 809/304/762 822/356/773 821/356/772
f 817/359/564 815/354/768 823/363/774
f 815/354/768 824/364/775 823/363/774
f 816/358/769 824/364/775 815/354/768
f 816/358/769 825/387/776 824/364/775
f 825/387/776 816/358/769 821/356/772
f 817/359/564 826/365/777 820/362/408
f 826/365/777 817/359/564 823/363/774
f 823/363/774 827/366/778 826/365/777
f 827/366/778 823/363/774 824/364/775
f 818/360/770 819/361/771 828/367/779
f 824/364/775 829/372/780 827/366/778
f 829/372/780 824/364/775 825/387/776
f 826/365/777 830/368/781 820/362/408
f 820/362/408 830/368/781 831/369/782
f 819/361/771 820/362/408 831/369/782
f 826/365/777 832/368/783 830/368/781
f 827/366/778 832/368/783 826/365/777
f 827/366/778 833/371/784 832/368/783
f 829/372/780 833/371/784 827/366/778
f 829/372/780 834/377/785 833/371/784
f 830/368/781 835/373/786 831/369/782
f 836/374/787 835/373/786 830/368/781
f 832/368/783 836/374/787 830/368/781
f 833/371/784 837/375/788 832/368/783
f 836/374/787 832/368/783 837/375/788
f 838/379/789 833/371/784 834/377/785
f 833/371/784 838/379/789 839/378/790
f 837/375/788 833/371/784 839/378/790
f 840/380/791 836/374/787 837/375/788
f 837/375/788 839/378/790 841/381/792
f 841/381/792 840/380/791 837/375/788
f 842/379/793 839/378/790 838/379/789
f 839/378/790 842/379/793 841/381/792
f 836/374/787 840/380/791 843/380/794
f 835/373/786 836/374/787 844/383/787
f 844/383/787 836/374/787 845/385/795
f 843/380/794 845/385/795 836/374/787
f 845/385/795 843/380/794 846/386/794
f 835/373/786 844/383/787 847/382/796
f 848/384/797 847/382/796 844/383/787
f 845/385/795 848/384/797 844/383/787
f 848/384/797 845/385/795 849/385/798
f 845/385/795 846/386/794 849/385/798
f 847/382/796 850/376/799 835/373/786
f 850/376/799 851/376/800 835/373/786
f 831/369/782 835/373/786 851/376/800
f 851/376/800 852/370/801 831/369/782
f 852/370/801 853/370/802 831/369/782
f 819/361/771 831/369/782 853/370/802
f 819/361/771 853/370/802 854/367/803
f 854/367/803 828/367/779 819/361/771
f 855/388/804 856/388/805 857/388/806
f 858/389/711 856/388/805 855/388/804
f 855/388/804 859/390/807 858/389/711
f 858/389/711 860/391/808 856/388/805
f 861/392/809 858/389/711 859/390/807
f 862/393/810 858/389/711 861/392/809
f 860/391/808 858/389/711 862/393/810
f 859/390/807 863/394/382 861/392/809
f 863/394/382 862/393/810 861/392/809
f 859/390/807 864/395/811 863/394/382
f 862/393/810 865/391/812 860/391/808
f 862/393/810 863/394/382 866/391/813
f 865/391/812 862/393/810 866/391/813
f 867/394/814 866/391/813 863/394/382
f 864/395/811 867/394/814 863/394/382
f 868/388/815 869/388/816 870/388/817
f 868/388/815 871/389/764 869/388/816
f 872/391/818 871/389/764 868/388/815
f 873/390/819 869/388/816 871/389/764
f 873/390/819 871/389/764 874/392/820
f 874/392/820 871/389/764 875/393/821
f 871/389/764 872/391/818 875/393/821
f 876/394/822 873/390/819 874/392/820
f 876/394/822 874/392/820 875/393/821
f 877/391/823 875/393/821 872/391/818
f 878/391/824 876/394/822 875/393/821
f 875/393/821 877/391/823 878/391/824
f 879/395/825 873/390/819 876/394/822
f 878/391/824 880/394/826 876/394/822
f 879/395/825 876/394/822 880/394/826
f 881/396/827 882/397/828 883/398/829
f 882/397/828 881/396/827 884/399/830
f 884/399/830 885/400/831 882/397/828
f 885/400/831 884/399/830 886/401/832
f 887/402/382 884/399/830 881/396/827
f 886/401/832 884/399/830 887/402/382
f 886/401/832 888/403/833 885/400/831
f 888/403/833 886/401/832 889/404/832
f 886/401/832 890/405/382 889/404/832
f 890/405/382 886/401/832 887/402/382
f 887/402/382 881/396/827 891/406/834
f 892/398/835 891/406/834 881/396/827
f 890/405/382 887/402/382 893/407/836
f 891/406/834 893/407/836 887/402/382
f 894/408/837 889/404/832 890/405/382
f 895/407/838 894/408/837 890/405/382
f 894/408/837 895/407/838 896/409/839
f 897/410/840 894/408/837 896/409/839
f 898/411/841 894/408/837 897/410/840
f 889/404/832 894/408/837 899/411/837
f 899/411/837 894/408/837 898/411/841
f 889/404/832 899/411/837 900/412/842
f 889/404/832 900/412/842 901/413/843
f 902/414/844 899/411/837 898/411/841
f 902/414/844 900/412/842 899/411/837
f 903/397/845 904/396/846 905/398/847
f 904/396/846 903/397/845 906/399/848
f 907/400/849 906/399/848 903/397/845
f 906/399/848 907/400/849 908/401/850
f 909/402/408 904/396/846 906/399/848
f 906/399/848 908/401/850 909/402/408
f 910/403/851 908/401/850 907/400/849
f 908/401/850 910/403/851 911/404/850
f 908/401/850 912/405/408 909/402/408
f 912/405/408 908/401/850 911/404/850
f 913/406/852 904/396/846 909/402/408
f 914/407/853 913/406/852 909/402/408
f 909/402/408 912/405/408 914/407/853
f 913/406/852 915/398/854 904/396/846
f 911/404/850 916/408/855 912/405/408
f 916/408/855 917/407/853 912/405/408
f 917/407/853 916/408/855 918/409/856
f 919/410/857 918/409/856 916/408/855
f 920/411/857 919/410/857 916/408/855
f 916/408/855 911/404/850 921/411/855
f 920/411/857 916/408/855 921/411/855
f 921/411/855 911/404/850 922/412/858
f 911/404/850 923/413/851 922/412/858
f 924/414/858 920/411/857 921/411/855
f 922/412/858 924/414/858 921/411/855
f 925/415/859 926/416/860 927/417/216
f 927/417/216 928/418/861 925/415/859
f 928/418/861 927/417/216 929/419/837
f 930/420/711 929/419/837 927/417/216
f 930/420/711 927/417/216 931/421/862
f 932/422/863 931/421/862 927/417/216
f 931/421/862 932/422/863 933/421/864
f 930/420/711 931/421/862 934/423/865
f 935/424/866 931/421/862 933/421/864
f 935/424/866 934/423/865 931/421/862
f 929/419/837 930/420/711 936/425/810
f 929/419/837 936/425/810 937/426/832
f 929/419/837 937/426/832 938/427/867
f 939/428/868 936/425/810 930/420/711
f 940/423/865 939/428/868 930/420/711
f 938/427/867 937/426/832 941/426/869
f 936/425/810 939/428/868 942/429/870
f 937/426/832 936/425/810 943/430/382
f 943/430/382 936/425/810 944/431/871
f 945/429/872 944/431/871 936/425/810
f 946/432/832 937/426/832 943/430/382
f 947/433/873 937/426/832 946/432/832
f 937/426/832 947/433/873 948/434/874
f 947/433/873 946/432/832 949/435/875
f 749/351/707 738/341/697 751/353/709
f 748/350/706 747/349/705 950/436/876
f 747/349/705 746/348/704 950/436/876
f 749/351/707 751/353/709 951/353/877
f 751/353/709 952/437/878 951/353/877
f 953/438/879 751/353/709 750/352/708
f 751/353/709 953/438/879 952/437/878
f 750/352/708 954/438/880 953/438/879
f 954/438/880 750/352/708 955/352/881
f 739/342/698 955/352/881 750/352/708
f 956/439/882 955/352/881 739/342/698
f 957/439/883 956/439/882 739/342/698
f 739/342/698 731/335/690 957/439/883
f 958/335/884 957/439/883 731/335/690
f 731/335/690 743/346/702 958/335/884
f 959/332/885 960/331/886 961/331/887
f 960/331/886 962/333/888 961/331/887
f 963/334/889 960/331/886 959/332/885
f 964/334/890 963/334/889 959/332/885
f 962/333/888 960/331/886 965/336/891
f 966/335/892 965/336/891 960/331/886
f 960/331/886 963/334/889 966/335/892
f 967/337/893 962/333/888 965/336/891
f 968/340/894 963/334/889 964/334/890
f 963/334/889 968/340/894 969/341/895
f 970/342/896 963/334/889 969/341/895
f 963/334/889 970/342/896 966/335/892
f 967/337/893 965/336/891 971/338/897
f 972/339/898 971/338/897 965/336/891
f 965/336/891 966/335/892 972/339/898
f 973/343/899 967/337/893 971/338/897
f 974/341/900 969/341/895 968/340/894
f 975/346/901 972/339/898 966/335/892
f 966/335/892 970/342/896 976/439/902
f 976/439/902 977/335/903 966/335/892
f 966/335/892 977/335/903 975/346/901
f 978/345/904 972/339/898 975/346/901
f 971/338/897 972/339/898 978/345/904
f 971/338/897 979/344/905 973/343/899
f 971/338/897 978/345/904 979/344/905
f 980/351/906 969/341/895 974/341/900
f 969/341/895 980/351/906 981/353/907
f 969/341/895 982/352/908 970/342/896
f 982/352/908 969/341/895 981/353/907
f 983/347/905 973/343/899 979/344/905
f 979/344/905 978/345/904 983/347/905
f 973/343/899 983/347/905 984/348/909
f 975/346/901 985/350/910 978/345/904
f 986/349/911 978/345/904 985/350/910
f 978/345/904 986/349/911 983/347/905
f 986/349/911 984/348/909 983/347/905
f 981/353/907 980/351/906 987/353/912
f 987/353/912 988/437/913 981/353/907
f 989/438/914 981/353/907 988/437/913
f 981/353/907 989/438/914 982/352/908
f 985/350/910 990/436/915 986/349/911
f 984/348/909 986/349/911 990/436/915
f 991/438/916 982/352/908 989/438/914
f 982/352/908 991/438/916 992/352/917
f 970/342/896 982/352/908 992/352/917
f 970/342/896 992/352/917 993/439/918
f 976/439/902 970/342/896 993/439/918
f 994/440/919 995/441/920 996/442/921
f 996/442/921 997/443/922 994/440/919
f 995/441/920 994/440/919 998/444/923
f 994/440/919 999/445/924 998/444/923
f 999/445/924 994/440/919 997/443/922
f 1000/446/925 995/441/920 998/444/923
f 1000/446/925 998/444/923 999/445/924
f 1001/447/926 995/441/920 1000/446/925
f 997/443/922 1002/448/927 999/445/924
f 999/445/924 1002/448/927 1003/449/928
f 1000/446/925 999/445/924 1003/449/928
f 1000/446/925 1004/450/929 1001/447/926
f 1003/449/928 1004/450/929 1000/446/925
f 1005/451/930 1001/447/926 1004/450/929
f 1002/448/927 1006/452/931 1003/449/928
f 1007/453/929 1003/449/928 1006/452/931
f 1007/453/929 1008/450/929 1003/449/928
f 1008/450/929 1009/454/932 1005/451/933
f 1008/450/929 1007/453/929 1009/454/932
f 1005/451/933 1009/454/932 1010/455/934
f 1011/453/935 1007/453/929 1006/452/931
f 1007/453/929 1011/453/935 1012/456/936
f 1012/456/936 1009/454/932 1007/453/929
f 1009/454/932 1012/456/936 1013/457/937
f 1009/454/932 1013/457/937 1014/454/938
f 1010/455/934 1009/454/932 1014/454/938
f 1015/441/939 1016/440/940 1017/442/941
f 1018/443/942 1017/442/941 1016/440/940
f 1016/440/940 1015/441/939 1019/444/943
f 1020/445/944 1016/440/940 1019/444/943
f 1016/440/940 1020/445/944 1018/443/942
f 1015/441/939 1021/446/945 1019/444/943
f 1019/444/943 1021/446/945 1020/445/944
f 1015/441/939 1022/447/946 1021/446/945
f 1023/448/947 1018/443/942 1020/445/944
f 1020/445/944 1024/449/948 1023/448/947
f 1020/445/944 1021/446/945 1024/449/948
f 1025/450/949 1021/446/945 1022/447/946
f 1025/450/949 1024/449/948 1021/446/945
f 1022/447/946 1026/451/950 1025/450/949
f 1027/452/951 1023/448/947 1024/449/948
f 1024/449/948 1028/453/949 1027/452/951
f 1029/450/952 1028/453/949 1024/449/948
f 1030/454/953 1029/450/952 1026/451/954
f 1028/453/949 1029/450/952 1030/454/953
f 1030/454/953 1026/451/954 1031/455/955
f 1028/453/949 1032/453/956 1027/452/951
f 1032/453/956 1028/453/949 1033/456/957
f 1030/454/953 1033/456/957 1028/453/949
f 1033/456/957 1030/454/953 1034/457/958
f 1030/454/953 1031/455/955 1035/454/959
f 1035/454/959 1034/457/958 1030/454/953
f 1036/458/960 1037/459/961 1038/460/962
f 1037/459/961 1036/458/960 1039/461/963
f 1036/458/960 1040/462/964 1039/461/963
f 1038/460/962 1041/463/965 1036/458/960
f 1041/463/965 1042/464/966 1036/458/960
f 1040/462/964 1036/458/960 1042/464/966
f 1041/463/965 1038/460/962 1043/465/967
f 1043/465/967 1044/466/968 1041/463/965
f 1045/467/448 1041/463/965 1044/466/968
f 1042/464/966 1041/463/965 1045/467/448
f 1046/468/969 1045/467/448 1044/466/968
f 1047/469/970 1045/467/448 1046/468/969
f 1047/469/970 1048/470/448 1045/467/448
f 1045/467/448 1048/470/448 1042/464/966
f 1042/464/966 1049/471/971 1040/462/964
f 1050/472/972 1042/464/966 1048/470/448
f 1042/464/966 1050/472/972 1049/471/971
f 1051/473/973 1040/462/964 1049/471/971
f 1052/474/974 1048/470/448 1047/469/970
f 1052/474/974 1047/469/970 1046/468/969
f 1048/470/448 1052/474/974 1053/475/975
f 1053/475/975 1050/472/972 1048/470/448
f 1054/476/976 1049/471/971 1050/472/972
f 1049/471/971 1054/476/976 1051/473/973
f 1050/472/972 1053/475/975 1054/476/976
f 1055/460/977 1056/463/978 1057/465/979
f 1058/466/980 1057/465/979 1056/463/978
f 1056/463/978 1055/460/977 1059/458/981
f 1059/458/981 1055/460/977 1060/459/982
f 1056/463/978 1061/467/474 1058/466/980
f 1056/463/978 1062/464/983 1061/467/474
f 1056/463/978 1059/458/981 1062/464/983
f 1063/468/984 1058/466/980 1061/467/474
f 1059/458/981 1064/462/985 1062/464/983
f 1059/458/981 1060/459/982 1065/461/986
f 1064/462/985 1059/458/981 1065/461/986
f 1061/467/474 1066/469/987 1063/468/984
f 1066/469/987 1061/467/474 1067/470/474
f 1061/467/474 1062/464/983 1067/470/474
f 1067/470/474 1068/474/988 1066/469/987
f 1068/474/988 1063/468/984 1066/469/987
f 1064/462/985 1069/471/989 1062/464/983
f 1070/472/990 1062/464/983 1069/471/989
f 1062/464/983 1070/472/990 1067/470/474
f 1068/474/988 1067/470/474 1071/475/991
f 1070/472/990 1071/475/991 1067/470/474
f 1069/471/989 1064/462/985 1072/473/992
f 1069/471/989 1073/476/993 1070/472/990
f 1073/476/993 1069/471/989 1072/473/992
f 1071/475/991 1070/472/990 1073/476/993
f 1074/477/994 1075/478/995 1076/479/996
f 1076/479/996 1077/480/997 1074/477/994
f 1076/479/996 1075/478/995 1078/481/996
f 1078/481/996 1079/480/998 1076/479/996
f 1077/480/997 1076/479/996 1079/480/998
f 1075/478/995 1080/482/377 1078/481/996
f 1080/482/377 1079/480/998 1078/481/996
f 1080/482/377 1075/478/995 1081/483/999
f 1079/480/998 1082/484/1000 1077/480/997
f 1082/484/1000 1079/480/998 1083/485/1001
f 1080/482/377 1083/485/1001 1079/480/998
f 1081/483/999 1084/486/1002 1080/482/377
f 1083/485/1001 1080/482/377 1085/487/486
f 1085/487/486 1080/482/377 1084/486/1002
f 1083/485/1001 1086/488/1003 1082/484/1000
f 1086/488/1003 1083/485/1001 1087/489/1004
f 1083/485/1001 1085/487/486 1087/489/1004
f 1088/490/1005 1086/488/1003 1087/489/1004
f 1087/489/1004 1085/487/486 1088/490/1005
f 1084/486/1002 1089/491/1006 1085/487/486
f 1085/487/486 1089/491/1006 1088/490/1005
f 1089/491/1006 1086/488/1003 1088/490/1005
f 1090/478/88 1091/477/1007 1092/479/1008
f 1093/480/1009 1092/479/1008 1091/477/1007
f 1092/479/1008 1094/481/1008 1090/478/88
f 1095/480/1010 1094/481/1008 1092/479/1008
f 1092/479/1008 1093/480/1009 1095/480/1010
f 1096/482/403 1090/478/88 1094/481/1008
f 1095/480/1010 1096/482/403 1094/481/1008
f 1090/478/88 1096/482/403 1097/483/1011
f 1098/484/1012 1095/480/1010 1093/480/1009
f 1095/480/1010 1098/484/1012 1099/485/1013
f 1099/485/1013 1096/482/403 1095/480/1010
f 1096/482/403 1100/486/1014 1097/483/1011
f 1100/486/1014 1096/482/403 1101/487/1015
f 1096/482/403 1099/485/1013 1101/487/1015
f 1102/488/1016 1099/485/1013 1098/484/1012
f 1099/485/1013 1102/488/1016 1103/489/1017
f 1101/487/1015 1099/485/1013 1103/489/1017
f 1102/488/1016 1104/490/1018 1103/489/1017
f 1101/487/1015 1103/489/1017 1104/490/1018
f 1105/491/1019 1100/486/1014 1101/487/1015
f 1101/487/1015 1104/490/1018 1105/491/1019
f 1102/488/1016 1105/491/1019 1104/490/1018
f 1106/492/1020 1107/493/1021 1108/494/1022
f 1106/492/1020 1108/494/1022 1109/495/1023
f 1110/496/1024 1108/494/1022 1107/493/1021
f 1111/497/1025 1110/496/1024 1107/493/1021
f 1112/498/832 1109/495/1023 1108/494/1022
f 1113/499/382 1108/494/1022 1110/496/1024
f 1108/494/1022 1113/499/382 1112/498/832
f 1111/497/1025 1114/500/1026 1110/496/1024
f 1113/499/382 1110/496/1024 1114/500/1026
f 1109/495/1023 1112/498/832 1115/501/1027
f 1116/502/837 1112/498/832 1113/499/382
f 1117/503/1028 1116/502/837 1113/499/382
f 1117/503/1028 1113/499/382 1114/500/1026
f 1112/498/832 1118/504/1029 1115/501/1027
f 1112/498/832 1119/505/711 1118/504/1029
f 1116/502/837 1119/505/711 1112/498/832
f 1120/506/1030 1115/501/1027 1118/504/1029
f 1119/505/711 1116/502/837 1121/507/1031
f 1121/507/1031 1116/502/837 1122/508/1032
f 1116/502/837 1117/503/1028 1122/508/1032
f 1123/509/1033 1118/504/1029 1119/505/711
f 1120/506/1030 1118/504/1029 1124/510/1034
f 1118/504/1029 1123/509/1033 1124/510/1034
f 1123/509/1033 1119/505/711 1125/511/1035
f 1119/505/711 1121/507/1031 1125/511/1035
f 1126/493/1036 1127/492/1037 1128/494/1038
f 1127/492/1037 1129/495/1039 1128/494/1038
f 1128/494/1038 1130/496/1040 1126/493/1036
f 1131/497/1041 1126/493/1036 1130/496/1040
f 1132/498/850 1128/494/1038 1129/495/1039
f 1133/499/408 1130/496/1040 1128/494/1038
f 1128/494/1038 1132/498/850 1133/499/408
f 1134/500/1041 1130/496/1040 1133/499/408
f 1130/496/1040 1134/500/1041 1131/497/1041
f 1129/495/1039 1135/501/1042 1132/498/850
f 1136/502/855 1133/499/408 1132/498/850
f 1136/502/855 1137/503/1043 1133/499/408
f 1137/503/1043 1134/500/1041 1133/499/408
f 1135/501/1042 1138/504/1044 1132/498/850
f 1132/498/850 1138/504/1044 1139/505/764
f 1136/502/855 1132/498/850 1139/505/764
f 1138/504/1044 1135/501/1042 1140/506/1045
f 1136/502/855 1139/505/764 1141/507/1046
f 1141/507/1046 1142/508/1047 1136/502/855
f 1137/503/1043 1136/502/855 1142/508/1047
f 1138/504/1044 1143/509/1048 1139/505/764
f 1143/509/1048 1138/504/1044 1144/510/1049
f 1140/506/1045 1144/510/1049 1138/504/1044
f 949/435/875 946/432/832 1145/512/1050
f 946/432/832 1146/513/832 1145/512/1050
f 1147/514/1024 946/432/832 943/430/382
f 1146/513/832 946/432/832 1147/514/1024
f 1147/514/1024 943/430/382 1148/515/1051
f 1148/515/1051 943/430/382 1149/431/1052
f 1150/516/1053 1145/512/1050 1146/513/832
f 1151/517/382 1150/516/1053 1146/513/832
f 1152/518/810 1146/513/832 1147/514/1024
f 1146/513/832 1152/518/810 1151/517/382
f 1153/519/1054 1145/512/1050 1150/516/1053
f 1154/520/1055 1153/519/1054 1150/516/1053
f 1150/516/1053 1151/517/382 1154/520/1055
f 1155/521/1056 1145/512/1050 1153/519/1054
f 1145/512/1050 1155/521/1056 1156/522/1057
f 1153/519/1054 1154/520/1055 1157/523/1058
f 1157/523/1058 1155/521/1056 1153/519/1054
f 1151/517/382 1158/524/1059 1154/520/1055
f 1154/520/1055 1158/524/1059 1157/523/1058
f 1158/524/1059 1151/517/382 1159/525/382
f 1151/517/382 1160/526/382 1159/525/382
f 1160/526/382 1151/517/382 1152/518/810
f 1155/521/1056 1157/523/1058 1161/527/1060
f 1159/525/382 1162/528/1061 1158/524/1059
f 1162/528/1061 1159/525/382 1163/529/837
f 1160/526/382 1163/529/837 1159/525/382
f 1162/528/1061 1164/530/1062 1158/524/1059
f 1165/531/1063 1158/524/1059 1164/530/1062
f 1158/524/1059 1165/531/1063 1157/523/1058
f 1166/532/1064 1157/523/1058 1165/531/1063
f 1157/523/1058 1166/532/1064 1167/533/1065
f 1164/530/1062 1168/534/1066 1165/531/1063
f 1164/530/1062 1162/528/1061 1169/535/1067
f 1170/536/1066 1168/534/1066 1164/530/1062
f 1169/535/1067 1170/536/1066 1164/530/1062
f 1169/535/1067 1162/528/1061 1171/537/1068
f 1172/538/1069 1171/537/1068 1162/528/1061
f 1173/539/1070 1170/536/1066 1169/535/1067
f 1174/540/1071 1166/532/1072 1175/531/1073
f 1176/534/1073 1174/540/1071 1175/531/1073
f 1163/529/837 1177/541/216 1178/542/1074
f 1179/529/1075 1163/529/837 1178/542/1074
f 1180/543/216 1177/541/216 1163/529/837
f 1180/543/216 1163/529/837 1160/526/382
f 1181/544/1076 1178/542/1074 1177/541/216
f 1182/545/1077 1181/544/1076 1177/541/216
f 1177/541/216 1180/543/216 1183/546/382
f 1177/541/216 1183/546/382 1182/545/1077
f 1184/547/1078 1178/542/1074 1181/544/1076
f 1184/547/1078 1185/548/1079 1178/542/1074
f 1186/549/1080 1183/546/382 1180/543/216
f 1180/543/216 1160/526/382 1187/543/1081
f 1188/550/1082 1182/545/1077 1183/546/382
f 1183/546/382 1189/546/1083 1188/550/1082
f 1183/546/382 1186/549/1080 1189/546/1083
f 1181/544/1076 1182/545/1077 1190/545/1084
f 1191/551/1085 1184/547/1078 1181/544/1076
f 1184/547/1078 1191/551/1085 1192/552/1086
f 1192/552/1086 1193/553/1087 1184/547/1078
f 1193/553/1087 1185/548/1079 1184/547/1078
f 1185/548/1079 1193/553/1087 1194/554/1088
f 1193/553/1087 1192/552/1086 1195/555/1089
f 1196/556/1090 1187/543/1081 1160/526/382
f 1160/526/382 1152/518/810 1197/557/1090
f 1197/557/1090 1152/518/810 1198/558/1091
f 1147/514/1024 1198/558/1091 1152/518/810
f 1198/558/1091 1147/514/1024 1199/558/1092
f 1200/535/1093 1201/535/1093 1202/539/1094
f 1201/535/1093 1200/535/1093 1203/537/1094
f 1204/415/1095 1205/417/539 1206/416/1096
f 1207/418/1097 1205/417/539 1204/415/1095
f 1205/417/539 1207/418/1097 1208/419/855
f 1208/419/855 1209/420/764 1205/417/539
f 1209/420/764 1210/421/1098 1205/417/539
f 1210/421/1098 1211/422/1099 1205/417/539
f 1211/422/1099 1210/421/1098 1212/421/1100
f 1213/423/1101 1210/421/1098 1209/420/764
f 1213/423/1101 1214/424/1102 1210/421/1098
f 1214/424/1102 1212/421/1100 1210/421/1098
f 1209/420/764 1208/419/855 1215/425/821
f 1208/419/855 1216/426/1038 1215/425/821
f 1216/426/1038 1208/419/855 1217/427/1103
f 1215/425/821 1218/428/1104 1209/420/764
f 1219/423/1101 1209/420/764 1218/428/1104
f 1217/427/1103 1220/426/1105 1216/426/1038
f 1218/428/1104 1215/425/821 1221/429/1106
f 1216/426/1038 1222/430/408 1215/425/821
f 1223/431/1107 1215/425/821 1222/430/408
f 1215/425/821 1223/431/1107 1224/429/1106
f 1222/430/408 1216/426/1038 1225/432/1038
f 1216/426/1038 1226/433/1108 1225/432/1038
f 1226/433/1108 1216/426/1038 1227/434/1109
f 1226/433/1108 1228/435/1110 1225/432/1038
f 1228/435/1110 1229/512/1111 1225/432/1038
f 1230/513/850 1225/432/1038 1229/512/1111
f 1231/514/1112 1222/430/408 1225/432/1038
f 1230/513/850 1231/514/1112 1225/432/1038
f 1232/515/1113 1222/430/408 1231/514/1112
f 1222/430/408 1232/515/1113 1233/431/1107
f 1230/513/850 1229/512/1111 1234/516/1114
f 1234/516/1114 1235/517/408 1230/513/850
f 1230/513/850 1236/518/821 1231/514/1112
f 1236/518/821 1230/513/850 1235/517/408
f 1237/519/1115 1234/516/1114 1229/512/1111
f 1237/519/1115 1238/520/1116 1234/516/1114
f 1235/517/408 1234/516/1114 1238/520/1116
f 1229/512/1111 1239/521/1117 1237/519/1115
f 1239/521/1117 1229/512/1111 1240/522/1118
f 1238/520/1116 1237/519/1115 1241/523/1119
f 1239/521/1117 1241/523/1119 1237/519/1115
f 1242/524/1120 1235/517/408 1238/520/1116
f 1238/520/1116 1241/523/1119 1242/524/1120
f 1235/517/408 1242/524/1120 1243/525/408
f 1235/517/408 1244/526/408 1236/518/821
f 1244/526/408 1235/517/408 1243/525/408
f 1241/523/1119 1239/521/1117 1245/527/1121
f 1246/528/1122 1243/525/408 1242/524/1120
f 1243/525/408 1246/528/1122 1247/529/855
f 1244/526/408 1243/525/408 1247/529/855
f 1248/530/1123 1246/528/1122 1242/524/1120
f 1249/531/1124 1242/524/1120 1241/523/1119
f 1242/524/1120 1249/531/1124 1248/530/1123
f 1249/531/1124 1241/523/1119 1250/532/1125
f 1250/532/1125 1241/523/1119 1251/533/1121
f 1248/530/1123 1249/531/1124 1252/534/1126
f 1246/528/1122 1248/530/1123 1253/535/1127
f 1248/530/1123 1252/534/1126 1254/536/1126
f 1253/535/1127 1248/530/1123 1254/536/1126
f 1246/528/1122 1253/535/1127 1255/537/1128
f 1255/537/1128 1256/538/1129 1246/528/1122
f 1254/536/1126 1257/539/1130 1253/535/1127
f 1258/543/539 1244/526/408 1247/529/855
f 1259/541/1131 1258/543/539 1247/529/855
f 1260/542/1132 1259/541/1131 1247/529/855
f 1261/529/1122 1260/542/1132 1247/529/855
f 1260/542/1132 1262/544/1133 1259/541/1131
f 1262/544/1133 1263/545/341 1259/541/1131
f 1258/543/539 1259/541/1131 1264/546/408
f 1264/546/408 1259/541/1131 1263/545/341
f 1262/544/1133 1260/542/1132 1265/547/1134
f 1266/548/1135 1265/547/1134 1260/542/1132
f 1263/545/341 1262/544/1133 1267/545/1136
f 1265/547/1134 1268/551/1137 1262/544/1133
f 1263/545/341 1269/550/341 1264/546/408
f 1264/546/408 1270/549/1138 1258/543/539
f 1264/546/408 1269/550/341 1271/546/1139
f 1270/549/1138 1264/546/408 1271/546/1139
f 1268/551/1137 1265/547/1134 1272/552/1140
f 1273/553/1141 1272/552/1140 1265/547/1134
f 1266/548/1135 1273/553/1141 1265/547/1134
f 1273/553/1141 1266/548/1135 1274/554/1142
f 1275/555/1143 1272/552/1140 1273/553/1141
f 1231/514/1112 1276/558/1144 1277/558/1145
f 1276/558/1144 1231/514/1112 1236/518/821
f 1278/557/1146 1276/558/1144 1236/518/821
f 1236/518/821 1244/526/408 1278/557/1146
f 1279/543/1147 1280/556/1146 1244/526/408
f 1279/543/1147 1244/526/408 1258/543/539
f 1281/535/1148 1282/535/1149 1283/539/1150
f 1282/535/1149 1281/535/1148 1284/537/1151
f 1285/540/1152 1286/531/1153 1287/532/1152
f 1286/531/1153 1285/540/1152 1288/534/1154
f 1289/559/1155 1290/560/1156 1291/561/1157
f 1292/562/1158 1290/560/1156 1289/559/1155
f 1293/563/1159 1292/562/1158 1289/559/1155
f 1294/564/1160 1290/560/1156 1292/562/1158
f 1292/562/1158 1293/563/1159 1295/562/827
f 1295/562/827 1296/565/1161 1292/562/1158
f 1294/564/1160 1292/562/1158 1296/565/1161
f 1293/563/1159 1297/566/1162 1295/562/827
f 1294/564/1160 1296/565/1161 1298/567/1163
f 1296/565/1161 1295/562/827 1299/565/1164
f 1295/562/827 1300/568/832 1299/565/1164
f 1300/568/832 1295/562/827 1297/566/1162
f 1299/565/1164 1301/569/1165 1296/565/1161
f 1301/569/1165 1298/567/1163 1296/565/1161
f 1297/566/1162 1302/570/1166 1300/568/832
f 1303/571/1167 1299/565/1164 1300/568/832
f 1299/565/1164 1303/571/1167 1304/572/1168
f 1301/569/1165 1299/565/1164 1304/572/1168
f 1305/573/1169 1300/568/832 1302/570/1166
f 1303/571/1167 1300/568/832 1305/573/1169
f 1306/574/1170 1305/573/1169 1302/570/1166
f 1307/575/1171 1305/573/1169 1306/574/1170
f 1303/571/1167 1305/573/1169 1307/575/1171
f 1308/576/1172 1304/572/1168 1303/571/1167
f 1309/577/1173 1303/571/1167 1307/575/1171
f 1303/571/1167 1309/577/1173 1308/576/1172
f 1306/574/1170 1310/578/1174 1307/575/1171
f 1307/575/1171 1310/578/1174 1309/577/1173
f 1311/577/1175 1308/576/1172 1309/577/1173
f 1310/578/1174 1311/577/1175 1309/577/1173
f 1310/578/1174 1306/574/1170 1312/579/1176
f 1311/577/1175 1310/578/1174 1313/580/1177
f 1312/579/1176 1313/580/1177 1310/578/1174
f 1314/559/1178 1315/561/1179 1316/560/1180
f 1316/560/1180 1317/562/1181 1314/559/1178
f 1317/562/1181 1318/563/1182 1314/559/1178
f 1316/560/1180 1319/564/1183 1317/562/1181
f 1318/563/1182 1317/562/1181 1320/562/1184
f 1321/565/1185 1320/562/1184 1317/562/1181
f 1321/565/1185 1317/562/1181 1319/564/1183
f 1322/566/1182 1318/563/1182 1320/562/1184
f 1321/565/1185 1319/564/1183 1323/567/1186
f 1320/562/1184 1321/565/1185 1324/565/1112
f 1325/568/850 1320/562/1184 1324/565/1112
f 1320/562/1184 1325/568/850 1322/566/1182
f 1326/569/1187 1324/565/1112 1321/565/1185
f 1321/565/1185 1323/567/1186 1326/569/1187
f 1325/568/850 1327/570/1188 1322/566/1182
f 1324/565/1112 1328/571/1189 1325/568/850
f 1328/571/1189 1324/565/1112 1329/572/1190
f 1324/565/1112 1326/569/1187 1329/572/1190
f 1327/570/1188 1325/568/850 1330/573/1191
f 1325/568/850 1328/571/1189 1330/573/1191
f 1331/574/1192 1327/570/1188 1330/573/1191
f 1331/574/1192 1330/573/1191 1332/575/1193
f 1332/575/1193 1330/573/1191 1328/571/1189
f 1329/572/1190 1333/576/1194 1328/571/1189
f 1332/575/1193 1328/571/1189 1334/577/1195
f 1334/577/1195 1328/571/1189 1333/576/1194
f 1335/578/1196 1331/574/1192 1332/575/1193
f 1332/575/1193 1334/577/1195 1335/578/1196
f 1333/576/1194 1336/577/1197 1334/577/1195
f 1336/577/1197 1335/578/1196 1334/577/1195
f 1331/574/1192 1335/578/1196 1337/579/1198
f 1336/577/1197 1338/580/1199 1335/578/1196
f 1337/579/1198 1335/578/1196 1338/580/1199
f 1339/581/1200 1340/582/1201 1341/583/1202
f 1342/584/382 1341/583/1202 1340/582/1201
f 1340/582/1201 1343/585/1203 1342/584/382
f 1343/585/1203 1340/582/1201 1344/586/1204
f 1343/585/1203 1345/587/810 1342/584/382
f 1345/587/810 1346/588/382 1342/584/382
f 1341/583/1202 1342/584/382 1346/588/382
f 1344/586/1204 1347/589/1205 1343/585/1203
f 1345/587/810 1343/585/1203 1347/589/1205
f 1347/589/1205 1348/590/1206 1345/587/810
f 1348/590/1206 1346/588/382 1345/587/810
f 1346/588/382 1348/590/1206 1349/591/1207
f 1349/591/1207 1341/583/1202 1346/588/382
f 1349/591/1207 1350/581/1208 1341/583/1202
f 1351/589/1209 1348/590/1206 1347/589/1205
f 1347/589/1205 1344/586/1204 1351/589/1209
f 1352/305/1210 1353/310/1211 1354/105/1212
f 1353/310/1211 1352/305/1210 1355/308/1213
f 1356/309/1214 1353/310/1211 1355/308/1213
f 1357/592/1215 1353/310/1211 1356/309/1214
f 1355/308/1213 1352/305/1210 1358/306/1216
f 1355/308/1213 1359/307/1217 1356/309/1214
f 1359/307/1217 1355/308/1213 1358/306/1216
f 1352/305/1210 193/100/190 1358/306/1216
f 1358/306/1216 195/102/192 1359/307/1217
f 193/100/190 195/102/192 1358/306/1216
f 197/104/194 193/100/190 1352/305/1210
f 197/104/194 1352/305/1210 198/105/195
f 1143/509/1048 1360/511/1046 1139/505/764
f 1360/511/1046 1141/507/1046 1139/505/764
f 1361/593/1218 1362/594/1219 1363/595/1220
f 1362/594/1219 1361/593/1218 1364/596/1221
f 1363/595/1220 1365/597/1222 1361/593/1218
f 1361/593/1218 1366/598/1223 1364/596/1221
f 1366/598/1223 1361/593/1218 1367/599/1224
f 1367/599/1224 1361/593/1218 1365/597/1222
f 1365/597/1222 1368/600/1225 1367/599/1224
f 1368/600/1225 1366/598/1223 1367/599/1224
f 1365/597/1222 1363/595/1220 1369/601/1226
f 1369/601/1226 1368/600/1225 1365/597/1222
f 1368/600/1225 1370/602/1227 1366/598/1223
f 1370/602/1227 1364/596/1221 1366/598/1223
f 1371/595/1228 1372/597/1229 1373/601/1230
f 1374/600/1231 1373/601/1230 1372/597/1229
f 1372/597/1229 1371/595/1228 1375/593/1232
f 1375/593/1232 1376/599/1233 1372/597/1229
f 1374/600/1231 1372/597/1229 1376/599/1233
f 1377/598/1234 1374/600/1231 1376/599/1233
f 1377/598/1234 1376/599/1233 1375/593/1232
f 1378/594/1235 1375/593/1232 1371/595/1228
f 1379/596/1236 1377/598/1234 1375/593/1232
f 1375/593/1232 1378/594/1235 1379/596/1236
f 1380/602/1237 1374/600/1231 1377/598/1234
f 1379/596/1236 1380/602/1237 1377/598/1234
f 1381/603/1238 1382/604/1239 1383/605/1240
f 1383/605/1240 1384/606/1241 1381/603/1238
f 1385/607/810 1383/605/1240 1382/604/1239
f 1385/607/810 1386/608/998 1383/605/1240
f 1384/606/1241 1383/605/1240 1386/608/998
f 1386/608/998 1387/609/1242 1384/606/1241
f 1387/609/1242 1386/608/998 1388/610/382
f 1386/608/998 1385/607/810 1388/610/382
f 1382/604/1239 1389/611/382 1385/607/810
f 1389/611/382 1388/610/382 1385/607/810
f 1389/611/382 1382/604/1239 1390/612/1243
f 1388/610/382 1391/613/1244 1387/609/1242
f 1391/613/1244 1388/610/382 1392/614/382
f 1388/610/382 1389/611/382 1392/614/382
f 1390/612/1243 1393/615/1245 1389/611/382
f 1394/616/382 1392/614/382 1389/611/382
f 1394/616/382 1389/611/382 1393/615/1245
f 1392/614/382 1395/617/1022 1391/613/1244
f 1392/614/382 1396/618/711 1395/617/1022
f 1394/616/382 1396/618/711 1392/614/382
f 1397/616/1246 1396/618/711 1394/616/382
f 1397/616/1246 1394/616/382 1393/615/1245
f 1398/619/1247 1391/613/1244 1395/617/1022
f 1399/620/1248 1398/619/1247 1395/617/1022
f 1396/618/711 1399/620/1248 1395/617/1022
f 1396/618/711 1397/616/1246 1400/621/1249
f 1400/621/1249 1399/620/1248 1396/618/711
f 1399/620/1248 1400/621/1249 1401/622/1250
f 1401/622/1250 1398/619/1247 1399/620/1248
f 1402/604/1251 1403/603/1252 1404/605/1253
f 1405/606/1254 1404/605/1253 1403/603/1252
f 1402/604/1251 1404/605/1253 1406/607/821
f 1407/608/1010 1406/607/821 1404/605/1253
f 1404/605/1253 1405/606/1254 1407/608/1010
f 1408/609/1255 1407/608/1010 1405/606/1254
f 1407/608/1010 1408/609/1255 1409/610/408
f 1406/607/821 1407/608/1010 1409/610/408
f 1410/611/408 1402/604/1251 1406/607/821
f 1409/610/408 1410/611/408 1406/607/821
f 1402/604/1251 1410/611/408 1411/612/1256
f 1412/613/1257 1409/610/408 1408/609/1255
f 1409/610/408 1412/613/1257 1413/614/408
f 1410/611/408 1409/610/408 1413/614/408
f 1410/611/408 1414/615/1258 1411/612/1256
f 1414/615/1258 1410/611/408 1415/616/408
f 1410/611/408 1413/614/408 1415/616/408
f 1412/613/1257 1416/617/850 1413/614/408
f 1413/614/408 1416/617/850 1417/618/764
f 1413/614/408 1417/618/764 1415/616/408
f 1417/618/764 1418/616/1259 1415/616/408
f 1418/616/1259 1414/615/1258 1415/616/408
f 1416/617/850 1412/613/1257 1419/619/1260
f 1420/620/1261 1416/617/850 1419/619/1260
f 1417/618/764 1416/617/850 1420/620/1261
f 1418/616/1259 1417/618/764 1421/621/1262
f 1420/620/1261 1421/621/1262 1417/618/764
f 1421/621/1262 1420/620/1261 1422/622/1263
f 1419/619/1260 1422/622/1263 1420/620/1261
f 1423/623/1264 1424/624/1265 1425/625/1266
f 1423/623/1264 1425/625/1266 1426/626/1267
f 1425/625/1266 1427/627/1268 1426/626/1267
f 1427/627/1268 1425/625/1266 1428/628/382
f 1428/628/382 1425/625/1266 1429/629/1269
f 1429/629/1269 1425/625/1266 1424/624/1265
f 1430/630/1270 1429/629/1269 1424/624/1265
f 1427/627/1268 1428/628/382 1431/631/1271
f 1428/628/382 1432/632/382 1431/631/1271
f 1432/632/382 1428/628/382 1429/629/1269
f 1433/633/1272 1432/632/382 1429/629/1269
f 1429/629/1269 1430/630/1270 1433/633/1272
f 1434/634/1273 1431/631/1271 1432/632/382
f 1432/632/382 1433/633/1272 1435/635/1274
f 1432/632/382 1436/636/1275 1434/634/1273
f 1436/636/1275 1432/632/382 1435/635/1274
f 1430/630/1270 1437/637/1276 1433/633/1272
f 1437/637/1276 1435/635/1274 1433/633/1272
f 1437/637/1276 1436/636/1275 1435/635/1274
f 1437/637/1276 1430/630/1270 1438/638/1277
f 1439/639/1278 1436/636/1275 1437/637/1276
f 1438/638/1277 1439/639/1278 1437/637/1276
f 1440/627/1279 1441/625/1280 1442/626/1281
f 1443/623/1282 1442/626/1281 1441/625/1280
f 1444/624/1283 1443/623/1282 1441/625/1280
f 1441/625/1280 1440/627/1279 1445/628/408
f 1446/629/822 1441/625/1280 1445/628/408
f 1444/624/1283 1441/625/1280 1446/629/822
f 1440/627/1279 1447/631/1284 1445/628/408
f 1447/631/1284 1448/632/408 1445/628/408
f 1446/629/822 1445/628/408 1448/632/408
f 1446/629/822 1449/630/1285 1444/624/1283
f 1448/632/408 1450/633/1286 1446/629/822
f 1449/630/1285 1446/629/822 1450/633/1286
f 1448/632/408 1447/631/1284 1451/634/1287
f 1450/633/1286 1448/632/408 1452/635/1288
f 1453/636/1289 1448/632/408 1451/634/1287
f 1448/632/408 1453/636/1289 1452/635/1288
f 1454/637/1290 1449/630/1285 1450/633/1286
f 1454/637/1290 1450/633/1286 1452/635/1288
f 1454/637/1290 1452/635/1288 1453/636/1289
f 1449/630/1285 1454/637/1290 1455/638/1291
f 1453/636/1289 1456/639/1292 1454/637/1290
f 1455/638/1291 1454/637/1290 1456/639/1292
f 1457/590/1293 1458/589/1294 1459/589/1295
f 1460/586/1296 1459/589/1295 1458/589/1294
f 1457/590/1293 1459/589/1295 1461/587/821
f 1462/585/1297 1461/587/821 1459/589/1295
f 1459/589/1295 1460/586/1296 1462/585/1297
f 1463/582/1298 1462/585/1297 1460/586/1296
f 1462/585/1297 1463/582/1298 1464/584/408
f 1461/587/821 1462/585/1297 1464/584/408
f 1465/588/408 1457/590/1293 1461/587/821
f 1464/584/408 1465/588/408 1461/587/821
f 1457/590/1293 1465/588/408 1466/591/1299
f 1463/582/1298 1467/583/1300 1464/584/408
f 1465/588/408 1464/584/408 1467/583/1300
f 1465/588/408 1467/583/1300 1466/591/1299
f 1463/582/1298 1468/581/1301 1467/583/1300
f 1468/581/1301 1466/591/1299 1467/583/1300
f 1469/640/1302 1470/641/1303 1471/642/1269
f 1471/642/1269 1472/643/1304 1469/640/1302
f 1471/642/1269 1470/641/1303 1473/644/810
f 1473/644/810 1474/645/717 1471/642/1269
f 1472/643/1304 1471/642/1269 1474/645/717
f 1470/641/1303 1475/646/1305 1473/644/810
f 1474/645/717 1476/647/1306 1472/643/1304
f 1476/647/1306 1474/645/717 1477/648/711
f 1474/645/717 1473/644/810 1477/648/711
f 1478/649/1024 1473/644/810 1475/646/1305
f 1477/648/711 1473/644/810 1478/649/1024
f 1479/650/1307 1478/649/1024 1475/646/1305
f 1480/651/382 1478/649/1024 1479/650/1307
f 1477/648/711 1478/649/1024 1480/651/382
f 1481/652/1308 1477/648/711 1480/651/382
f 1477/648/711 1481/652/1308 1476/647/1306
f 1482/653/1309 1480/651/382 1479/650/1307
f 1480/651/382 1482/653/1309 1481/652/1308
f 1483/642/822 1484/641/1310 1485/640/1311
f 1486/643/1312 1483/642/822 1485/640/1311
f 1483/642/822 1487/644/821 1484/641/1310
f 1488/645/771 1487/644/821 1483/642/822
f 1483/642/822 1486/643/1312 1488/645/771
f 1489/646/1313 1484/641/1310 1487/644/821
f 1490/647/1314 1488/645/771 1486/643/1312
f 1488/645/771 1490/647/1314 1491/648/764
f 1487/644/821 1488/645/771 1491/648/764
f 1489/646/1313 1487/644/821 1492/649/408
f 1487/644/821 1491/648/764 1492/649/408
f 1492/649/408 1493/650/1315 1489/646/1313
f 1492/649/408 1494/651/408 1493/650/1315
f 1494/651/408 1492/649/408 1491/648/764
f 1491/648/764 1495/652/1316 1494/651/408
f 1495/652/1316 1491/648/764 1490/647/1314
f 1496/653/1317 1494/651/408 1495/652/1316
f 1494/651/408 1496/653/1317 1493/650/1315
